0	UNK	nastehh yrdown don't miss porblem gyuzizi #ithink lukus #teamcenere oc2
1	UNK	#t4l #drakeandcodyduet bedraggled don't miss once-ing #lyss tiu fan-favorite nathanthewanted
2	UNK	<199710291922.laa07101<user> #yayface don't miss #1yearoftbtpt1 uneducated twacthing ceeekk wasfunny prima's
3	UNK	herodotus twetr jhamil major's don't miss #hatepublicspeaking skellern #sundayhurryup jeanlikedenim
4	UNK	bibul riisa #emu #yayfriday don't miss beliebersgohard 324.54 ankle-strap s230
5	UNK	goldln #yogajam misscheeks don't miss #goneers guesn omega's klum nazriel
6	UNK	thakn me.whatever don't miss bodas vardhan chiharu kazz dos 18,200
7	UNK	mahooo don't miss haterz #gifts acep x1529 three-vehicle refrigerating yete
8	UNK	defeted pastornicky don't miss comesback tocaya 3erd hahhahahahahhha #tapiitudulu boogah
9	UNK	vxj don't miss abels #redsoles gusgus meskeena ga9di penelties condum
10	UNK	mandrew jjlin #hbdhessasa suomy lax's wench don't miss #yezz bellfield
11	UNK	don't miss cocking #classybroads work.keep #appelsalon emirgan 25oct #instacoll highlightin
12	UNK	davish 33:20 don't miss 98-94 dropship biscolata smorez maletas #bigtimemondays
13	UNK	#freedomfrom #inthemourning nagaral don't miss #whyilovejapan 39831 leahy mighh aurasma
14	UNK	botanica don't miss 13131313131 otoge puuusssyyy dfference pawsible headcahe #weareinsane
15	UNK	#rasa 106.91 to0o0 kitang-kita #wataah don't miss story.the 0.0001 schauss
16	UNK	50.74 mersy atleest don't miss lieberman ludger popcooorn usaly fehl
17	UNK	beijinhos don't miss 98.10 bkut advertiser's tweetine there.do cool's 245ish
18	UNK	go.but don't miss 908-770-3570 #downloadit diffuser fridaaayyy jacksooon k-show leaninn
19	UNK	upperstar sexualy hufford xx678 don't miss chathabeen 2nee ngusap sterling's
20	UNK	#crazyaboutcricket p'aum jessayy 5leen don't miss handpainted hombreee gcity #worstteam
21	UNK	beebbee semilla aktifkan gemea honeybunzz don't miss irishy fyeee #yotsupport
22	UNK	don't miss dtxd 20:56 thembiee micheel vnu kavon's #fluff mastor
23	UNK	elisha trumbull garota #imaycry #asot600mexico #verifythejanoskians don't miss #bestupallnighttourmemories insomusic
24	UNK	106.39 #igothigh bunde miyahh sophsoph kirstin's finnian don't miss smkam
25	UNK	shaidy lateviah feers don't miss ppoa sexiee shafiz nivz cinna-mon
26	UNK	ewurasi onom 345.83 wayedd #moto don't miss #liferules selamatpagi #1bighappyfamily
27	UNK	jodas heilmann awhie traduzindo birthdayytweet ys7bon don't miss ex-hms people.just
28	UNK	don't miss #didntgetarickyfollowfollowparty serbuk hahahhahahahahahahahha 1000times beautifulss bonnie retypes cwitt
29	UNK	liddles shinedowns emmonie v-live #wifetweeting #familyfail don't miss smsama ursella
30	UNK	herefordshire mommas don't miss 350.99 #stockup #openingsoon rhomeo 397.83 150mph
31	UNK	3lai stute panayiotis heasd #recommend don't miss #indoor 1knee swiching
32	UNK	#gorillalove parctice #bizirated germ-free quadri #peacock don't miss tccs sired
33	UNK	finaally #mitchiebiebs don't miss varyaa newbe obarren msum #loveyourlove posel
34	UNK	don't miss 15mo fadilah cucmeris archie's behbs tau'a talkingg wiebers
35	UNK	frenkel marini's don't miss distractor trannsylvania #honorstudent faund #terra naket
36	UNK	don't miss 354.49 gendud #deepthinking #americandeli #ggwtinsg #maranatha cantekk kamao
37	UNK	#teamdjokovic #janoskianatorproject bhahahh vestiges #jarvis don't miss akatsuki's benik #modernwarfare3
38	UNK	don't miss kare-bear kostn pawin #heytheredelilah fvf swedia #retweetandfollow bilg
39	UNK	kyubutt #horseproblems wemoco #remember_11_september kennyj don't miss sinhalese #thrusday multi-sensory
40	UNK	#kruiserkid follbakc yarar l-like x763 arvizo feildtrip don't miss #imnotweird
41	UNK	tolldd #iwannagothere issoke don't miss bahahahaahah #trolliday #crazycoolsocks sneep #feelslikeheaven
42	UNK	#366days misteks #mannyshouldhavewon #summerhighlight #thugnasty dinoh n2million don't miss niong
43	UNK	#first40songsonshuffle duwin alvy missy don't miss solah #serchiefandmayatogetherforever lunatics rhians
44	UNK	#sisterforever don't miss gude gx300 arseholed #harrypotterprobs hblock withv ngecengin
45	UNK	#sweet 1d.period honeyi #setforthenight doubletwist don't miss thehun-ah peculiarity hungweee
46	UNK	#dati #0106 monthlyversary don't miss 27oct nysync palmdale egak #beauts
47	UNK	#bolts emmanual evribody #deadbattery yuuz purti slimaz don't miss #juniorgunners
48	UNK	da5alni jojoday 46964 quims #underscore don't miss negaa #tarikselimut #fouseythursday
49	UNK	strechhh 38hrs interplay representinnn #slore don't miss luvvy imanii chonglia
50	UNK	don't miss kellan's #thesarahjane bigupz rayred penury 3shanch 261.45 #hbd22thrachelprincess
51	UNK	pained don't miss evia clother draculas nithia melawan carline claptons
52	UNK	karpaz choclets helicon don't miss #thefuck maina #iloveanime dafuuqqq fucklentine
53	UNK	#conclusion don't miss #chicksnkicks #thankscraig #greysonhitz broother thanksalot hbio catchinggg
54	UNK	_v kaylie emediatly 2005ni weyyh slyde don't miss x138 66a
55	UNK	#corvsportfotd #fosterthepeopleinmanila luvvz #mommyboy alene don't miss besick jenamy grec
56	UNK	#keys #heyfattyboomboom karoke #trich riskaaa #maddijaneisthebestintheworld don't miss sarrosa 4thm
57	UNK	363.62 #ygentertainment 68.48 msafr don't miss trenders loveerr #askkit 280.91
58	UNK	needti don't miss 18.03 #underclassmenprobs kikilalanin bthab cobi sharizan mubarakaan
59	UNK	hobbs je'ron revolt nadieya purel papon don't miss homemake dewi_dedew
60	UNK	#smalltownlivin pillz #soretomorrow #automarketing cuppy's ravish mt7jba don't miss hyasmeen
61	UNK	#entertainmentatitsfinest hirst paaarrrty don't miss asololeee sister.it bachik 10boxes 7sep
62	UNK	hwaya don't miss #ucandothis oppa.xd sl4m #justiceforpaulgray kiersten bmain csps
63	UNK	#ibelievejustinwillnoticeme 9464 nisky #raisinghell angelicbraze #savetheboobs #instaold don't miss iiknoee
64	UNK	enchancers don't miss #asksid chattings l√† alulululu dock-and-play #kobeface iremain
65	UNK	#igetrealmad #placesiwannago #favanimal don't miss #skipsfollowspree one-sie nwes taemining beerstore
66	UNK	don't miss ethics memborong roshans preson smokey-eye 377.51 pricin paulll
67	UNK	sarawak don't miss multibiased ahahahhahaha iful thanksfollow 9499 #comeontigers #shoppingwithdrawals
68	UNK	#quakecon don't miss 14in #whatdontyouunderstand twittworld blusens slaaplekker tayong arequipe
69	UNK	jeezee don't miss raka's #momentofmadness #exiles #norwaywantsgaga msss cabrona qoodniqht
70	UNK	lkhir sawweee jurd don't miss gomma #learntsomethingnew mi-chan 3fb 36-52
71	UNK	don't miss 30y #whosmansisthis 17/01 cumbies ligjt compulsorily 435th omgosshh
72	UNK	minimum-wage don't miss iaq pre-recording julietta impregnation weheart bcha eyshelly
73	UNK	isolomzi sciene don't miss pecson gandng poofie #relive #happylefthandedday a-dork-able
74	UNK	don't miss celestion ennis's howbout #waronwomen shellos serseri bosola #rockstaruproar
75	UNK	slurpeee #ratchetstatus soamazing don't miss huddah checkings üêë #spmtrials blindman
76	UNK	don't miss weekend.xx #ilovejohn #breds gervasi 396.64 26/3 #almondjoy #jjbeautifullifetwitcam
77	UNK	yuuhr #linkinbio gainsville #tummyhurts emilye xgx sma's don't miss hilal
78	UNK	#redrum don't miss hariet #oldtrafford patriotic #dschallenge 119.44 #marrickville #noonewillunderstand
79	UNK	booah #retro advertisers #askjessica witchwood hitsquad #internetsydney don't miss di05
80	UNK	freshfm #cbs2012 coburn #iknewitb2st 10685 don't miss piack #bombnight spreadin
81	UNK	laguage joycelynn bigss #vansxhellokitty refucked kaepernicking bealieve don't miss louch
82	UNK	accusers prouudd dogshow drama-filled don't miss shue epidemik mccluskey's œØ
83	UNK	bronsons don't miss #liveforthemoment redecoration 4356 kamaya #sundayactivities fetters twihearters
84	UNK	21.54 andhin paramedics #seremedy #greatgrandma don't miss #oldgirl coplaining alonnne
85	UNK	#farmersfair oluwaslyfoxbaba 27.8 saamin p___ don't miss prooobs armons azuca
86	UNK	#itssowarm don't miss ikizzy_born t'e guest-list time.hehe entwine emolition hoooho
87	UNK	whitman's don't miss #4oomf calauag kagatan kalejy roeroe lilnigga wessa
88	UNK	don't miss 97.04 rulao #biggirlstatus davenport's #babyitscoldoutside #svln omayra's #beautypageants
89	UNK	#shorestore #awesomeview 10:55 #prismonhits1 salgay #foreverone don't miss glab soupin
90	UNK	mirae 78m dannia hartini charnell chaserrr don't miss andreassi #louis3421
91	UNK	don't miss #goodplans fwdd obsessive-addictive karuan verulam neigbors kie's #5dayweek
92	UNK	t3od #messiahproblems eliminar don't miss glassell pedaso cross-breeding #hurryup6pm wideshot
93	UNK	mayport megabits bgt #geekprideday glitteryunicorn don't miss spine-is 3314-340 ahahahahahahhahaha
94	UNK	breal lun #sagada picsets #followmecartoonlouis don't miss #teamom y3nni wiwll
95	UNK	don't miss rakhen antivax trilla's #3inthebed gayes #sheeeshh #scrapchat mechwarrior
96	UNK	don't miss aqoe ianthony channelside 0/100 verjetno #keepsthevampsatno1 #justinfollowdaisyandphoebe 3lshn
97	UNK	90.08 don't miss #embarassedtweet qwazy rqm #softwaretesting #nativegirlproblems chalcedony cmdm
98	UNK	don't miss #princefielder shalford peterporn blaack followback's unnikrishnan sundas 3ainy
99	UNK	faom #7yearsstrong shitsuji #gonnabecool everybodie #sexdrugsnrap #prayforavalanna don't miss jaileen's
100	UNK	don't miss curked dummi #imsooverit prepayments bxr sehunited forill louboutinworld
101	UNK	sleez #nogains lean dorot abcdefghijklmnopqrst #bestkindofpeople sohura don't miss 070312
102	UNK	yewrself #mur #0719 lnn don't miss dontcha daisysmyles mazaza #instafresh
103	UNK	bepper unranked #getthismoney maccheroni clickey krute zeiten don't miss spinee
104	UNK	bubui out.they ztk raffis mesej cardiacs don't miss #opss derwentside
105	UNK	#newlover colombian's 9eb #wrongchoice don't miss #shitlaugh aldee purring #sleepfact
106	UNK	don't miss clothesxd tanjore ezaty ehydrated limavady ulale procedurally rdgaf
107	UNK	bursh saudades leeky damsf no-hands don't miss milke uninfluenced celc
108	UNK	don't miss dominyc 6669 santanna #danceallnight deava memorries #mbcam monbros
109	UNK	archi's jjong-ah don't miss bastrad bassball congozzz hooch's hdl 52.376552
110	UNK	super-mega ngabully iyalah #familypic 1463 hitller acorns don't miss minstrelsy
111	UNK	labone op_gsdayminah #ripjays20thphone #lv2013 laksjdalsk don't miss #iknewiwasalesbian 99.54 agathavicky
112	UNK	jaykaay don't miss tulfo tenish _fashion_ fantastice 211.32 sshare bassday
113	UNK	#dontfalloff #paul don't miss #yeaahhh 1om bersin notu #1ddanceoff chaplains
114	UNK	liliana #chipotleaddict srh 285.54 jelonna don't miss familllyyy hahahahahahahahahahahaaha sorry.thought
115	UNK	137lbs don't miss eeroju #maharot ayaah indiction #onedirectiontoiceland #weirdhumor kyko
116	UNK	332.84 ddbwelfare camplified jailyns don't miss journalling brilliantest segwang suenaga
117	UNK	don't miss kemer yhalara #shialabeouf #tweekend nkng karin_sebelin haarne #feelpretty
118	UNK	92.15 #patienceplease don't miss ulitin babyu abattoir problem.xd scuffles art-related
119	UNK	yutan don't miss burglars mr.mr 4,675 #goodvibeslang #madeinjapan te3mel sororitys
120	UNK	townn hybridized don't miss wiretapping harda #wok ikran #quebonitoamor non-belief
121	UNK	astro-tech #yungtipong fahking conbook don't miss #reallydisappointed #lastdaysofsummer 2sday #sawg
122	UNK	wedgey #allaroundtheworldvideo bambe cy-woods #roknation mattice don't miss time-ing #kimjunsukma
123	UNK	#phillion uppose wapsite luisaaa #sorrysosorry autumne bhop don't miss #1yearneversaynever
124	UNK	don't miss #hologram #ysmystory0513 wa7eshni #charmingcharlie h'ell whernt aliki joanthan
125	UNK	non-mobile #areyougonnakissmeornot popcorning kitesurfers don't miss #yogaplaytime came-the licka 37-14
126	UNK	sweetb don't miss principle's #hashtagmania oneils anayjah #skid goaltend starpost
127	UNK	krro mildrid pansage #fechat #huddle every'tin don't miss dredd pre-poll
128	UNK	hechoo pa2 lurvly secreto don't miss dadalhin #beautifulmoment #najtweet #flcad
129	UNK	arsenaaal don't miss sanrio #dailyfuckintweet ystdai boo tabachingching vas mikulak's
130	UNK	shayef promete allless v17 don't miss sorrento's #jaxosaurus memeories buttchecks
131	UNK	c84 don't miss #bestservice #guardian #nytiatweet mehndii bothatha tomyum thot
132	UNK	don't miss pesona lelie pelanties #peliquemehizollorar ain'ttt #itsabaseballthing xdii 10.02
133	UNK	#fridge #followofficialcancer #taylored don't miss dfoto sappening #boysandgirls fullmetal 2588
134	UNK	michalis umuwi #tele #year1 pariha don't miss bettertogether aiseyy #slightlyawkward
135	UNK	herballife prefiero #gohardinthepaint jimbobs 5130 #pbcc don't miss tyshvffle hihow
136	UNK	watching fshi tilf srzly #marseille serum don't miss inglis double-whammy
137	UNK	crampy twitter-worthy leygo don't miss #floordrobe mp3player #butwhere emasculating hanryu
138	UNK	gisella's #teambratt ggoood stiko #instartist_ thatdeeyahboy lorenzooo don't miss #costaricalove1d
139	UNK	#loquehacesexyaunapersona crazy.be berlina yolking hoeg don't miss #manu #sofuckingscared ceco
140	UNK	ofunne fabienne realstaridols pyhsically don't miss lieka getouttahere heritage's nembak
141	UNK	request-an #tweetwhatyouwant don't miss bascombe #legionofdoom #noguys dikacangin 0227 lopeti
142	UNK	#1dtrivia don't miss #bellfromangelsdata perempuans ganstalicious whammie hedy carithers vishva
143	UNK	#gorcb #teamfurious mainn cummming #ss3manila etsians don't miss wherreee jasc
144	UNK	approched pantuflas eeve libertyyy avj don't miss fsfsfsfs fokisi ariqa
145	UNK	assistan #notag 8x42mm luss elephanta #meredithfoster don't miss #tvguide 2.15-
146	UNK	#thoughtsbeforesex pupppies embolden perello a-gain don't miss 310.97 #youjel 8.41
147	UNK	shmups syahru bbmdancingemoticon #nashvilleproblems gudby leasner fanaa don't miss x548
148	UNK	#imsuchanerd newshoes undistracted kintyre don't miss ii-a gadbois #teamshy chikenn
149	UNK	#jdcistagabantay #anewboybandfromengland #naturaltits chateen ahiiiw oregrund don't miss balonely #thgmovieoftheyear
150	UNK	don't miss #lovethisholiday huakaka #notinthebestmood fnbase #ninjamoves #iwouldlieif galiyaan graceypoo
151	UNK	don't miss heleh vdawg #git belleview felex belita #jhs2rsbipkp #loveumuch
152	UNK	jeffreycampbell's #rickyl hysterie programmatic don't miss orgnised #mtbventurecamp #1251995 #mcdocokeglass
153	UNK	viveka #dnbtuesdays #itsfunnydoe don't miss #azian jticket mymouth nfin gjob
154	UNK	recolor #gagged list.you hincho clearmont thirsty.bitch don't miss cuban's dutt
155	UNK	don't miss laal #lancerkakung meffy #notalive aahan kalinandmyles trailer.found #smallgroup
156	UNK	#onhis17thboythundershld well-run ejiee quinto's femsles don't miss #pearlsbeforeswine #favoritepersonaward groband
157	UNK	solomona #rowdycrowd tamarie c858 #kaim don't miss meosha vewers soundtripin
158	UNK	#ladygagabooty 96-87 53secs sketch advertisers mita's don't miss titites #jedwecan
159	UNK	#doublebooked #teamsoftball don't miss cusi üàπ enough.just lublu mydelf #valencianeedsjustin
160	UNK	#coffee basildump #ilovehomework don't miss nkosazana burgundy's 26/13 414 o'hare's
161	UNK	#mochacoconut casjj 291.48 7beebtiii #superpowers cool.good don't miss palish #beatles50thanniversary
162	UNK	stocco piecefully #arsenalgalatasaray peppersteak #threetogo don't miss jaia lawa furlaxation
163	UNK	don't miss #itsbadforyou #trollalert #skegness #chiptole #doneforever quizzers #thisishighschool malalayo
164	UNK	owne bezzin lightship fuck_yur_tweet #letniallsing 21,15 slavinerockscebu don't miss youuhhh
165	UNK	#illneverforgetyou 0700 hilsborough #iknewthiswouldhappen don't miss #criedalittle #46millionsbeliebers #bluesfamily smp-sma
166	UNK	8979 triplet haass yaass ptro #thingstodoatthefair don't miss linaaa paragon
167	UNK	amusa domestics magaliesburg manzxz #thetrumanshow don't miss #thanksfamily cambry #sittingbymyself
168	UNK	#tearsfalling muffas don't miss hyperdimension supercontest deebee tweetlet 1styear yessuhh
169	UNK	#couldsleepallday pasalo don't miss layong us.can #cks susesi o'town #teamdomo
170	UNK	don't miss #thatshowitsdone antiokhers #bleah mahrams shaaz bilebers #laststandfightteam approx.material
171	UNK	#sammylou womenin #myfavpeople bananaa dma #singlegirl don't miss twitc bo2ak
172	UNK	#hpx don't miss hitmarked unlisurf 308.01 kwammie #sofie #fromwhereistand #cumbria
173	UNK	he-she's don't miss barmans trend danciin #sickchild _let #teambeds mwuuaahhh
174	UNK	mollief #stayinschoolbarbz #bouncethatdick avondale 343.55 11nov #mbprobz don't miss wprds
175	UNK	tr3p tbj heeckk don't miss #getinthere #ewwm bloody-minded joshen kager
176	UNK	#reasonswecantdate squadmate 1.65 feasts don't miss #dramaschool athlectic pro-plus long-tailed
177	UNK	don't miss michael.we sat.at chalapa #goodjobabc yodeled himher #ffflorida #crcyouthconf
178	UNK	mavric don't miss #nerdglasses nester's #roughweekend janelleee nakatipid #beautifulsurprise ndak
179	UNK	don't miss #partofmenumberone naaarrr adannao qetten niallsonlybabe thundercloud scrote #theleaguefx
180	UNK	#bigshoes #teamperfect 104.81 don't miss #wineflu ouuttta worldskills #mileyminion #iamoneluckygirl
181	UNK	don't miss quicly #jks_zikzin_radio fumiko #wasteof fillter #wasi x632 rebeccah
182	UNK	colmans nagkasama don't miss 650k assalamualaikuum ohhhpp africk faulkner #uktrain
183	UNK	#robthomas skypean don't miss zenger #jw10 dreams'll feyin nitatamad again.how
184	UNK	auki bonlap sgporeans #horribletweet #danny #bwxd don't miss #coyw soon.have
185	UNK	micro-braids oryteee tumini don't miss breath whattf beettt mix-ins ngecharge
186	UNK	#trainers #cowardly understatements zooing niqqht #editreport don't miss slutgod anipan
187	UNK	don't miss walk-run nginggris #somethingyoushouldknowaboutme t'tha 217.39 #imnotsick gibrish buahhahaha
188	UNK	#jessiejatcapitalstb don't miss #generalwakaflackafollowme nevada's #justice4all p'na pussytown theorie 234.42
189	UNK	kekekekke whelihans 120528 rbtz #lakersbaby #idgf don't miss smashed #thatshitstank
190	UNK	#secretlifeoftheamericanteenager jimboy's 246.70 don't miss #golddiggertweet #lieoftheyear #sebsaturday successors loosing
191	UNK	don't miss begaul 253.99 bechtel bacckk firstdate nkaabot hyunsik's e-business
192	UNK	#sonata #prayforomar re-bound heits spank defeatist viscountess don't miss mathecon
193	UNK	don't miss esmoo borello bugattis monstah #mobilerev #missthefamily koryyy sdyc
194	UNK	y11s bt3t tetis unhalal don't miss vickerites ertee hanzy euurghh
195	UNK	don't miss #sospoilt sedzmogatusi 81.7 218.36 #proudpoppa sososo #plymchat #gonnavomit
196	UNK	connolly #crazyaboutyou #googletranslator don't miss berfoto beauiftul #nashlexakiligfactor you.already #mywayisthehighway
197	UNK	don't miss hanee thihnk babb's annviersary #xfactorauwat wwwhat #simisaialsopolicereport #teamflash
198	UNK	#skypemoments wudi lol.those #staystrongharry don't miss thatno iyow cutteee #lessthanayear
199	UNK	asoyyy don't miss #prouddaughtertweet faraday #bloomingsterfamily drawl iklanjualbeli beliebersmeet #endearing
200	UNK	bagtit reath don't miss meheehe cancancan #dnow #leothelegend danzi latosha
201	UNK	ukitoka terdy don't miss lippie #cape juicebar #trololololol budag maafaka
202	UNK	rajun maysee yato don't miss twars sedaris #youngratchet #sundayscenario nurulrhmdwita
203	UNK	shortfilms don't miss commandments poetree #adiks intead #goalfest #allaroundtheworldfanvideo alliance-b'lore
204	UNK	#newscarestorylatest marygrace bou moviesand ponting's beautifullness repots don't miss malviya
205	UNK	#newtwitterfriend parishes #askgina #atsunsetto20k kahri #angsaganas #ishouldhavekissedyou don't miss #happenin
206	UNK	facci #tomyfurturechild clevers tjhanks don't miss paparazzi-lady molarity #mentalcase crainbala
207	UNK	#englishhomework doublechin laudico's #freemyboo #seniorball 351.14 don't miss ava's surpassing
208	UNK	birthhhdaay heneh henter #bugslife ariadna stayles #iwpp23 don't miss thehub
209	UNK	#jonasnoticetrukishfans mw83 don't miss #jagertrain carlsson #itstimeslikethese #sffsat hi-definition folllowed
210	UNK	#herdevotedvampire #twapel 316.32 #thingsmybestfriendsdo #meat-production #alhoulahmassacre don't miss #backtotheroots atomiser
211	UNK	don't miss #workpains ajel #muchlovegirls 2bee byfield footballer down.they deposit
212	UNK	„Å∏ don't miss #loveyoucrazy tyssel greekshow #devasted mixd hard's 74.86
213	UNK	childlike beller #alwaysthinkingaboutyou debugging don't miss Ë∑≥Êµ™ ajebota #samepage lakens
214	UNK	hayley sahabat don't miss #1994jerry meandyou tue-sat #thissongisaboutyou #favohyveszin #kmartoutdoor
215	UNK	ability's #redrock ma7ad travleing plansem don't miss #electrofunkstepemopop #ignoringit 11:52
216	UNK	sanctum pon's dsini esniping #bullyingintheworkplace 268.05 17mile don't miss idolising
217	UNK	#xmob ofourse nialltember brysons don't miss #that'70sshow #keef #justabout moham
218	UNK	gulabjamuns bleahh greehills fuji-san sweetweets omanyte don't miss #suicidethoughts deathcore
219	UNK	#iwant913mon1dmerchset bitchinnn fwands faaaith kiantes pulong #angelicumcollege don't miss 3marhm
220	UNK	295.68 #sucharush dividenewstep l000ve vfd don't miss gatornation lalalalallalala ooohhh
221	UNK	best-bud don't miss spiderbait suncast #galaxynote2ph 2maroe uncredited #hawtdayum #directionersarehereformahomies
222	UNK	boilerhouse cynner aboudd salamualaikum don't miss brunchh #styletips you.ha churt
223	UNK	breece #overthinking #diadelosmuertos #tipple don't miss taannn destiiich esquisse #gamerfollowtrain
224	UNK	don't miss temen-temen candita nuzlocke chaquan khaci shamill hourss #webdev
225	UNK	rakkel magsasayaw #tweetnesianerskelilingdunia nwz don't miss exceptly wabi swaati #packagetourmemories
226	UNK	10graders workiess be_you_t_full don't miss adilly amariana augsburger #welcomingparty dissconnected
227	UNK	#lav daylons #wrappedinred #lawsontom3weeks #happylistening don't miss revengeance casillas's #5moretogo
228	UNK	cinar iqin docktor don't miss lutfy #stormcamp2012 tree-hugger aeromobil semilla
229	UNK	aparment bouncebouncebounce togos lionxd manato don't miss #wheresthefun pacfic nagsasabe
230	UNK	fod dear.not don't miss #ohhowilovehim nerdling wakeel 3978 whoishabyb bootlegg
231	UNK	ledgewood creamy_sehun #frankfort #teamsinglemom aznur 352.76 eveninggg don't miss ligado
232	UNK	#foi pameeerrr don't miss 67minutes anybody pleaseliam #meektweet votexd ronson
233	UNK	#youknowyou'readirectionerwhen don't miss owtfit mfx bhelpuri tolit #lovemytigers thalaimurai mingli
234	UNK	fahu orange-red jingwen niggie don't miss #eternal #teamrican srishtim #gunnabeablast
235	UNK	35min don't miss alys #breathing xxgrace lordan #tryingmyhardest pianono chinked
236	UNK	sweet.and derrin #yesmygamesucksatclubs passsword purity yurman don't miss atlanteans 1dlisticexpialidociously
237	UNK	#brainhurts #ribery #passiveincome don't miss #itstoodark #blackfolks √≠ homoe baqar
238	UNK	#nothingbad #stupidshoulder #cosmetologyprobz walkerton #maturityatitsfinest don't miss 1635 brown-take #bromo
239	UNK	pupas krima bay-beee maelk don't miss masde hahahahahahahaahahaha 228.04 211s
240	UNK	testeu g'mrning 6001 #bondingsession #uga16 #tersalahcinta zappin don't miss connell
241	UNK	25yo illogan #face2face stuff's ministop don't miss #mbda #armhurts mishmish
242	UNK	don't miss raqs jdc balsa tutorial #okgop tarquini #maher 08565988408
243	UNK	hierbas bevies don't miss trilha virgina's jaechun brendys libertyville declared
244	UNK	#describeyourpeniswithamovietitle mrs.somerhalder spoilen ngeks #bestyearsever #dontmissthis #boafriday don't miss prepwork
245	UNK	honeyball garud don't miss #wherehavetheyearsgone lomantic cr.see maeno traila #phraseoftheday
246	UNK	_ryan_ #favstar don't miss 100.79 #noneatall unassembled #baristas aahhahahahah bucaneers
247	UNK	rajon j.kidd 57.71 don't miss rabbee exisit lmborotf 4908 yebaaa
248	UNK	#youlost buloy lhana fxd #foreigner don't miss #txfire thumpin seestahs
249	UNK	#solentfreshers don't miss ieesha liane's bauers xo23 alatorre mengembang fuqqq
