0	UNK	ngan 360.27 f.kin #animspuyol haram monpoly jasmit maaayybbe y0ur 108.13
1	UNK	#dearmyrtle whaaatsup show's #tanda oleku #happybirthdaykimberlychia haram #arnavsinghraizada ahkye #respectkatrina
2	UNK	#happybirthdayme lukic _gibson_ ayuja zidd haram #vma2013 barcrawl ngempeng aquo_zzuyah
3	UNK	#farewellwestlife townrt name.but haram w.family #rnd leuy herrington homegurll #volleyballsolutions
4	UNK	117,00 amusent #nowait tabrik mbmerch plb dionesia baskoot haram #casparlive
5	UNK	reinsfelder forgottencotton kusam haram wan-chan phwooaar mik #hellokittyswag bopara #unhappyface
6	UNK	#toopicky #yourfavsong #letsfcknvyrt followbaqq achy-breaky haram #familymeanseverythingtome madhead cheerific #beautyblogger
7	UNK	#bigtimes emberton royia #indonesianfan #taxseason bummest stanson berlive haram fuckxd
8	UNK	bullimic minorty atmosfera #saveheyarnoldtjm quinessa raanee #bigheaded #urayemeniwhen haram plleeeasseee
9	UNK	ludden #conorsundaybrunch papauso balasco jasis ghalib's flings 4protection haram cartiledge
10	UNK	mofag tawnie lancers shandi ke-dollar bealived pipes #instantf haram xbrahhx
11	UNK	snickas gjineta barneyy wivu mag-aayos prescriptives haram falc riverhawks #icouldpunchyou
12	UNK	13:4 colgates haram 3553 cacahuates damneaa faacee fantasticly zaayyn #042
13	UNK	shayne haram beina #fictionalcharacteriwanttomarry 90mil forcefed sometimesxd rifey #tweetlikeakenyanwoman #boyzhitboston
14	UNK	bwebwe s-scary triggery shuker dockville airhead haram youtweetmyface juppp 22/4
15	UNK	#bodycare #somefactsyoushouldknow #inforthekill #bringjillbackonxfactor permissible dekab #gopconvention haram northphilly #bardo
16	UNK	rosey's foister #ijustwantit haram accueil rajiun #deadtweet upraised #h2p smiiiles
17	UNK	anel's haram mr.been #mmmsexy zsolt ssfm #iwouldhave #pickmemrgenerous estuvo tulang
18	UNK	country-like 474 65wh mzimba btday #ripjohnlennon haram mamypoko preapering ac740
19	UNK	#keepyourheadheldhigh ‚Ü≠ gratia a-b-c-d-e-moji haram 3stripes #garry #reminds 3470b #haveit
20	UNK	x379 urfit song.and shahama haram twittaholic progammer inuits mo.you benergak
21	UNK	yiippiii haram blowys #cantlivewithhim sequoya all.see nabber fouch bllaahhh forma
22	UNK	atikaic moise #stripteasegame peevishness cornells haram wedgieee #letthemagiccontinueg2b eungjoo faashow
23	UNK	haram debentures nacimiento k-anne creamsilk #teamaldo woopies murderously flashes #noschoolfridays
24	UNK	unctuous haram ngingeti #1dcometocostarica #nobis 2catch mashallaahh gravatron #followalexiaonline hydrogens
25	UNK	#091012 #lista ahahhahahahaah witchyall haram #diamondgirl pehape 333666 ahhman potbellizes
26	UNK	knalan #yees #byefacts haram #keepcalmandcarryon clippers-lakers 338.35 layins #letsmakeitawkwards #beatdecatur
27	UNK	room'll #hoorayforme nonopolli co-shawol #ecu16 #fatissues jasiyah menstrual haram tagus
28	UNK	#alwaysafan apinis picate #nationalheartbeatday sxxd plesae haram 241.07 electronica's fithing
29	UNK	#peers juegando gymnademics 4.8 tayyeap 320.64 riter haram #youandyours baite
30	UNK	spokesman humums lobsters moonset lollicock ashufk babybelly haram #badfood ncut
31	UNK	haram #dutchtwfanmily coffeetoffee mid-yr #hbff yearing a'sha mro welovejojandjai grogginess
32	UNK	0803theyoosu skian 346.04 #austinshowusyoursmile educity #fridaynightdate ill.make haram fawless cck
33	UNK	#iveseeneveryepisodeofawkward operah #goodnyte #smileing a2oul #grammynominations haram cikarang ketemuuu para-snowboard
34	UNK	thingysss sepedaan largerthanwords mcgarret haram #reasonswerebestfriends shittt illeana #jym 1.heart
35	UNK	mr.srk #columbusday np-ft haram #lifeofacommuter #beautifullifeoncapital #angelhaze ebox #va2013 widout
36	UNK	master-gardener toncilitis group.don #igotwater lisiting straughn haram al-ain #respectable canlarim
37	UNK	bfheree babiea haram toweling #corniche primeros nagcall publicserviceannouncement sonata #yungnation
38	UNK	#thingsicareabout #3yearsoftwfanmily #mainman wagan ayris belgazma #reesewitherspoon haram #tcm irn
39	UNK	cheezer #jamespleasefollowkarolinamrr #july17th #gc13 haram twoddle farlow #anaproblems pacesetters sorried
40	UNK	18b curryy haram cindirella lucrecia blogg'd inaayos #pickupyourfeet djtre 38880
41	UNK	#ootoot #cotc downey's #wek juliettt rotana guire cooltastic haram saltrum
42	UNK	marteh #personalchef #wreckou #momdad haram #mfk sulha love-based magtetest republicans
43	UNK	hotelbf nene's #cutofffromtheworld #soreadyforfall haram toblerone's natsepa #fighttilltheend herzegovina ganapati
44	UNK	haram #aksliam g17gold #notenoughhoursinaday 266.07 #frozentoes #newat2 waist nythaaciel #tiffanatic
45	UNK	sloppiness constrain haram beautiful.love kenderick #lap #whatwerewedoing twitbuds annuhblakely daezja
46	UNK	#playball #weebitch hfy laptop-ing llooolll suene queensborough pinkpearl_xx haram whoaaah
47	UNK	mauricia #brettkimberlin #whatilove pinost #akmal haram kandil 6576 #iwillrise #lolol
48	UNK	un-sick fara teshawn uhoo smooosh haram #tweetingmachine #bestfriendconversations dayyysss fleur's
49	UNK	haram bangcaster qm15 vya #babymama #hazard #soundsold 15888 hrth princeyy
50	UNK	surender #scorpions 9pound espinosa's b'g #thingsneversaid scallopini marcoo haram 754.8
51	UNK	#pooralfie haram #goalfor2012 regensburg #ukrainelovespoland kjersten #thingsiloveaboutmiami #flawsome pfe winery
52	UNK	unitedd #soundsreasonable child-like a1a #50thingsaboutmyex juniorrr dotas haram monsaudu #happystatus
53	UNK	crink zorinsky haram caaall carties #campusrockconcert #chuckster 0kayy ss4japan glitsticks
54	UNK	haram wasz #somo #youreablessing #schemeteam #voteforonedirectionatvmas #thegreatunmute #b2c tomlinwife riduculously
55	UNK	teenages #lolmoments them.let #nrlsoucby dibs yasmineabdul wenlock agonizing haram rangin
56	UNK	vandyke #shagaluf haram wuc tiitt bridgid bhoud tenin fatboyz say_mia
57	UNK	#cakeforbreakfast 18pcs #notmyproblemanymore everast haram #ilovemybed roby_juniors taking-off delokane granneh
58	UNK	novina changesss malikee haram vlg #releasepapermassacre matagal #sugarcanevideo sadism evra
59	UNK	1shs onyu-kun 9.55 aprilaire awwesomeee wpnt haram nifgka #walkofftheearth whoohhh
60	UNK	haram bebel hayless tyelo #dearpacar ahemdabad trem fathan_mvp #celebtweet #evenmoreawk
61	UNK	haram e5tbarat bt3raf urusin 15000 wildthang daring-est cotopaxi #teamanwar #forevernalways
62	UNK	bubbels bummerz apongebob jugend appologise 3dicd haram too.very nicle mudia
63	UNK	#parrtayyy #followdustydacat goodbut haram 21cm kulambo buggered #edmundsays 351.81 #midweeksurprise
64	UNK	ajme honto haram #jamesmaslow900k #tgtr81 sanish 57.46 makatiis wickeeed 69skians
65	UNK	#twatfest italy-germany tinta sahurumuzu #listofturnoffs wauwww allof #hangoverssuck haram stailo
66	UNK	loveos haram daazs j.depp tourne wanti #upgradeatsmdasmaaug18 diese xmarah tannnk
67	UNK	haram llsthis fukkz hollyway #condominium dalarna #bringingithome #turntdownforwhat booskie's #pcbound
68	UNK	boardwalkempire #stager minju wondergoal lelia pumpkiny #seanlowe haram hafzhan stile's
69	UNK	#makeupfreak rulers rifkaa satifying #letsgotribe speedman haram #thetrail panckes #nosleeep
70	UNK	haram #cantblamehim #colombo swimed #25millionmonsters #8years #fairenough throwbacc #irishman yhiii
71	UNK	terfaktab kavos 3achan haram #champo aaho #froshh giocondo 2bs #iwanttomeet
72	UNK	haram withpain notyet #synystergates #jennivive reaches thook thaink chabi ni-mh
73	UNK	awesome-so #scarekingdom #thatwasafirst obasi haram #couldntlivewithoutya #riplane loveback #morningsextweet #thankyoupink
74	UNK	7akteeny histaricly tklmene haram crashplan #amazingdayy #awesomeweather teshaun sciglio artifacting
75	UNK	#sirchief diabaikan pjj haram redick shiiieeet xanex syakirah #whenevertkncash nvggas
76	UNK	#wontbeabletosleep hurt'em #dontretaliate yamia haram nzu pox #westandbysalmankhan everett 4mj
77	UNK	#twasfun haram daisyyy #bellabootcamp yansell 3460 tri-wizard whoooaahhh vescimini 3548
78	UNK	08571756034 perfeck u10s prettieee #alarm fluffyharu rangeview haram #rtimeisnow handphone
79	UNK	it'not bala'i haram changyeol #thirstagram #icandateyouif tohya swackett friendzones #sisterc
80	UNK	crackberry signalll haram slouched mckey stinkface #seafoodisland wonferful dalne #inspire
81	UNK	bdh rist patski #spreadingpositivity haram #yourefine jeffree #fpmostwantedtour ucul scorp
82	UNK	pupunuin #tedxcairosalon content's 278.88 s.th haram #verifyfadedchris unglaublich rends qir
83	UNK	#whataburger #followmattlapinskas panghimagas hlt haram wadts #idontneedlife #mytypeofrelationship #ica x-art
84	UNK	burgerrt haram klainerrr koogi try'na drizzly ancles #comadre sanded 0949-4345239
85	UNK	kibra #goodmessage mofle brens already.why #youropinionisntneeded eighteen all-conference haram bnds
86	UNK	ackh wowiedeguzman nodnod elhamdlelah ryeongdoo haram #themooreyouknow naid foggys nshuf
87	UNK	antwan #ukiss4num1 #mondaymusic ohdamnheshot #replacemovietitlewithnephew mense #evl haram #letsgoindians p-dubs
88	UNK	#fangtastic bnease #policy interact's yahman bubbla -5.30 goodnytie haram #kardashiannight
89	UNK	#iwillalwaysbealittlemonster sommelier #fanswritesongs grossin l8_vav9 #notcoolyo #fuckinglivid brossoit haram balbi
90	UNK	#supportpbs haram +8.0 gerak 800followers clothesand #hateexercise ce-lo reconnection #throwbackthursd
91	UNK	d--n #sykesonxtrafactor beeello gapper tondon #washrt haram soo-man baeless 4clive
92	UNK	capatalize #mindblow minhyuks playpin ropeway giffin er'body gegee haram #antifans
93	UNK	#mangu romanelli haram friens niager blaccy cinderello #lukasiakmaniacs ar15 #thecolony
94	UNK	gs600 haram #cir puroy #repeattomorrow 22inches t-hubby #tanktops ranran brochel
95	UNK	aintee #lisairwin #lifeasanathlete adivinha satw 263.69 co-direct haram roloff z101
96	UNK	starstrand unseperatable ja'lees haram 64.65 #rut tlls visisted chalupa's brushers
97	UNK	#itsthelittlethingsthatmatter #happybdaydeniselaurel #thoughtyouweredifferent 361.04 321.55 haram #destined reign them.have iconemesis
98	UNK	moranda's smbrg marketology #rushersareproudofbtr 1491 azrf haram #shoootme mr.bean expulsion
99	UNK	plasterboard chelshitt god-kids ignor sexyvoice haram yes.because bullimia #bbccomp11250 meerry
100	UNK	mrs.weasley ohmygoddess marja haram pag-cheer #ezrians kaiara spees dzifa #broxiwindup
101	UNK	restpeacefully #badtour #adonmagazine ledden haram interwebular muzac #typicalfemale 4260dvd velveteen
102	UNK	pensioners ahahahhaahh #daeetweeting felsefe parra's aimon haram deike my.point #howtomakeafemalehappy
103	UNK	cuffies swooonnn haram shaia mr.griffin #kpoper atlll chit-chat #howeveryouspellit qanat
104	UNK	#thuglifebitch peyekk maola haram #welovetomhiddleston drubs citayyy #theboardbox stagedoor #fishpuns
105	UNK	haram #rachelzane #wheninarelationship #majorfan #ravelife marque so.we winski baltimor andreanathaniel
106	UNK	akila cupra #salvarelartico siippa #ifeellikeimdying lunas #thingsguysshouldntsay haram xoxoxoxoxooxx lunchers
107	UNK	#oklaed haram hdms #nextyearforsure muaahh perdeu #prayforstan ariip <taniwha> g0odbye
108	UNK	vior #idontlike novelists #doitanyways keaten haram minitoons #holidayscents leyte #likefuckit
109	UNK	haram #procrastinationproblems gettining quaddd tatless ucas #confusingiknow 390.01 hodnett #minirave
110	UNK	xxoxoxoxoxox yekhaleek interestingness haram niese weeirdd kagapon maseh zainul jackx
111	UNK	#300k #bebacklater mr.flintstone #umn17 asda #itssaturday #ripmyhairout 33.1 haram quackery
112	UNK	#frozen haram lol.get tawi xan't #howling wdrb #182friends mekayla's 942
113	UNK	haram tonight.why matigil crawly shapira spfam hi-c #dollamakemeholla #charlietheunicorn 106.84
114	UNK	haram whodoesnt justsamli n15million nuckols pinahiya miste nakakamangha inchers #teamgilani
115	UNK	#asabutterfield 3aysheen lierac #sweatraglynn haram quid's jay-jay dawdaw fally's xmbb
116	UNK	12midnight diposisi psychofacts breyohn kuroky oriens #outie salkkarit haram lakad
117	UNK	haram flaggies üè° #b2utypromotion self-flagellating 470k akhirah #taareyans overdueee boooa
118	UNK	sj_gentleman #perriewelcometothe1dfamily sg 210.62 pegasisters party-ing haram 4.then ninoshka 3054
119	UNK	#he'sawesome haram publicare tersangkut gonnaget jinky malteada #webgem dilag terdapat
120	UNK	#halstead_idscf haram aakriti #pti4judiciary mathare #exitconv #newdrawing deimante #watevs #muttan
121	UNK	putadas ammeennn selesnya #goodluckgagalooattheromaniabtwball #engagementphotos self-test thankzzz haram dogzzz #defective
122	UNK	madface xpayah jus_khanyi plaited granddaughters #technicality caaarrreee haram superhighway #ayy
123	UNK	kinsan flaxman e400 haram freemovies.to noumty quizzical personallities g'kar #avignon
124	UNK	up.congrats #scvolleyball cigano tvcs 13/13 6335 haram prambors tudoo bogoshippeo
125	UNK	hqn burkely haram awereness bonze pilate's #faceplam #nv4cir jayzz #flaterry
126	UNK	dragas üåÜ #infinitesamconcepcionalbumtour #proudsupporter #sillyduck drunx haram #dadddy fine.all #feelingbroody
127	UNK	221.22 tatalino stoller #givemeasignaloutsep16th starvo karlicia 329.84 haram kabaitan #favorites
128	UNK	#ftr #g8waytoheadway kelseau haram katnisses conversaion caaanttt #partiesonparties #aaaye bpac
129	UNK	#greenminded aftershowparty arihalbkram baby'n haram bl3b bason b-nasty #greatstudents nzbt
130	UNK	bojos haram #yahoo's jzd #channel7 akiid #letsstop winnits 254.13 w.walk
131	UNK	#chestsunday afnie #positivewomen #hesgotjokes #notimpressive haram 66.73 #gmd #uaproblems #billsgame
132	UNK	shelooks haram youra cuppat buckelt crunchynut broseph ify #onamonday vosss
133	UNK	owwwa ino-shika-cho #sleepitoff #gratefulgal nagkaboyfriend #suchagoon motaz abgohard haram workfare
134	UNK	haram _87victoria #thatsjustme hyuk.dong.min hoits #itsgonnabeagoodtime -1105-1 dilshad #somethingigotalot ormond
135	UNK	wowoww #teambirthcontrol ckckchikz #itllhappen watsching #sept5th omowura haram d305658t courtnea
136	UNK	makethis #teamlp #unbiasedopinion baffs allegra-d haram anjaani mceachern's yaum-e-ishq-e-rasool yemma
137	UNK	500-1000 extremis senioritous quw haram measurement 45b #chickenburger soccergirl dodododooo
138	UNK	inherit leanne laze haram self-centred flock-lined sabita frolics malbas frieri
139	UNK	rtthundafox khaled's strutters haram uhuuuyy 7abeebee brehanna hunx #tortuga #essexderby
140	UNK	haram onwardss #favactress kardashian'd x-rays 5820 protester acosando first.let #betterbeworthit
141	UNK	bismillahhirrahmannirrahim ynhi locely #catholicproblems zentyal actinnn lhha tbean haram wejo
142	UNK	yeahhhj #ghettoandproud haram nopita lwkmdfh revisng #bbchockey hanieee secretley #prophet
143	UNK	nasarapan 29cc772b teaboy work.have farq #bringmewith #kicc non-heels haram waq
144	UNK	#offtwitter noyra #cheek aush #likeyoualot flcc attentional haram #bmws #teamtavares
145	UNK	#procrastinatorforlife #happybirthday1dfromslovakia mayde dudette #jypnation #nsu16 #readyfortakeoff #bigshoulders haram #durovideo
146	UNK	#photographyclass ngeboo understand.you #mytuesdaynight ysterdays 227.98 haram laughton newsome #stevienicks
147	UNK	#befftaawards okesiiip #welovejerry haram odosa iveta's saltergate #omgyahooawards #800kpeoplesupportnaya #twoinarow
148	UNK	#braceyourself #dontcareeither #2wins a7bkum mper fthat tommorwww falda haram sorusuna
149	UNK	haram #devestation today-looks #musicinthefields princessa's #farewellwestlifevideo kiiyah #footballferns staycation oblation
150	UNK	basspro qeez #menwillbemen #100kforpenshoppe 120317 haram couple-name #celebratedignorance listeninqq cuznz
151	UNK	dadyal hofefully #nomath #guwap haram #coolppl questnz #sadgirlfriendtweet #wordstothewise timoho
152	UNK	undwrstand tricked #beatmedina heaaader haram dfsf 105-107 preetiest gealic ni-mh
153	UNK	haram vulcun brownsfield static-x #ldk streaks suck.and 388.77 cnvince japanese-style
154	UNK	3,290 s04e19 #janokskiansmusicvideo #ukissisamazing #tbr2 brunchy haram enacted tib virging
155	UNK	bootneck haram hodgy's anyaree nowere askjai karlein dermals directionersarmy mrs.george
156	UNK	gluesticks kelliher #gonnacrylikeababy tawhh aments #theawkmoment haram treaters dldndkslnskejd iffollow
157	UNK	smoked haram schwartz bkee suisun sabre's #shineemusiccore #creamers2ndanniv #warchild arhi's
158	UNK	swapsy #bacontits haram komsas swiggs #happyaccident rollling apdta #westfield folge
159	UNK	#therealmccoy haram #i'llhaveanother rahila luora #marcanthony #bettaworkbitch obssed encontramos malana
160	UNK	#broadwaybaby daylo 0079 southbo haram blue-eyed-dark-haired #ryanguzman fitrian bueytahan #hydroponics
161	UNK	atticus ramahdan #salutethetroops blessed.god lavalamp #etighi haram #kathnielfansfollowg2barymabscbn derection grimwood
162	UNK	periood #iamhome 4lyf3 gilaxd mid-season hatttin #droppingout kayoote haram post-colonial
163	UNK	azam's thankyou.you oanly haram tefollow then.she kutsi tweepss goali'll laoshi's
164	UNK	acticle 0vs furloughed holda #69withniam haram nessas badillo #4441 #youaintevencute
165	UNK	azimiz dalana nagaaway haram #350ppm fireal b'ap wahum belgrade ahahhhaaha
166	UNK	#concussionprobs tyton gilipolleces #spani fattyness 40t haram nagfifeeling zoei wath
167	UNK	fureys #tiegame pilling ilib #letsgetdirty byeboo seds #1040 haram botter
168	UNK	complely haram thoow aku_jujur nari's paling #teamheather #royalvisit chilleen fete
169	UNK	#adayearly haram jambul bullsh_t lund ahahaxd forester viant cnth showgirl
170	UNK	okines haram tumoro welc'm sushine bassically 20tweets ng'rt chalgf ashlees
171	UNK	74.17 uqlyy #iknowthetruth idayls's haram realizied blurrycam event-on sengku dover
172	UNK	2745 mamosas butshe jimmer a3mlk haram daal 00:20 noess exciiiteeed
173	UNK	272.25 roloo haram heyd hershy's #losingmyreligion #brookwoodwhereyouat eperibadeh ynwa amin.thank
174	UNK	#heartbrokenadelaidedirectioners #0510 jeje haram hnngh #worstthingtohappenwhenyoumeetmb #crowdpromo #gotshittodo takos #hearditall
175	UNK	magues girlfriendss haram hwayu geyen viionaaugusta splt battyfish teratai shittter
176	UNK	sixflag kinda-sorta delay's riot-ready haram aaahhh #mentionsomeoneveryspecial 102.33 presser #lovelysunday
177	UNK	ayie's #wakefieldhour 3amlen #roadies9 socialnetworking feyonc bussout #mutya haram conroy
178	UNK	sifah haram 4q mooses mundelein mahan gatar tnchu to2a soull
179	UNK	akit #confidential o_oh haram qmusic #tongues xoxorinna #hurryupdad gabawa riverpointe
180	UNK	garces 08772192451 #timetocomehome #backatittomorrow #teamdude rolz welliton haram ksks wholeet
181	UNK	#happybirthday1dfromitaly tomaz bao ma-send nhos pindahin 79.22 ballston haram afrade
182	UNK	559-546-1000 guffaw haram saadon #imissmylife 49.97 #echs 1thn dispressed #leadgeneration
183	UNK	filippa haram overloaddd rbia lileep #amexvirginamer infestations druk szr o-m-f-g
184	UNK	ng'twitt #hurricanenation matute #teamvamp Àú lanq haram #soothingvoice justwakeup novelis
185	UNK	texes #onestepahead haram #wemissnashlene hollington zendcon unfortunat carolinaa female-only nernerner
186	UNK	#imromantic dallion #wpials happy-ever-after #bestalbumof2011 loeee cuales haram hapinie especislly
187	UNK	mothers-in-law asheala haram then.well perantau #dubchat #banaconfessions 6-24- fantay pweeaaase
188	UNK	#summerjobs bestbuddies #kuwtk haram #oldshool walkill devinney maadu esha heo
189	UNK	#olympicstonight bewtween actuallyt do.this photto #pyjamas haram yaabi ##storyofmylife puthe
190	UNK	6112 ibanag kiccd haram dabholkar xeus jmula arti #grandcentral portlaoise
191	UNK	haram true.lol rynchib alessias #ilovedisneyfilms 330.47 #ashtonirwinfollowspree adventured skeggie fffs
192	UNK	confuseing hoples haram bestfriemd sheon idontthinkso jotito #brokenumbrella 384.71 vavy
193	UNK	generico #extendmulingbuksanangpuso #caykclub reformers haram rmaooo conversating strater laavvv 5for
194	UNK	#theundateables gitchy #boysandgirlsclubofamerica haram #dirrrty spoliers foofighters preettay coryell #tweetlikeababymom
195	UNK	nipplez #artwalk 332.80 amba haram ÕΩ undapants #thenextdoctor doodlin lipsticc
196	UNK	trollies haram sahur shitington sges wez's crusher davulcu johana 1344
197	UNK	#lighthousefamily el7amdlellah chitrangda haram #turtleturtle 6505104 omeglee #dyinginside #5sosfamily4lyf worm
198	UNK	mozakret you.continue #niallisbeautiful hunnigton starlit zorn haram fuckedrt katzenbach haviin
199	UNK	haram #lazymofos malice kaneva #dumbass's ta3leem clarey #tomandjerry truvia #casserolesnightincanada
200	UNK	haram lmaowhen tate's #datenights beutyful shareshareshare #downloadellacruzmobileapp #favmonth karekare #savvyblogging
201	UNK	jaceb littlemissalyhalin 386.19 shafieq soujia sparrowhawk kiids haram up.soon like.when
202	UNK	noshout njea chanai jasooon #blackflag lebua haram inuwa donar allderice
203	UNK	bout.you tumalsik #nasa_app ttkalam shout-out's cooom meterial haram stabn moala
204	UNK	391.38 #bonheur #1dtoasia #pardyhardy fromthem #song no'z fullride haram misspellin
205	UNK	x723 #777184 320s sophias oouchie #worriedforyou icds untasteful haram surpri
206	UNK	#dyinglaughing #guiness #yournevertooold spitgametoarandomfollower haram artfixdaily cekalang #onlyforme tripplets #eyeontheprize
207	UNK	illjust wwwooww zaildar jhb #129132412 picchu #mcdees gme haram mccraw
208	UNK	#poormeg #loveyabestfriend #kiddo mota's dorney haram stonecreek bileber #vlogs #serendipitous
209	UNK	haram ighhh clive #mtsuvsmemphis bahtel falaah #infinitephilsunited 271.91 eks #beatles
210	UNK	ideq bieberfact #lifeofalazyperson spidey-sense imbut #ripmixerella msnbc's foun haram lepage
211	UNK	turnnn hke alpocalypse sachchi sipagan d3.js #collegegurl #liampleasedoatwitcamwhenyagetthechance haram regresa
212	UNK	#virgoshit faizin haram acents alimo #drunkygaga thisbut dolapo #iwanttoride jatia
213	UNK	#wererelated aqidah 90slife #argfest wyou haram #vina 2a03706f nakakaadict buzzmedia
214	UNK	benzeno harks abella mrwebb haram nicec 351.61 malonzo #smartboyfriend pleaselove
215	UNK	fodas cautious #somuchlove reanswer megul haram galiardi neo-con pedaphile #puked
216	UNK	#libertyamendments haram #rocknrollbaby soutie miree ditag #askmario on-going filix tolongin
217	UNK	#bbaw itos #blackjackconfessions soul-food energuard yeehaaw #forluca 84.89 haram #although
218	UNK	portages 334.11 haram #titsoutforterry rivkin #briannaprobs napapasmile timawa me.also #soundgirl
219	UNK	9597 #uglycryface nuguid vyrtnet haram twoofers spectate wonderdul #favoritecountrysinger prairie
220	UNK	yhak rcbian haram seely #whatisthis hazardous wanyela dell's 9345689 cuttup
221	UNK	cher-bear #hoboforlife #jackandsally ga3far haram 3tha #mymadfatdiary zzsf non-junk #followmeshane
222	UNK	haram #dickeysmith16 #firstanniversary #noinvite #teamolive #optimumsuccess x5x 00:55 ribatone winnah
223	UNK	cheffs #thisisweird pengkhianat oyt #seeyouin10days haram #poorunistudent kufs 6367 #dammit
224	UNK	haram #disorderzone #suspence couldof #yayyayay #mellowmonday takwan macroscope itsgloria_bitch pantws
225	UNK	#growinguponme #southcarolinabound #fhsproblems haram #tedxusc vemk naturalmotion herrles #celebr8 74s
226	UNK	holeman yippey freakyohcouple #placesiwanttogo #cheapasian haram endorsed bax jhave ziy
227	UNK	haram #thewantedfollowspree iteuk dyng besp happns #youlikeit didni 2.800 plbg
228	UNK	#erinzariah100k 8465b sexyhoran haram #solarpowered #sotiredd 245.88 chancery sholdn't placed
229	UNK	haram prilll #weloverocknroll werner's #slider #greatactor 371.61 medicares peeak 5.1-
230	UNK	4566 haram boc behhbee lomans #tickettime #bringfood ezha hollowland op1
231	UNK	#gunnacry c4d that.you kemong freeappmagic haram riyadi #goodluckbabies cute'ness #everafter
232	UNK	gahoolll alxngside #hoodtweet #kiss925 ament helenaists #sarahdebonoisawesome milark haram #touchpad
233	UNK	ermagherd #slushies alvion #happybirthdaywhoyouare #jamfm tonileigh modle #shitkidssay haram dftl
234	UNK	haram #denvernation ilymoree mind-cd hahahahahhaaa #dilf #mamavation modgepodge #founddog nsab
235	UNK	agne jimmie's ‚Äπ baby-me pried g'niqht haram _larebel tashley #lovemyfamilia
236	UNK	yesk gelo's shetsss dhesi #cocksucking kalena #orphan haram anit-social #rideordiee
237	UNK	relive irereply boudy studes #lovethisphoto haram nywaiz opinan musher vitara
238	UNK	jasper rhinorrhea haram shhk babe.im nananannna wadala seemslike santoso taged
239	UNK	ledzeppelin kicchu na-touch liz's waalaikumussalam mangz faithworld #foodbanks haram marius
240	UNK	#highness #pillowtalkclassics eventfull faddded #sharkattack yemekteyiz #gtasa haram broonie #whenwillitend
241	UNK	20,2011 #greatadventure 0812 #belned haram loramie #illjuststarve 55.2 #theoriginal icecubes
242	UNK	#bronzedgoddess #nakedboy ucky lazii astou #missmybabygirl mathai haram #banzai #euroclubyporfinesviernes
243	UNK	#txcountry underwood's haram hnyr inpatients lzzy ooodles hangg sclae thislooksgreat
244	UNK	#bismaniacs minden syndie #needtomeetnewpeople #shoppingspreeneeded un-fun haram 397.89 #softtoys baato
245	UNK	rothe yumm-o #endlessdreams akgc #davidboreanaz haram lloks cuppies jenell snubb
246	UNK	#poorplanning haram drug's __x gayley #bestpartofmylife familia dat.lol cinnn vizianagaram
247	UNK	grindn haram #wheresmyfood #91796 slumpedd #theybelike hahahahahhahahahahahahhahaha pwzzz kilode cangcuters
248	UNK	ruutu microfone #lssmuch #uga's haram mycroft thursdayss nothng parilla romanos
249	UNK	hurting nixeus haram cavalier weathrs oobg #dustballrally swirri unfavoring #backtothefuturepartii
