0	UNK	#environmentalism dr.white newbrand pritchard not dead #facsaware #whyilovebeingafrican 81yr #truebloodfinale
1	UNK	#fm2011 not dead madramang #10thingsaboutmygirlfriend nipping keyshanna #wereallyare #gospeltruth #nbcthevoice
2	UNK	te164a sampada #replacesongtitleswithplacenta kinalimutan chooser aaka not dead oucho hammerd
3	UNK	estrel's not dead marubadiyum ibueprofen saarah beefaaa #ahigh chnha moutha
4	UNK	nuerofen #lyingbitch bebbss not dead sisc homeland's mikelaa #yiking 110.38
5	UNK	authenticbabyx engano #peoria boyde mackenzie thatchic_kay #whywhywhyyy not dead remainded
6	UNK	not dead bocking #vuzu destructor shayleigh guiiseee bgay restore fritag
7	UNK	not dead 267.04 maic issuues elegance mooreee mahamutsa varane baci
8	UNK	granville's #beenwaitingallsummer samanthaaa #francewants1dback lerms sharptop not dead wordshaker feminist's
9	UNK	#happybirthdaythough toujou not dead rumahnya #plusside #puebla #sadwhitegirl #fourchairchallenge alsways
10	UNK	verny dirteee mamosa not dead hkl #happy19thbirthday vivalatoyin #heliopolis #driftwoodfilm
11	UNK	wainaina not dead #loyamilk chinen kohlorleh fathao whai tidbury handhops
12	UNK	scapegoat not dead twitiando cibek 70kgs #textinganddriving baldass sueli #birthdaybreakfast
13	UNK	soundes #yumcha not dead #gnr #idontwannamissathing sokakta #tedxcanberra #therightone 27million
14	UNK	nagpapaload shaadi #edbd bow chipping not dead go-oh crib totomorrow
15	UNK	#twitteroppositeday downso 3fuck angieltca not dead hunnays wadaaa whitbred #artic
16	UNK	not dead hayip 10001 lataa #moodswingapp chorni gdje acceleration #onlyinflorida
17	UNK	duayyy gawjusss containment #shitnobodydoes not dead slartibartfast iii dpesn't #pregnancy
18	UNK	judgeship #tweetlikeaputa gang-banged balke ehud not dead #indonesiawantsbelievetour milioner #alreadysickofit
19	UNK	indulged thurzday farei ashimi #jlsperfomingforthequeen cornwal gokudera's not dead giza-san
20	UNK	#project9 not dead spainard #hedabomb #voteonedirect withthese #goingforsure #dada popow
21	UNK	l28 invective not dead #spanishnavyisstillwithyou #squadsquad #islamism gomy wanka's #cantmakemymindup
22	UNK	fontana's sidebag bakraho not dead #braddock bammaa #goodkid #teamtravy tewla
23	UNK	not dead #deangeyer #teamgoodpussy remithetrainer 05:02 undd e-sports stelnw perrotti
24	UNK	adution eptember htg sandness not dead #codebrown tweet-by pengendara #howtobeblack
25	UNK	alivetourgz #lovemysleep kidal #missedallthefun #disneypunx rhu terriblee not dead aliysha
26	UNK	lethul at6 #wowzerwednesday #summerclassprobs #ithinkijustdied brandd not dead peewees residential
27	UNK	makaluma dorrion #foreveraloners okokomaiko brazileira adminq not dead sic-fi y6fsh
28	UNK	not dead micronesians burbank's #hessogood weekeeennddd 2000tweets #healthymind bioware's #mapgiftvoucher
29	UNK	not dead 333.88 jo-burg definitons mischef go-to coldwater hiiiggghhh brevvv
30	UNK	#strangelove shernt hellobaby #brandetweet not dead voladora riiiggghhht mahoosively g00d
31	UNK	odata bawlz remeniscing sausagess not dead diperlakukan inglesa reilized #kissingbooth
32	UNK	not dead 292.96 #ifreakinmissyou #bosnianeeds1dtour #dogstagram wisda tomars #more1dinmanchester #notammused
33	UNK	#skyscraper 330.59 dameion phuah #msccruisemiss jehoshaphat chuck's not dead #catchinguponmysleep
34	UNK	#nashlenehawakkamay #mollyrainford acceptible erasing not dead haedo pweeaase tize #1ofthosenights
35	UNK	#dontgiveuponme #recoveryprobs dreamier #johngreen data-processing not dead #richbitches ngithe fathini
36	UNK	cancele #catquotes hungraayyy not dead #chrae 212.03 bluush randik wipees
37	UNK	#adamcoupleforever not dead squinted kabanov #swacmemories #pricingplaybook beatingg layen shiaaattt
38	UNK	not dead vacansoleil #relationshipsneed brothah captainnn #bongo 386.17 aquire maimee
39	UNK	#1dlivetour not dead #fool 354.41 ifck electra landsberg birdeh ranrt
40	UNK	wolfswinkle marshallstown peases #mrjones bantui gorey's not dead #quotethistweet 214.84
41	UNK	not dead momories snork #froch mmtm gazpacho impious #kdiv aziza
42	UNK	#worthrepeating #hostelworldtreats supadio #gamerscore nakali not dead doe.lol gretsch #donttextmesaying
43	UNK	boaty pigin #wonderlandcooltour #jewelrybox vgn-tx jingoist not dead #tisa 1439
44	UNK	ardith woooahh ozlotto istemewa #baaam shnuggling not dead #politas yesek
45	UNK	flaunt not dead balots opaqueglitter cise areep undifined bluefish #tmforeverbaby
46	UNK	exually goga switchvox #chiweekly o.m.goodness not dead #wgp #twitterlessisabella pheeb
47	UNK	unl's woohoo voelde not dead #allboys offsets 7047500490 andrepees mamado
48	UNK	not dead duddie shawntirra bams demendonca 2846277 subcu jiaobin poseable
49	UNK	cristhina 610th #peemypants not dead x411 belanga knowxd dracut pidgey
50	UNK	#mmr mistar #gomanu not dead hbv mrcp basegod #edcvegas btb's
51	UNK	1017.1 thatgirlmyra #ryanswifey whatt's batterylife not dead #igetrealmadwhen replayyy barnfire
52	UNK	#fatinandthecollective wellys wouldmeana not dead yhet mcforrealzzz pwetty_vicky lunchdates p'nut
53	UNK	#hardcorecreep sharingrt fatly mommmies #285 watchning dilute not dead textinnn
54	UNK	jesstene hebr cholo's fafha georgestunna #saa13 not dead hahhahahh backthat
55	UNK	nkalagay #lastdayofexams compiti #riverfest2012 codiee bhehehe magisa not dead squizzer
56	UNK	fuuuq kwahi marching's #pfp maniniwala us.hope iubesc not dead shalypumping
57	UNK	not dead #cross-country meha akinde #exposedallas mo3gaba #ghettomarriageproposals relaxxxing ngileer
58	UNK	#trynnatellyou 25-9 #slowmoments #mugshotmonday sadaya not dead hwi #doingwork eposit
59	UNK	marls not dead babyygirl #dmb2012couchtour bisha 276.48 onedirectionfollowback2.blogspot #sullivansisters meggaa
60	UNK	amylea massys #golang #itsred cocunut not dead informix #whatsthematterwithme mothaaafuckaaa
61	UNK	61.6 18year tareks balamban 5kk #ssfc not dead pqrst ch3ch2oh
62	UNK	#gottagetshitdone cornerrr #teamzap not dead romier hahahhahahahahahahaha #mentionpeoplethatmakemesmile #borat wanderlove
63	UNK	hahahahahaaahah #elbquotes dapo's again.wow #bigfeetproblems not dead azureen young-ish 2ss
64	UNK	melquan 377.52 30.01 not dead mejora mabbu lakad #benz dunhav
65	UNK	samert #teamtia huahah fjay_g antibac ggpalace not dead tired.he #liketheoldtimes
66	UNK	heif #7x25 ere'body starmello not dead pagtawag jessaaa nagee b7baha
67	UNK	00:43 not dead hyosoo #eisteddfod #sulking r1breakfast 369.47 plllzz #pleasesupport
68	UNK	>;] manualy carting enday #itmakesmesadwhen #askari not dead plainning alichea
69	UNK	07,08 grrreatt #twitlist haalo streetzz not dead vernia 22pounds #roor
70	UNK	noop boo-ya mezi not dead #brosis hilars lincon 25-04- sujee
71	UNK	ms_teeva game-changer beaacchhh #kasabihan th14 sudennly not dead #fuckingwah fotgot
72	UNK	not dead #luxfictionispathetic #officedog outshyne cutest-est #joanrangers #youretoocool niqi won'tdie
73	UNK	furnal #teamusa's not dead #hbculove mejiku chucklevision #shitingbricks #itsokyuhee school.ty
74	UNK	chelsi's #tomseyforever not dead non-office #pllpremiere #bumbuddies rthm 4:7 nkaw
75	UNK	#pintadaweek3 #oro #youknowyouareanollyettewhen not dead icopy fleshed #iwontlie nowhh #g'luck
76	UNK	acedently whhooopp #breezybetaward nightxxx ferce conceitedd not dead denist elios
77	UNK	jaco not dead logandra jarrod shawtiee wellons andyw setembro tari_taari
78	UNK	ofw #penelopescotland hey'ho yomiuri nmer beauty-ful not dead somewhereto #michaelclarkeduncan
79	UNK	1115 20minss #marry hmmmu 8642 awisy not dead #babyyourafirework afti
80	UNK	249.65 luoanne mashpotatos hhehhee halloh saleswoman not dead unwarranted #happybirthdayprince
81	UNK	barbequeing fughhh 358.16 #teampsc not dead #poordamon #soundslikeheaven comfortable-to-use #tweetaphotodescribingyourfriendship
82	UNK	leada bwz not dead esan paskalis senewen protozoa 417 #canmnt
83	UNK	workers #disturbingthepeace not dead #itwasfate 61.71 #estateagents hrbt #happybirthdayaveebueng #cammodels
84	UNK	geddis not dead kosmos matthe #ilyboo at0uch_0fjaz #niceandeasy kacit #dinnerforschmucks
85	UNK	not dead hoe-dar 00 duckhorn #funnyfeeling 861015__ congratutions gwbo tonbe
86	UNK	wallbase warmes unrealated #havfun not dead #sismo partsss perfome thankyoiu
87	UNK	higheels fullframe bibanke not dead textuality raddy i-series gbemi stockfolks
88	UNK	emiry dmh not dead annekas #bringbacktherisk 2290248323 monyah x377 molotovs
89	UNK	not dead bbrt magbiro unyuest #boyfriendtweets smittened #sleepingdisorder suspision sinatra's
90	UNK	ot6k #tfb 2223067642 not dead #ihavebeenblessed kukasih #rudisha ch37 jaciel
91	UNK	raju tswizzle #intensedebateforonehour #devils1stgoal suranaree twidroyd not dead 5539846 #femaleweezy
92	UNK	al3aaab not dead #vlf axcept ymas's rubo #pennyboards marthaaa buttonhole
93	UNK	#fastrack zabby kidaaa not dead al-noor lenea #teamtiara froys strawberryy
94	UNK	rtrtrtrtrtrtrt flexitime avios aththa owshit not dead #moncheleforever re-schedules trosmo
95	UNK	#yemen #bitchiness #tannage fayvor not dead auau noncracked quavers springbreakers
96	UNK	#camry twag kechan aaamaaazing #gui not dead frnch inconsolably vigo
97	UNK	#bslive yestertoday english-english pissiest dedie ot8 boplo not dead onii-sama
98	UNK	y'allrt outsife #highdea not dead #joshjoeymusic drema assers gangmember #comehere
99	UNK	chanay ynez mom.im not dead seaworld's #stillloveitthough pg9 brain's jjy
100	UNK	#jackinthecrack #coya #jbhelp last-of-his-kind smile.please you.are.stunning robarts not dead 2yoon
101	UNK	nbo want.rt #latenightworship #passionforonedirection not dead howdu #sisterforlife explsin syerra
102	UNK	brootherr tandoori hochgeladen #foreverafan not dead cmans #noybee rainng #kyliejenner
103	UNK	culverhouse faraxs pollada carenow napaaa last-first not dead #endsextrafficking study.my
104	UNK	jamiela expecually #yunjaeday iamx next-day #ifjustinbieberwasmyboyfriend witch's not dead pertemanan
105	UNK	zyou shanilda #nyknicks camdog muhfkn mariellas not dead gwop bertoo
106	UNK	allfor #dubsup winger's not dead shiladiva #spiritualsunday suzumura domats #mysissy
107	UNK	polikem not dead unlessyou #emancipation hustletweet butt-cheeks admist #poshvsderby #iwillneverforgetyou
108	UNK	ndz #alwaysandforever not dead ubnt #lovumba galerias 296.45 #fromcanada #happyeasteryall
109	UNK	#fuckallyouhoes xiloveyou melfunktion 5me #seeicanbenice franciscan not dead #needtoknowbasis 4,801
110	UNK	#aprons australasian meed cspire not dead #eastcoastdirectionersstaysafe pitola #happybirthdayjamesseekings yooara
111	UNK	addressee txtg not dead ponyo's othrs shabnum nadum #mybfisbetterthanyours billal
112	UNK	treina annorexic effen kittamove #pre-order not dead loveuse thhats carrie's
113	UNK	cold-eeze sportsbook not dead messg bloomer overcompensate vonnies henjoying boozed
114	UNK	me47 #thingsiwannadobeforeidie 1hatesneely not dead #nevertobeforgotten coushatta #100reasonstolovekarachi roshini haveu
115	UNK	#petergenehernandez gala-gala 10/27 not dead #cougarpride cauuute awet #mizzou16 #dogperson
116	UNK	not dead #556 #synbio #woohooo 700xl ahhaahahahahah woopah #tillthen #niceandquiet
117	UNK	#ibmenterprise sleepytimes mammer thamam haymaker otp-ing not dead #followjukeboxxmusic dashanique
118	UNK	partita myth #lorenzo'stime #bralet not dead rgvs infoo #theojames faaacckk
119	UNK	not dead #doa5 quico flipstable granddogs festive semi-colon mufucks acomodation
120	UNK	dudewe not dead pump-up areadi hahahahahhhaaa #goodluckjoel #aggienation dtox high-ing
121	UNK	cavz #chargeyourphone ahahahahhahah bit.but #cumfacial cornett not dead horahe jangli
122	UNK	mayfield's animanga angmering bwrw ms.bitch awwwahh wwoww not dead #kidsarechamps
123	UNK	4,013 tanzanian wanted's clubbin fringefriday not dead exerpt drughouse #huwaw
124	UNK	11.49 freshkoners gruvi cuhhh-razy d'accord shanzo not dead kortne #iwan
125	UNK	uhooh favvorite 6hp destroied encore's 4sights #fallingskies not dead shanneee
126	UNK	not dead yeaus nimms alnass dethalbum #clean elses yaks nomo
127	UNK	not dead #classfilm balladears chiemsee tyza fyeo #gunnamissmyfriends shopkeeper's bluestreak
128	UNK	meknow bangalow nashad #tuesdaycomefaster not dead mathmod #postyourmyspacepicture fckas tonesss
129	UNK	sunmit not dead blading pre-kids _786 trisuit #atributetoava #may8 ddrt
130	UNK	#yourbeatiful kelvin #thesocial monaaay not dead #nothuman okay-i mem.card stolemyharry
131	UNK	margaery ne7na dartboard mogamla _what #pet1staid not dead earth.chan #alayers
132	UNK	absurdist 310.45 nutr castlemore lorica hatla not dead okpekete wxpn
133	UNK	ehhm immean #hatechemistry assasination not dead just.made actinqq morishita sandycove
134	UNK	not dead #jamesto5000following jinzo niswawaa #freddiemercury cockermouth #oilsands 2acknowledge #hardcore
135	UNK	not dead #lpsoldiers #envogue jordann xiaoxiao's 5fonts gorja okoe colderrr
136	UNK	#mybestie sevak floors.yay backfollow it.il bsok #1171 not dead feever
137	UNK	#taylortaughtme i-connect fin'lly not dead days.jay rotlmfao tahmah buaji's #4hope
138	UNK	memmory drinnkk bawaku 29st not dead writeoff hahahahahhhahahaha cluuub #camwow
139	UNK	friendsit's #teamwelovemondays shoutbox muhfu not dead parkland l7m udham rotect
140	UNK	obivous not dead reemon 34-9 #teamv #healthyprobs #tastetheturf siyana #mybieber
141	UNK	mcfrappes #ballinhard blackalicious bitzes ronejae not dead #couldntbemoreperfect yaaawns mwhahahahahahahahaha
142	UNK	h3o mansuar not dead #jamaicanvoice #wrestlezone levantaron #iwantyoutoo 2deal ak
143	UNK	sunde raani hucklebuck not dead preventions beshara #andsad mellish latoya's
144	UNK	horsy tatyanas everythinv orgasnom #desolation not dead twickenham hetzelfde #fuckgolf
145	UNK	asign #gladyoucare not dead nrotc nred violet larreh un-opened 159.99
146	UNK	4m_kwonsoo 238.39 delated lovge maclaren's boobooface not dead romances hhers
147	UNK	arning not dead kiseu astringent moru awwwl #allstarcomedyjam #oprah glandsberg
148	UNK	copita #brownskinned clampett skowronski #ranforyourlife #whyaretheysocute #shakethatbooty not dead hotdogsss
149	UNK	#rosas v-nasty dubaimall akhilesh timwestwood #holyembarrassed #waddupp not dead asustando
150	UNK	hulat paf x125 cookiee #cmm polamiaw <===> not dead odawise
151	UNK	#prophet_mohammad not dead #photo-a-day docs.rt pre-debut #cantwaittoseeyoueither tawain 280.39 391.52
152	UNK	kranberryvodka c'mooonn aceyy amika not dead #freakingsweet #healthyhealthyhealthy nvr know-we
153	UNK	not dead #loadshedding laiye duetto cataplum #teamtygauk #wowdad #followmekathrynfever picha
154	UNK	hehhehehhee bouska #seeyahthen not dead vy newcasle paki-shoutout headmates #spainneedsonedirection
155	UNK	#whodat not dead goto's #asae lux anxiousss 117.49 #helloeveryone nastyass
156	UNK	#whatireallywant optimax rikayla #indelawarecounty drnkn nidki not dead mantaappp #yump
157	UNK	#followeveryone rogg llrt #countrysoul #jaimetakeover leghoo not dead ufies #determinedaf
158	UNK	polandlovesonedirection #fortuneiscoming #heffrondriverocksmysocks #myfav ghindu #8895 jelsey not dead jotting
159	UNK	havam babeth betchay's stylized now.xd tswift not dead mineralogy #thisisusthebestmovie
160	UNK	#crownlife sharath not dead magbabayad conforms #bookshop noxious watchudoin gednight
161	UNK	chimichanga's iplz 105.40 playboiii not dead #helpmeimscared 13:17 #6hoursbelieve #malcolmxday
162	UNK	not dead pissimg #twtobayarea here.one oppurnity #rjay #bigdeal mistari #phoenixdown
163	UNK	peatophile #lennoxlaw #intersexion runnner not dead #feather 0.5 neall pretends
164	UNK	wanetd dorce fancycat ms.ratchet not dead #askjordyokeefe whitemoor kumori dindapuspitazary
165	UNK	please-dont-stop-the-rain #alcoholabuse christofer izni not dead #potentialhit besss tinnng brainbuster
166	UNK	oyfriend vidios moor's not dead #brightpink cigarrete #fishbowls lrca facabook
167	UNK	#idobidoobidoofever midunam not dead sensitve #soulpancake 400mph debsoc miam's katholik
168	UNK	lawe suangar yunnoe frt kaya'y #teammunchies #shelovesyouindonesia not dead promithes
169	UNK	#itwouldbenice not dead boy-shorts ridding wibii sinuous fanchanting crono prowlers
170	UNK	5dd huisgenoot #2216 yeeeaaas #1dfirstbrit not dead tumambay nonny's mtdayn
171	UNK	seasonfinale ny'kee neyas tashs problam lcv #hershey's not dead ks_2ne1cl
172	UNK	#fuckmemaybe bonsecours not dead 64007-1 christol weakening jhase off-white #aghettoachievement
173	UNK	thigo 6weel #revengeiscoming roxberry #stuffwhitepeoplesaytoblackpeople not dead outlook's badji latersz
174	UNK	morning-maroon chukaheyo #cockatoo 5hr not dead puuuddd lawyer #heldhostage #teamucf
175	UNK	said-i not dead #eleanorsgotthatonething honeyxxbeexx #bestupallnightourmoments thankkin 397.56 kingstonians 242.27
176	UNK	hubie #tonighter4life not dead homophobe omgoosh #thistimelastweek school.that #soundscreepy hadn
177	UNK	4learning tarrlok not dead debby's #waitedsolongforthis i-i-i'm manpers beach-ing correcter
178	UNK	saffle algt tieredd engelhard not dead podio 40followers #powerrangersraceforlife chill.with
179	UNK	mesess duncin #f1onzigwheels #isthispossible sanaz mwu nignt not dead al-habsi
180	UNK	not dead 324 facup woodard's #catproud #kemanitweet #habc #ffbprizepack 256.07
181	UNK	#poorschool awnha #picturethistpe margono not dead #hurtfeelings 288.18 afinyong #biggestpoptouroftheyear
182	UNK	fullswing mega_lurve lassnight d-tour derio bangsamoro not dead units 241.91
183	UNK	korinne not dead suu's 63k emply echtt agona #performance #12yrs
184	UNK	not dead #shittingabrick nosering chingones tastyyy #honorthem #welldone 397.60 purging
185	UNK	lombaxes 212.21 gaamme not dead thinksoo #asslick #dipper geisel 8.65
186	UNK	bluedoor #roadtripsongs #ending #taeccare #hungthefuckover liquidsheth #peetabreads not dead subong
187	UNK	#soundscrazy not dead buraw aceng #worldstarhiphop yeah-just accprib #zanessa yelissa
188	UNK	not dead cammando warhead ilakad rura #contractions #uktwfanmily beat-down 42inch
189	UNK	macmiller garshet 312.19 not dead timeline's non-sterile #causeofmyass moonlighting #qtips
190	UNK	clamps 87.26 #gotyler arrumei not dead teaism 56.17 menore 234.86
191	UNK	keyli #fuckahater hannahlouise #whim geeeg krwg not dead #jellybaby rellanos
192	UNK	brohh not dead dreming #thesummit 245.35 #suckit scks minyoo prettymsphresh
193	UNK	leeeme 9910 owmygad ultra-efficient dreamingchances poussy not dead garyyy e-ticket
194	UNK	361.74 longwood ms.mina oldman shewt #inadvance channelmeter not dead #happybirthdayjordan
195	UNK	kmiss #emojistory not dead wars's #ricanprobz reckk #newposter #wrfc srkfans
196	UNK	#bitchimfromlouisiana joepa's not dead boostin #clarenceadrianfollowsfree avas #madman mayteee <dancing>
197	UNK	agnesss #knicksfans ndherek #lsk k-shop not dead 1d ammolite kach
198	UNK	documenta haahaaahaaa miinneee #bestcrewinhollywood re-text #chaseme not dead pinin nauseating
199	UNK	#fansection not dead 2.puts tripleplatinumoneheartalbum h50hana #fuckautocorrect #yabitches tumarow hausu
200	UNK	#nopurpose zolani #imnotpatient not dead nerissa's rollerdome #topwork tooltip similarites
201	UNK	dineee brauds nakatingin #hideyokidshideyowife lewin's not dead #lovelounge myplayers #imbringingsexyback
202	UNK	not dead ðŸ˜š #gingerfacts wendseday economise viniagrette aakankshasingh cassels #carryyouto5million
203	UNK	not dead #playingwithfood jasminevillegas's sorraye tomorrowor sarifah neurology #4everwithb2st #pfhof12
204	UNK	windoe cecak teenvgn sumbody unfortuately not dead wentee jaane segitu
205	UNK	bs2l #teambj prettyboi pussymagnet directioner.no 294.72 not dead mlle #newbabies
206	UNK	ibarra lmaoing bandunggg #satyamevjayate not dead tasca 1195 #trustedkicks o'mine
207	UNK	redford's seimei arcal lunardi yackin not dead accusations deli #domme
208	UNK	2cali publicize not dead ofj #houseparties 92.42 krocodile kaulaw justwait
209	UNK	51.82 warren's #chrischristie away.if yourwelc #libraryflow not dead posomu cum-ing
210	UNK	#whitfriday #catholics y3lch shgad papagiannis #dumbdrumbs #mentionathot not dead banderloft
211	UNK	thnig #hischoice not dead hargrave #juntos actif ios's m'lovelies dushi
212	UNK	gewn pasakay barq's partyin fitch's sdtk 98.28 not dead ub2
213	UNK	#shoppingspreee wkwwkwkwkwk #ultimatelad not dead 1464 #blameevm 3,375 eveet 332.03
214	UNK	ruzana whore-dacity ritsuka not dead concerrttt umona #onlyamonth fuath often.but
215	UNK	ongry gugustuhin dtla not dead #tsl 242.67 jaedah #yaycollege #bedone
216	UNK	katster edric's yoyo's 18-0 not dead dormilon craccers wedew jong-in
217	UNK	jealoous quebecoise #edmdimes womwpsqcx honked not dead #0125 #kgk actullly
218	UNK	#timetodrink #crayford moza's resaurant bestfren indivisuals not dead benildeans manzoor
219	UNK	bill_bixby guitaris staits peled #physcos juooo not dead reallyyy shocktops
220	UNK	faps karabo_kb #stardiwali #pedofile #thebrook #pictshilla afemale not dead vandemataram
221	UNK	#hkg #cto tyme's #foreverbitter #quincememories not dead cuffdaddy poa nooowww
222	UNK	trha sayim #astonlikebehaviour whoew not dead conscription nebi #kikoandmikaybestfriendforever sardis
223	UNK	zaina's #littlecunt #chewinggum 410k #glowing ennoy popculture not dead #he'stheone
224	UNK	#lora #boricuanation #gaygirltruth jwaly #bestboys ahahhaahahahaha not dead whadafuq moonbow's
225	UNK	not dead 678-608-4084 gotv #iphone5c #mÃ©xico natitirang pizzi owwnnn prodigyy
226	UNK	ahbao losco å¦–ç²¾ä¹‹åŸŽ not dead asystole shabalaba ugliass #aotweet stylu
227	UNK	not dead #worstdayever dicki kcuhc jejejejejej #ablc kaabo melodically sterlo
228	UNK	blackout's huggling earlynight not dead redvines wtfackkk magpauto tweking histopath
229	UNK	theresha_ii re-die 7:55- #birthdaybants platformers 285.98 #mamakidd not dead covention
230	UNK	#dobest carly #headgear not dead imaginably giffords teikou nakakawala #upperbody
231	UNK	norazman #ticats moveoutyomomahousek qame not dead sweaaarrr komoles #barrelracerprobs claustrophobic
232	UNK	#whereshouldwego specops saxo #myfavoritetime lusttt #drizzylove #ahahahahaha not dead #lukeineedpads
233	UNK	enak #bubbledream not dead queenie's #kushhadmelike #hunterwellies l'aile #wickedseoul red-faced
234	UNK	dyta_archie not dead #crnc monthsarry baaeee #mnd #teamcamilla name.this #rareoccurence
235	UNK	fabreezed not dead balnis unfair.you #comehometome rsg #theycanhearyou hongryyy sebbs
236	UNK	gdogg ketana tslking not dead #thatsreallove opkos llawer gagasduet 3mala
237	UNK	#longliverockandroll 98.3 #partyrockcrew aliea rdmly galam not dead #teamniyah 1l
238	UNK	#lovemeat not dead hogc #worddd #redcarpetevent mashal virtigo nurain wahttt
239	UNK	dyad not dead #fpb ajua brookstreet goosnargh akoka #youreababy passmeby
240	UNK	burpp mk46 #sebsaturday keleigh 2oltlo minnesotaaa sozzles not dead cct
241	UNK	emailku evuuulz adelle's semb not dead acctive 1500-3500 220.84 5est
242	UNK	declan's tipay lip-liner questns #noonetotext existe suside not dead straightjackets
243	UNK	#teamjojo pawsitively arietty #holyheadache jazakhallah sign's not dead cairnlea meza
244	UNK	not dead kacian wootwoott haddie #shoptillwedrop #dorightandkilleverything werms coolste #curlygirl
245	UNK	#tastystuff chawk slman #heisenberg rainout #bbcthevoice not dead afik kastrup
246	UNK	shotdown goddy clapperboards iaaf #livelifetothefullest 3417 not.can not dead naris
247	UNK	way-the mz_omor non-answer onniena #twitterlesscarson haker #theperfectboyfriend not dead biri
248	UNK	srated not dead #onebighappyfamily t4200 ghaadd majalah #nickion106 rannie's confess-a-bear
249	UNK	juhee's coddled ian_priceless pokkiri meneh liikkkeee not dead #teamkriscarter n73
