0	UNK	#birthdaypresents hitch-hiking daaancee dosennya #beatkent not happy smooothies bateri #gonnabe
1	UNK	00023 #soulcaliber pocorn rasim tinotoo likme not happy anyway.rt #votefortyler
2	UNK	fxxxin not happy #missorganised akfam small-ish bengals ulangtaon #lempelayoofficial shouid
3	UNK	hellies fullyyy #sadinside piri not happy #agedcare #nighteveryone 270.57 pid
4	UNK	mining not happy #sggwoctga reponded #goodmorningtwitterworld munkaays livvyyy #cantwaitto abds
5	UNK	not happy grannis 4sec 33sec in.advance 5on2 berris thinking.lol osgesge
6	UNK	minhwan shitbag #hadyourchance 113.03 me.guess not happy sleeepppyyy slotting #gottalovecollege
7	UNK	#instahate talbots cellulars pths dejanee euteronomy not happy righton crazzzaaayyy
8	UNK	not happy #mondaymemories jassyyy acx tailcoat #controls #dolphinlove #430 #beatthissummer
9	UNK	baggages #checkyadms #paulwesterberg #anti-aging not happy go.on #thelongdark humphries fridaze
10	UNK	beinh #heloves fogarty's ichol ameda arbel not happy #ilovey'all keyshot
11	UNK	cpvoros #paoloonesa foundxd plih #likewhy likhey not happy mytrip raeye
12	UNK	#getjanoskiansonellen #perfectroommate kebajikan isotta not happy kannetha #mlpproblems #fatkidproblem #imap
13	UNK	not happy #gknation kenwood #sampaiwaktunyadatang #hobbie supersoon assekk 311.11 burberry's
14	UNK	chilli-cheese makeupbag #valentine's not happy cowcow wised #manowar #eaglesgame shamicka
15	UNK	summeri not happy #votevotevotenonstop duelly anti-human shhho naborhood hollyaoks imuha
16	UNK	#directionerneedvideosdiary1d 90ad not happy monshell #seehowlongthislasts bom 48x5709ma devil-may-care #someonesaveus
17	UNK	frontflips noto obolo #tastyasc not happy #letstakeitoutside mamahal #mykindofweather whps
18	UNK	lovettes answerse sahneef close-knit not happy redecorate shavonne amazain #freedom2012
19	UNK	#firsttimevoter #aims carpet's ken_gunz refectory #ripdonnasummer swarfega not happy #goldenjoystick
20	UNK	littlesister 4,0 #restroom provably 302.39 not happy n_tabby iterm #station
21	UNK	#thisainthighschool #owlers live-update not happy #suchbullshit #sunnysandiego #favoritefriend folx #wnbaallstar
22	UNK	amish #myfamilyisthebest #bestcoupleever not happy long-suffering remontado #onmytodolist finnn #lovingu
23	UNK	bayybeh pencinta subleases #waitalk nawa'y #ammature not happy stcks bracco's
24	UNK	#dontbreakmyheart jajajajajajajaaja #teamapostolic #tman #darkskinfollowme #happysweetheartsday 4774 not happy #whatag
25	UNK	frugo pinkbox #soflattered not happy 87.35 #summertimebody songz-fumble rationalists 329.70
26	UNK	lurh not happy #itsanhonor pisha pacie scrawburry mammal #whatshallitprofityou #jloonidol
27	UNK	not happy cailfornia #rategame mtssww ballix #oshey cici's subdued #alittletoomuch
28	UNK	#buzzcocks 85338 not happy icary 338.89 zacharyyy #spicychicken deeelish nderek
29	UNK	sarahs not happy zara skatebored buys fajarr #yoonjaetime brothersister akcje
30	UNK	fenmore not happy kaleidoscopic #wineo paccin sahida #gumbet #whoimgonnabe appsworld
31	UNK	guachos #dontevertalktomeagain #xonydj femininity fenay hahahhahaahaa not happy #jaywalker gayist
32	UNK	7abibtii ex-military purrell not happy bayabas selfworth jef #jwotd 21c8459d
33	UNK	nner #provingpeoplewrong xaasid broooklyn 07.40 not happy hyyee #idkwhattothink #seniorsendoff
34	UNK	zquil #coloncancer damon ehmehgehd crap.lol barabati not happy wastw simdilik
35	UNK	#prayforlarry olejnik omdsz shadi_dhardrive #rainbow not happy ms.roy synesa tumbal
36	UNK	not happy #allapologies #agentcoulson toneyt #bashirlive waaatchhh btooth 257th 1hit
37	UNK	#docshawties #since98 amyn normative prenez not happy #deputy #dacrew 367.81
38	UNK	not happy wattchu starrrs elisca_januar_p freezin anaitwa confues #themarshmovement 119.32
39	UNK	#modchat arther alongtime itfor regalas not happy #window charlestown 4ft8
40	UNK	#donbosco not happy rodarte liennn learnvest thingybob twitconns goalball loon's
41	UNK	sess bethhhyyy #shellyforollg cmy sjams caunt #azalean not happy bryndon
42	UNK	#justine season.the brrn sanwiched #thatsmad feems not happy 40percent whore-an
43	UNK	#repost #fastball harusx escot #itsgrowing not happy spains rajput #ladypats
44	UNK	#awethanks not happy 00:35 haazza sjbacktovietnam duckduck #bewaytoofarbaby #5aday ronnika
45	UNK	nagpaparami #directionists iresearch chandley not happy waney embankments tsali #notechnology
46	UNK	#fantasticjob bucolic #somethingyoumightnotknow ipcpr not happy emus endu culiaa #missmybestfriend
47	UNK	666 #whydoidothis cyler #motd not happy mssa #teamfeehilyid #cardcaptorsakura fastings
48	UNK	videoes 2342352353 #fuckingross alonne not happy #riptwitter autorecovery araina smoley
49	UNK	#ayc n'awwhhh madilyn not happy getreal #ironicsummer embareh shevers heads
50	UNK	#papispeaks mr.scotts #silverlake malays vyrts teagumps her_mee_nah not happy #nevergivein
51	UNK	lumrah shuz not happy kayliegh #aep kelz_ms #attitudeprobs #2699 #bestbank
52	UNK	re-creation #stancesocks 12,400 bikoo qxc yuha tunas not happy yuud
53	UNK	dfficult not happy 84.60 yr7mch consp over-reliance #askthesantagatofam #tooblack tsunderes
54	UNK	thermique ferrari-lane 15.55 warong not happy tgn eyesthank #bandhu damascas
55	UNK	#jazzonthelake not happy #echeloncove #teamnooyster #teamjuniors lightsquared terburuk race babymoms
56	UNK	connah's peckerwood not happy #satchatuk #lifewithoutlimits restoren finestra #lastdayofsummer seazon
57	UNK	#luketowin not happy dik's #habs long.day gofollowalecvengers shuthefuckup #sideeye woulde
58	UNK	echoy #teamfollowhero #limechat huling dolphins not happy showses boo-ti-ful tidye
59	UNK	not happy najisss skape #wreckou #dumbdog #ohshitt raschilla ukalale #stayinginside
60	UNK	#goapp hasnaa #soppyfuck #czelt #eachother not happy capriottis deegees sophistication
61	UNK	#devilnation tet wernert mabore megapowerstar wiki'ed not happy putain #jbannouncement
62	UNK	mirela 8tl unforunate zghir ferashf not happy recalque #eathonestly #italianjob
63	UNK	icies morn don'd stickz kankakee not happy 07949 #mdn citys
64	UNK	owalah somdev boko ny-ny kare-kare fantara not happy emojii's #cloudy2
65	UNK	not happy mobwive driftless #lolmovieoutmay4th nukta giavonna yeeeup #needonebadly egyniah
66	UNK	anywayyss lokaa o'how not happy #likeadog pncarian #onlyinbattlefield fereals #sc2012
67	UNK	#zomathon #happymolly bantacruz fekm not happy #firstfridaymass #congratsliamfrommilkshakecitydirectioners enroll #congratsmyrtle
68	UNK	vancity's fareedah #stillmissingyou not happy intoxicatingly #oms2013 honoured.thankyou cute-cute getti'n
69	UNK	fvt deliberatly #directionersstilllovebeliebers afl-cio not happy refilled #greatstaff #skipsfollowmeive #lifegetsbetter
70	UNK	tayao not happy #newmarketnights cicily #algarve feelingd candela's cringgg louiiis
71	UNK	5aa ilikegirlsdaily eventst temuco not happy asfacts #thisloveisasurething teukbar princemanagerth
72	UNK	#spoiledpup not happy terroists feedbk good.don #tillthebreakofdawn turn't manero #askasa
73	UNK	maaciii not happy sunbae inagural masre woonderful jittaleela meowz 209.34
74	UNK	#isthattoomuchtooask #begreat #iwantsomeofthat montaz not happy #addmecallux yori meandered one-the
75	UNK	not happy maricelians karnival #backfired colquitt afflalo avielle #oculusrift keeeding
76	UNK	#doodlejump annabel not happy fifteenth neeehh #friendsfolife kyas hypoallergenics horoscopes
77	UNK	#ilovemycurls #ohio2012 someone's teflon not happy #respecttheearth gold-diggin 03:33 #johnathan
78	UNK	not happy lilov hanabira schnelle seyizy keogh's misdiagnosed handwoven amberineinvadessmf
79	UNK	pusssh elainengan ardan zamira night.italy sp-c follys not happy mengesankan
80	UNK	panggabi richyxc not happy echhh margarida forevera #smashitjls olvl shaaannn
81	UNK	not happy hbcus chalayna weety kraen milarki #itsmybiggestwish #foreverslim yoho
82	UNK	tfn am.so hheheee not happy #itkillsthem #putgod1st #classicfilmfest j-o-y #rescueph
83	UNK	fairlead #pondering fip not happy 7999 jay-walking bebish h-burg dimiss
84	UNK	nag-eemote sweatty not happy unconfident lebarron mε erven hello.but liveried
85	UNK	not happy 29p #beatokc #notacat 118.13 ihavent 550php linkan alkanes
86	UNK	#whatamigonnadowithouther ipad-an-hour __usui_takumi knowmee #selfharm not happy nyty smtownseoul #burque
87	UNK	dipd truths hubba 11,2011 #lukeafterdark #iknowwhatiwant not happy #nickinickinicki pikaaameow
88	UNK	not happy denominator ancestry experience 14713 #bosnians lowely prace sowryyy
89	UNK	not happy 3noud x2088 blonsky beloom uzi's wistfulness reysha #nothappeningtho
90	UNK	ryanator wiittle chichacorn ngerawat #drozshow not happy nifemi_tocco #mynigg #ifmkfest
91	UNK	#perfectionatitsbest samehere #jancukers whole-wide home.sweet.home mushas rishab not happy uskonde
92	UNK	8awya nasjai #pleaseheal highams not happy #stonewallhalloween totteringhams #whoopee nuhu's
93	UNK	#hatelove tandoori ampitheatre ahhahahahahhahahaha minister #knockoutrounds #matchone not happy alltimers
94	UNK	bellhops malds hawlucha #nkotbcruise2012 not happy zid omglolol #drcongo #getcameronpalatasverified
95	UNK	geektyrant #tayswift oran not happy #replace1dsongswithfreedom #stopstomping zenhabits #justkeepswinging friends.not
96	UNK	tonight.she not happy olvl floorioli smackdown motherfn #baitcongoleseparentsayings ethebarber yardbarker
97	UNK	dinner.it daysand #genpatsu not happy #momdirectioner modcast tcw vpl #doses
98	UNK	15.7 stere not happy #swpa halright 325.76 #whykardashians #mentionarealnigga #thisfamily
99	UNK	#followherrr flamingo's meikyuu 280.80 not happy better.get has.been kethaa gyujiji
100	UNK	magkadto #ilovechoir 9minute dosra bopy not happy mustbefollowing halaaala #happybirthdaymark
101	UNK	esly's wuill not happy #uglydays #waitwhatfriends laced-up-and-spanked wimbleball oppening darnall
102	UNK	#swingsista sediakan not happy teit dutamas being 1shots bos inpiring
103	UNK	#rockstarrs parables #powerbar #lovebeer not happy uniformm #luckynumber7 koka greggy
104	UNK	_paste_ #whatareyouwearing 4/9 not happy vmiguelg #burnburnburn picsio #injuredgirlprobs dezie
105	UNK	#5yearanniversary dolittles #tweetthe50thpictureinyourphone 3ena #puntonipaco not happy realadamlambert paraplegic #addictedtotv
106	UNK	not happy pablooo #ohmy 105.55 sincereness 11x14 #littleblackdressaffair 83.51 caiste
107	UNK	#wagamama's #militarysisters bullfinches #1955 not happy nuite yogrshwar's shafeqah roxberry
108	UNK	things's not happy balikbayans digweed #alleyesonus ayeska aldin jungsis's seansauce
109	UNK	squillion rogheda evrthg 269.08 hikab not happy #stupidorientation #moeslim wee-wee
110	UNK	#nodoubters expert not happy stoli #shecantstop seracini berseri anyobody bravi
111	UNK	echem 7facts coyler #hateseeingherupset not happy likeability bwankey yepppy 322.00
112	UNK	abeeek #hillclimb 4gr #sophmoreyear barfday nakakagv jissell not happy tavi's
113	UNK	jhakai flushing raaawwrrr #justinmeetkayleigh not happy 40rs beliskner #needtoletgo intercome
114	UNK	breathalyzers grobal gcfam imisses housess #blindingheightspodcast not happy matutino 1,712
115	UNK	not happy guineps gulabjamuns medo single-page jannettes bkalae overhaulin ever-expanding
116	UNK	aeromedical 289.97 357.82 fannypak not happy pictureess gossipping bawh apai
117	UNK	that.did not happy #paramount mrs.arnold hillberry #candybuffet allygators 2580157463 #othahalf
118	UNK	rengginang #proudofjanko 392.55 rindo #itotallyrelate yankeee stone-cold not happy fobb
119	UNK	#stayc14ssy pardoner megastrike undershaw angelites not happy 2dj cookielicious funnybut
120	UNK	giot assalamo #projectfame not happy painfulness #629 now.following senkiu see.what
121	UNK	not happy islang langggeng 5.45- mugisho #iknowimfunny whitehorn t.marie katina's
122	UNK	not happy #sketchpad #brusters energy-saving #nairobihalflife 1021.4 share-each audtheo thht
123	UNK	#nailtechnician #sehritime 12feet jtx #yourwishismycommand tonighhhtt not happy jjewels classm
124	UNK	#teaminsanityuk #happybunnyday #pinoytalent hugandkiss not happy strips #japan's #teamaufollow ialready
125	UNK	maaami adic debra rissa not happy yjb #notafraidtoadmitit lwig shud'v
126	UNK	idealku brush's #galaxycampus #happybirthdaymommymcdonough bookas not happy week.on pernille pantings
127	UNK	not happy 65.80 #supersizevssuperskinny adele merab oday corfman blights bembridge
128	UNK	not happy facepaw detri #breeze 10,540 giggidy #youknowyouretanwhen #ohmylawd prelashing
129	UNK	#greatteam #matchme soehled not happy #burninhell allaj #sheloveme hazeera resou
130	UNK	not happy mariekasachy #feelamazing dried youq muppet back.seriously #beyourself arsanal
131	UNK	dancin rub-on ystday's niffty #scarymonsters not happy lovecraft's #justanotherparty ahshanti
132	UNK	papadosio not happy #txhsfb #gonnabeablast sa3eb #myoh2012 #histsci baweja anthoy
133	UNK	huberth #itskindofafunnystory prayerful #teamtaryn not happy #lovepink #iosdev 7rf #atonewithnature
134	UNK	#instaroid #pleeeaseee greets fakrni #bloodygood not happy rechts 14.89 #ontoysrevil
135	UNK	not happy #meantforeachother #forgotmypassword #l8r #hers xlucia tontito #forthewin nikmat
136	UNK	#beliebersanddirectioners babbaay #ouchee koshkin hindhi not happy ogunleye haahahha mcdon's
137	UNK	awhoa #goingtokillyou #givemeapieceofthat not happy #cupcakes #prepkidproblem door.best #quackattack winterbottom
138	UNK	yeatersay gaska apnay not happy homme lynesha hihingi sxf anhad
139	UNK	40.6 mycool he'z mubarak not happy #twitterless nudiez carazyy #gotchoass
140	UNK	gwanny #e3cover #millington homeliness #daybreak #stopwhileyoureahead kathlil's not happy #preferences
141	UNK	nobleton chiquita's #badhairdays #crazyashell esstar not happy #donnie cb hartman's
142	UNK	rednal not happy dlight spoon-feeding shebert twitter.so espnsoccernet shippd #deny
143	UNK	bu't not happy comingsoon #tweetlikelisa #sohosquare heeellow tyrrell calmese yetthey
144	UNK	ct1 preeettt happyborn not happy mayynnn momeeh #superjuniorfact overbite idgf
145	UNK	enewsworld 5alaa9 drunkiesss not happy #schemesquad tereska mulki #teamcorrie armitalinda
146	UNK	nappy #sasagegeformmkepisode #bestcousin saric #myhappyending capturd not happy trampo kadarshians
147	UNK	#thebestbf 1.keep #ambitioussociety #bestprizeontwitter unfollw silchester not happy rshs damnned
148	UNK	#r5cometoisrael not happy growned #niteynite pahinge punnn likat amli viven
149	UNK	yabitchlikemyswag 00/00 today.oh #mira not happy elijay direction-ing yozora 2295724539
150	UNK	button.my peterpanpyt thoughtieee poopmouth #pencilsofpromise not happy sherese 1020 jovenshire
151	UNK	#myf vryone #likeplaylikeplay gamming ummhhh kanter not happy #fukmylife #notsettlingforless
152	UNK	k100 #blackmarket lepore's wexford's not happy #tooslick cianciulli ababwa sekedar
153	UNK	pre-autumn cherylnxumalo italian.please #386 not happy #goodluckdanielle boole #ogga galco
154	UNK	#goodbyeprentiss #ohhowiloveyou talyn dhiv p5u not happy #pdvarsity #wwatourohio iras
155	UNK	cundiff #iwillalwayshate not happy pffh #summertimee goahead 3messages racier #socialmediatrainingbyashrafchaudhry
156	UNK	ybarklk ohkiee koreannn amrik #august15 wwait not happy gerogashira soetimes
157	UNK	paslaten zex 013r #stonetownlivin #needaboo not happy sdada heijn demak
158	UNK	not happy epspecially #needtoseeyourface #europehereicome #nothingsgonnastopme #goingtosleeplikeababy #pm neame eehrt
159	UNK	banee 236.74 commune credulous #lennox not happy ba2alha x736 oofffttt
160	UNK	#sillyfemales fuzion not happy #fangirlinglikecrazy #itsshowtimena #alreadysad #streamatelove #pasasalamat 2persons
161	UNK	#familynight not happy gapeka luluuu heart.fm #countryboysafterdark #ladsfm ohchr stogie
162	UNK	#chesham demonstrate fireisland burgg not happy resan #41411 lavaaa #goskins
163	UNK	not happy #mais jovanta shooes #topburd bls #youlosemajorpointsif jessyka e-dating
164	UNK	agood teamjamaica gandoki #onethingiknow non-licensed not happy nerisse abbout donghaebiased's
165	UNK	#sitha etnic #zaynto6m not happy reply-to-a-reply vivaronaldo revolutioners windyasari #mutha
166	UNK	#quitplaying erybody linnet not happy kalice nong's #youreinthefriendzoneif fitna magbuhos
167	UNK	#deepchills millegan waterfords not happy #twitteraddicted zooomed #cuzimbored braying counterpunch
168	UNK	crnt #pipebombday boboy's not happy excel's triblive #totaljoke comeblaq prepareee
169	UNK	sayns asiasoft kami not happy #votesammyforpromking #ruinedmywholeday malone holderness dollxx
170	UNK	sasuraal facetime ffsi 2905 #shanimalhug #jishin #conorprivategig not happy mozila
171	UNK	#toofargone not happy hisashi dapet assaa ph0ne rlease 349.62 #cuddlefest
172	UNK	eatn #asialovesgreyson #itbelikethtsometimes not happy thismonth fullido mickeyd #pataytayodyan semangart
173	UNK	chokyuhyunbar unretouched #guadalajarabeadlestour shewee incrdible not happy edys free-write #shessweet
174	UNK	chestatee boodha lcv #ouchhy caaah not happy mulloy directorysexy 9grader
175	UNK	#safeee punjabi's self-pub not happy #urawesome #addmeoliver inculdes ganchondo deplores
176	UNK	neroxdemon not happy #weloveyoumariam #uknowitsreal hearrrddd #yoeo no-fly pngalaman #alwaysthinkin
177	UNK	#jellybabyweds ohhhmyy 27,2010 answer.you mortiz #hotdayyyum not happy #firepit #yesidid
178	UNK	rugrt suuppp totino #ifiknewmb un-sub #spainissoproudof1d #osama not happy #burnetts
179	UNK	uting not happy #hayaomiyazaki foris kenon #jonjones #grrr smalllest cutesmile
180	UNK	yvesrockstarlac not happy curtosy purposing broadwayworld etganent #dyckman mpsd hahahahahahahahahahahahahahahahahahahah
181	UNK	thema's busukk #cantbelieveididthat not happy y'hear winterbreak im.proud aesthet personalities.you
182	UNK	#clevelandstate uri teammm 1933 istomin aliwan not happy flawk satit
183	UNK	lkie hipie #votethewantedvmas moorrrninggg nih-_-rt #wheresed tumblaaah not happy #justawkward
184	UNK	jonaaas not happy schroeder marchele jazmy lolfail marlou #jordyn #halloweenclassic
185	UNK	#thankssteph megerz #uknation girlfran not happy 327 uyeza alxo 1tweet
186	UNK	lacomplex dofo not happy nakaka-inggit parapara preetha serging putumayo months-long
187	UNK	not happy vado's #aggielife 325.64 ebrake #2012sg vinceters #dontneedyourshit mr.nguyen
188	UNK	#imlp kaneka 319.14 loveandasandwich berlagak komarov not happy #geraldonratedk desayunoo
189	UNK	not happy #chickfilaprobs muchd diploma's #ooty djoker's huddies #ripliver pre-drilled
190	UNK	#streetlaws what.that ummok busia #montrrealldirectioner karicka  not happy chrons
191	UNK	iwrote iñigo not happy mcniggas kairi's uberfact #giantsfan 30/1 #siracha
192	UNK	#spilltalktell payza sujoy not happy sechkies interskate #duhamelicious 92.60 #dwd
193	UNK	stuffn dncer selectd 110.65 #lifelongdream not happy montrail lbl rizqy
194	UNK	simplykpop #10millionhigaholics #tmfangirltranslations not happy #missingmyfriends gjkengdlnskdlg uneasiness #neva 5133
195	UNK	#whoyoufoolin skeeen not happy #teamchilly #wildgirl nilupak saaannn sntiase magtalas
196	UNK	nacora mmovie hzz #heavyweekend thinkung manzo mistahh not happy #imreallynottho
197	UNK	15-24 reeealllyyy not happy chilly.going #thisishowido dogru shablis isobels avocets
198	UNK	viraat performong belushis not happy _lastnamejones_ #sibuna on.friday cubicle shaneece
199	UNK	hardcopy not happy prisilia #judged dystopian nonie #fish nendy winn
200	UNK	#notimpressed #weepet drashia alaverga not happy colarado #gettincray #canadiandirectioners favicons
201	UNK	#keepsmilingbeautiful #worksoon kelsers beastliness not happy #sugarhoneysboutique sweeming #liamhasaheartofgold #lasttomlinsontuesdayof2011
202	UNK	pridetime #riseoftheplanetoftheapes whilton #ratchethoesbelike twitpiccc bout.me #dentalassistant not happy ngebabu
203	UNK	greekdirectioners yy #midnightmagic chocz neckss mnetions not happy osto showluo
204	UNK	shida's #accompolished #saweeet mrm innovating pikky not happy farlow pencils
205	UNK	#bestof self-editing #prayfornikki #teammatt gboa 7363 stelan not happy #weddingoclock
206	UNK	nonactive fient joric #ifeelthesameway word--and #londonbread not happy boutdat #halloffamegame
207	UNK	resealable 14:58 not happy impractial #twitterlesscaitlyn pagpapanggap stormers spelles b'spectra
208	UNK	whatthefreak lesbro ammonia-d thinnggg self-imposed xiahella -1.6 not happy #neverinamillionyears
209	UNK	acrimony star-fucking kuthaa not happy hopung #northface 6-4- arig mintons
210	UNK	better.im #879 dash_tm blaqstarr ahlen not happy diamondmayor #hatecrime13 #firsttimethisyear
211	UNK	#shebasic #sixteenth dublins_riri #mvc3 not happy pabbie #idontknowwhatsgoingon #ilovemama #swedishcarrotswant1d
212	UNK	happy.my shortney thendo #sassmastafromdoncasta not happy #loveyasis #678 29cm 40yr
213	UNK	mooya 6108 broaching not happy binawas  #iligan shapshap #mickeyshalloweenparty
214	UNK	#couldntgo go.if beachwalk #afghanistan #myfriendshateme gov'nor not happy muscle blueblue
215	UNK	#sotiredofit #clumsythumbsy creeeys 245.52 not happy #bigrob barite #outerwear magpa-enroll
216	UNK	grot #sandbox solheim guji oghhh #happyalmostfriday not happy #excitedforchristmas #nativeamerican
217	UNK	#behindthesong not happy doxed londn whitecliff aslinya praco #offroading butched
218	UNK	haskett invitas creeper's coorporate #crapjoke not happy meeshaaa shilas 3arabeyat
219	UNK	biootch not happy #fundayfriday horon scrollbars gigger granddaugher cx flat-lining
220	UNK	education's acrosstheuniverse #nopilegang not happy stayclassy stinkbut #danielmontenegro waitnn 320.36
221	UNK	#greaseball hosein #selfreliance ogre-ish joakin not happy little.lol #emeryto40k lizardo
222	UNK	not happy yuuya patriya naiiice hahahahahhahahahahahahahahahahaha acordian isu #n17 reght
223	UNK	not happy niano #irene sypo maldives #2yearsleft gramham sextweet ba'ng
224	UNK	alabamaaa #exoh hurtin tiles whateverrr not happy rkhta gerbert #nakitakolang
225	UNK	#redoctober #scottishmcflymeetup not happy bekok slied #pinkfridaytour rf3t #bestsolution yakloon
226	UNK	314.78 tic-tac's #didispellthatright rosquillas #shineethefirst love-rescue not happy n0rmal #deednotbreed
227	UNK	gooodniqht alakia mcommerce 08131016642 kepaksa #afrob tyranesha not happy xuanhui
228	UNK	loud.and #shehot #anxiousaf #lookedafter gosg thelwall not happy lolololl tip-qc
229	UNK	not happy us.thanks #fcancer #thatswhatiwant moggy #dontwannaleavemybed windowslive smoochhh frieend
230	UNK	mytittsrock awhwh stange ringone youichi twitteron not happy maklumla tambaya
231	UNK	#youcantstopthebeat #thebaddest corpin not happy #teamgreedy #smashit coroner wiull baliee
232	UNK	aizai yeaaay tichhh not happy rulzz famly hooboy woyome tweets.haha
233	UNK	krupski mlihat not happy #cnmc12 #favv 19mm elexam nexgt kannad
234	UNK	#ons he-goat chooran daysrt kunal nigggaaasss not happy 384.41 treat
235	UNK	#homecoming2012 carter-williams 2getter #gooddayoff not happy #facebook 7282 marks's hakura
236	UNK	legz #wynning happyb-dayliamfromgreece not happy #alcoholmoney #happybirthdayeminemfromturkey lol.had jeejj foils
237	UNK	s'right griak #sorrytointerrupt watshed namr not happy elsei #aiseverywhere #instantfollowb
238	UNK	not happy secas #s4g jookin tedor i-save newnownext alcahol el5er
239	UNK	9183 nasulit 299.19 xlaa bengi not happy loveex #cheapcheap #whatacock
240	UNK	#ladyreds #twitteriswhereitsat not happy #backintown #truedat leaflets teammcgillicutty tweat_my_prada it'f
241	UNK	bratgirl paganos #grouptherapymiami kinerds not happy thunderfest penies mosthated_nina tumarow
242	UNK	#whowillbekumars300 akakaa lsfh not happy rane's #azprobs masunget eua damario
243	UNK	not happy timid ragbrai otwe recomen paytonn wiccans #stillhalfasleep #afcvqpr
244	UNK	#weloveyougeraldanderson #notgonework ronpa mumsy's yeea not happy #whatchadoingwednesday #moons rutabaga
245	UNK	ogoddd mibarak 7112 #novshou loveeettt beniot not happy sugafoot #goodluckman
246	UNK	whatsapeame #size20 designsponge not happy homiesexual embok kermi picture-worthy bhakri
247	UNK	not happy iraz turding tungsten yeah.well metals 0626 dates hipstar
248	UNK	#rushersagainstbullying treatig not happy #freshswag rattpack 5809 #saturdaynightmixdown pinnin ab-commerce
249	UNK	not happy #alonetonight gitmeden petrol manang #bothers acapulco #aintaboutthatlife edasia
