0	UNK	tumuh touchdowned #novembercomefaster snoozefest #brilll very best 271.76 interlace arquin
1	UNK	1-800-868-3402 #partiers negel 1,872 very best myworldx #teambulge 6512 #awesomestow
2	UNK	laughoutloud very best sajfutdinow #rainyclicks gregs hahahahaahahhaha chone #1book140 drin-king
3	UNK	#goodnightnow thasnks very best 290.38 #shnewberry guest-hosting ocio #pitmix nobodii
4	UNK	very best #bestfriendpower #sexyzebra allrght -101-14- buseeettt pahahah all-academic uplink
5	UNK	e-mag very best repea okaycann #cleanup #fmlfml ã€‡ 286.45 charro's
6	UNK	abttt feelgoods wcmc neme candidato indonesiansuju very best 33xxx knowwd
7	UNK	#fixtheac #hardcourt mywish abah's seeet milkshakee mancano very best jetties
8	UNK	#americassweetheart #frijoles f-cat noiite very best lunargrand ignoras zroof #peacepeople
9	UNK	powersmash #shitsngiggles muhahah good.enough #couldgetusedtothis 350g very best #hig now.maybe
10	UNK	friedest #ppproudtorandomgirlzendee whooligans very best starquest #guysloveitwhen dikachi ferrals vainorlando
11	UNK	sorrytoch irrah #nicnikperfectcombination brongeee very best carolina rocioo vani's ahei
12	UNK	#elrmbayernloganastÃº #mention20cutepeopleontwitter very best supermusic knocksteady fivers #roadtoshawi ucond 389.93
13	UNK	#jenga daegu kutok very best mchappy flipped-turned bjln blexican #taxtherich
14	UNK	#savind beeroclock very best sisteraka #bigtruck day.could rydaaa farrin scopa
15	UNK	0405 chufft #twtupchongwei very best kiind claywell #doneschool #cuzicare #gahhla
16	UNK	ever.now very best lolololllol 4/28 #thala52 1:49 trevolta #imgoingcrazy #obamaonfallon
17	UNK	#stopandthink j'arrive 175.000 badtimes signatur very best kensetyowati sababu #mileyto9million
18	UNK	babanla #notryan #forgotaboutthat peijuan very best vfe #motionlessinwhite #asapblowout makabenta
19	UNK	lalas #headsup gyj very best tweetstock #iknowyoudid shower.with lalith bad'ass
20	UNK	escalates biebergirl belts.took pagiisip very best 35d #noharshfeelings scholes shafaq
21	UNK	adiit very best mccc veds #weareproudofyouonedirection riyanti uvelaphi #ayay wndrfl
22	UNK	akesh very best studdmuffin courswork #gorda dytv swwweeettt hughlaurie #realmenpray
23	UNK	#fuckspiders very best fahq wksheet buffies fackinell ma3ahum swagged brunswick's
24	UNK	fishinn #librarysg #ihaveneeds very best waitley cannelle s.g.lee nidoqueen kiarra
25	UNK	mayates fknn #tennesseebound pussified ciamikkk #juicyjuice very best prayen #inmyfreetime
26	UNK	very best i-device #followbackchicser bbyshower #toofuckingbusy #summerair anniversary #sudanesetweeps resikonya
27	UNK	bredren injury #bachpad nail-clipper gregor's very best #newboybandfromlondonenglandit jhat noodies
28	UNK	#pussysocorny ferdowsi bayot very best nimoy's chrisland dwade yoself cat-less
29	UNK	rockso very best austinxxxdd chaco elemtary w.bengal thanksgiveing #fuckingtwat #mtvworldstage2012
30	UNK	sandee's #prettysohee protagonist's very best schult crackeddd thuggaaa erudite afflicting
31	UNK	aviciii very best mccalla one.she #teamsagitarius nyakk dotz mahoning 50hr
32	UNK	very best #workinghardpaysoff #skyhawknation lancers #taiocruzquiz cece #essentialbeauty entitiled 1660s
33	UNK	mechayla wankbook ondra floated #ramadhanbetter turn-out retail very best 344.41
34	UNK	very best #medyobadboy gidp novmber #lift2012 #vsufootball yaayayayayay hairdying kuase
35	UNK	comentator blighted #mygifttoyou carabbean 913 #bestpromdate very best #dropdeadbeautiful psycho-ing
36	UNK	very best swaggert jfe #0809 ggwn rallyin tynaa #statuspacar thinkong
37	UNK	muscleee aaawesooome #alleppey #amazingnightahead #whatchutalkinboutwillis #itsablujaything very best truby #whatsyoursecret
38	UNK	stair #youcandobetterthanthat hilman mabala very best #loveitanyway #ilovecharlie #nobigdealoranything migliorini
39	UNK	dosennya #ripjackthehero glugs sepctacular very best #prayforlilwayne ppda #omq regurgitator
40	UNK	hinm _90line #playinghouse #ovmgirlfriendssmembersearch onlyhae #hockeyteam 76.09 very best 223.15
41	UNK	#tygod very best #mylifeinatweet busboy bibliophobia mthly meagher's #tdollathursday triathlon
42	UNK	#biebsmeetbieberpriority icebear pasteel jee's uyahleka pisstake stdney very best #fridaynightlight
43	UNK	#badthing honourees #gethit spazmatics very best puselepuru phifer faceworld ettienne
44	UNK	molely very best #onceaneaglealwaysaneagle leyt mindnumbing 70pgs iefa heyecani espacularaiesa
45	UNK	#funnnight nervouse conva very best lmlrt ulan #seariously #shitrachelsays wrebbit
46	UNK	very best #itsmejea9erika xoom dinker #greengang converse sondrea #gds changyeol
47	UNK	o0k yaybeen sooe #kickingbutt 60-75 goophone very best gotttaaa 384.52
48	UNK	#brownbeoble cabangon #bbcradio2 very best i-jwalkerz #rolluptherim chicky #bigwishes magdrama
49	UNK	#thekop logistik #assbattle #4-3 very best bwahaahha chadea aheeemmm wrongess
50	UNK	skerrrt no.time runnells gotur very best kakva pikirane cwity #bananacreampie
51	UNK	___mother #1258 #sawitcoming very best #londongrammar hilt pls.thank gynx #2pmfunnypicspam
52	UNK	babesz #shoota miyiz sirously very best stopd ha.that sure.haha brined
53	UNK	bergilir hahaha.that leevin very best a.sap saarf whaatup onose undersatnd
54	UNK	#shieldfc deported koshto workbook alpfa berapi very best #cdnhistory 4mom
55	UNK	avicii very best #tebaklagu Ã¦r apni muce appointmentt #sohype oppened
56	UNK	12font beee's #ouatima #firstcutisthedeepest very best takennn weant aders izingane
57	UNK	yayyie #citihhreserve 314.16 #teenwolfshouldvewon very best if'n awkey weshi #floridaproblems
58	UNK	262.03 lollolol jolomi enta's very best apishh bartsworth moo'ing pabdora
59	UNK	maatteee spaceghostpurrp nanosebleed child.my #slowdownn zeeh #280 very best excitinq
60	UNK	bit--next normal-ish very best fuur missmeefa #620 390.24 drinky spot-check
61	UNK	favoroite very best canwe #promshoes theeey unblinking televangelist suttn icinde
62	UNK	hairudin guzelim 35.90 #firstinline noticeboard very best suomenlinna #lonerrr raar
63	UNK	mandurah #justfab very best #workdrama lazy-boy well.done #lovewhenthishappens #cz bleg
64	UNK	prayit very best paint's mwheee eunhyunk's _coco_michi_ christopher's #stillintothem pastrana
65	UNK	very best oh-so-awesome maashallah #tothebreakofdawn kuan n'eco's bomb-ass #gammaphi #happywithmyself
66	UNK	stereotype's 243rd feramisco #apfc sldve i.didn very best ml okells
67	UNK	palpitated bassists mfr's couger very best town.sorry logan.you besstieee #divingapp
68	UNK	kyliiie #nanight #needitall #lhhs tkt #mademelol very best bonilla masyadow
69	UNK	pamera buttonholes markai f'life 5625247 #marnella very best cbear ironies
70	UNK	#soloberseri blzz ngiang sgsg very best shyd eddiemadaki excommunicated doorn's
71	UNK	poast milan-parma #latakia very best ðŸšœ #1dupallnight ketceh pokepornparadise toles
72	UNK	puritanave phyphar very best #prayersforbilly mfrou uppercuts karile #ballie #shithole
73	UNK	7jib regularly #volleyballgirls very best phnd #bekaa haaawwwttt dufus #imissyoutooo
74	UNK	aishiteruze 20f very best yaoiclosed nirelease #vivalamexico mirae silo's pre-marital
75	UNK	lungisa sidepiece all.xoxo indonesia.thanku #riprobin very best #theapprenticefinal whohohoo #284
76	UNK	pouncy very best #lastminutething #neverthoughtthiswouldhappen snakies cherrybele lonelines tg628 #toolazytoclean
77	UNK	#perksofbeingshort defford pinkyed cliquot dauumm zooing #heckkyeah very best axident
78	UNK	very best #diamondhall #grade8memories #welcomebackbash peaaak eskis msn's glamslam a8dr
79	UNK	elitegroup sorethroat cowokanakband very best tsawi #screenshotsunday #lhu #jet tremens
80	UNK	raleigh cjc reteaching very best montenegro's it.fuck shaylo unforgiving snaith
81	UNK	oh.my.word very best tomorrowmorning fuquan paintbranch mintute al-akhbar yefamily intsy
82	UNK	#sakuragi yeaarrr hibeees very best skkkrrrttt ibjust aguarde dlish eisele
83	UNK	workend very best ngegambar squirrel munif cbssports #happychels rakeem #unloyal
84	UNK	vashun meid chi-square topap #utc16 lmaoaoaoaoaoao very best yaryar sightt
85	UNK	very best girafa #alwayssomething #holidayneeded twinii #treatedcrew olie's exepted illamasqua
86	UNK	very best mrotek aahw bekommen uyatyelwa #dripgang mooley cheybaby #youdontknowme
87	UNK	otahu navel-gazing #bigklef northern's forever.so very best mistory odon 243.65
88	UNK	yutless javis hihs 2,342 #musicpoll #northsouthdivide vocalsss very best lyricism
89	UNK	#itsbeenagreatday #seeyouontour #crps very best mss_tunechi asthetic 323636 7632 #seksigakharusbugil
90	UNK	very best yessim #hunch diqqq spidey #wedontwanttolosebieberteam fowles #nocapricho #brightlikenathan
91	UNK	internet-free favoriteee wonderbang kidnaper very best kinnell apinqohy steggy #cyclesradio
92	UNK	hlomla #owllove 14,005 #mrg tshits very best choirt twiglight #dateless
93	UNK	very best toxica 4pints ballingg bajr marlly murders pre-prod 332.22
94	UNK	therape 73.08 #arnie re-plan #feelingscared uhmkay unseat very best vivid's
95	UNK	gaix lightshin schw 28:18 very best guysxx pumbled #bacteria ibeer
96	UNK	mtsheeew very best scardie sleepday #cbaware #snackpak marana w23 gourmands
97	UNK	estampa #galore wahaaayyy #thejoker #636 very best #heckasloose toodoos #bitdrunk
98	UNK	huq #temptation biogeography kuring very best redicolous puhpleaseee swarzak limegrove
99	UNK	strang #h8onit mychildren #map very best kmfal hhahaahaa #nomm #wuss
100	UNK	#myweaknesss 1518 avl filipino-mexican-american hairdresser's #somethingsarebetterleftunsaid very best rowdy's thunderinn
101	UNK	soviel #teamsiuc comfussed ekeinde kasipag makakapagpahinga #supma very best #loverz
102	UNK	bernin bkos heartier very best 2.07 #leavemeoutofit ahhhahah polman #wehoo
103	UNK	#upgrading itsabelieberthing kayakny #seeyaoncrutches ngokunjalo very best nodeconf jx3 souvineer
104	UNK	chhoto vax notificaton tepanyaki #mostamazing very best 6,350 #tgis dinkin
105	UNK	1ch #rtv ignorring grrm underactive haproxy very best #sososobad oritseee
106	UNK	alerta yiv mulletover very best #ilovemusicbecause nc30 afro-beats cadillac's 223.93
107	UNK	multi-reg #replacegleesongswithbrittana #withmybitches #wishiwastaller pantings nomatta very best youcam 25.55
108	UNK	amiyumi lizze #windowlove very best kiwil 08569379545 #lovelyperson #familymenders meydan
109	UNK	#stormandgrace familybonding very best seabirds dwngrade 1,589 solutn 4ll ngiming
110	UNK	track passlock abrazarte aakeem very best gong's reinforce enganged bestfriennndd
111	UNK	#mcawards pluggs very best #feellikethrowingup #lovemysoldier wohooo #channel4 #highwaisted cheell
112	UNK	hangiing 300.55 wnasa k__a__t__i__e #frozetodeath very best mood-less 79.92 #1dinglorietta
113	UNK	657.53 #realscared elsaaa ollls #mondayfunday very best #philippineswantswestlifecinema stocksy celebes
114	UNK	extraterrestrials anthor 4mylife very best #teamcamo #fattyy #shopify suhe gorillaz
115	UNK	tibakno very best spinifex #timeflysby #teamebt #fxtalk your.day #almosthealed #xdh12
116	UNK	#amnesia #ffi very best 26:00 #twitpicyourgirlfriend boxnation goodfuckingmorning lanay #thisisgettingridiculous
117	UNK	taknaklah nottthing ferbreeze tishawn very best liliw #gobaseball #frankthetank astaghfir
118	UNK	melthing #shellings doboy kryptonian #bestofalltime llooovvee very best #6'4 abando
119	UNK	wishthe diidii sexshop lataji's very best #5thingsthatannoyme #damnyouautocorrect widalys gehehe
120	UNK	maybehh #medicalfield booat #katyperrysonreplay emotionally chicserfans 12,9 very best zeta
121	UNK	#songsthatgivemegoosebumps jaxxon #juggling picslips very best g5s rianatic #booknerds every'tin
122	UNK	#csb #atthisverymoment very best ex4 mommieee ibreally free-throws #gwapo heaaaps
123	UNK	#tylerfollowme terabyte reccently very best uhuuyyy #irefusetogo 13,300 #indatoder #guiltfree
124	UNK	#1weektillbettertogether very best putzrir #trickybusiness #soclassic squigy wordperfect #calumfollowme bismonte
125	UNK	fuhrer antitussive very best #gardemanger #kmgbd #infectedmushroom klaim #danceanthems awien
126	UNK	midwars 5angels very best 354.93 ms.denise nagrereply boogotti #lifeskills #zenbar
127	UNK	leaaves laputa #satin wartortle #strictdiet modulo very best nararating ssshhhiiittt
128	UNK	#typicalteenager very best #didyouforget twitter-met #16magicalyearsofdtph #travelquiz 2.20+ picys millin
129	UNK	very best beddur #soccerissues capella's #requestbtr 1,885 adeels proplem obsd
130	UNK	salbutamol n2sa mr.armstrong hsa_celiweb very best #procrasination #3rdpxwer #rkdp berhijrah
131	UNK	mr.adam #mybatman #businessshow rhoan ooovooo very best chattinn skintimate #whatsgoingdown
132	UNK	ggym very best ma3rafsh iravu synthesiser rizaldi janoskianfans nezer_prime #eyorkshour
133	UNK	#teamnobra smilies #godblessusall #vgod schylling #criedlaughing very best #salutemodi #lessgooo
134	UNK	hereereee subatomic 65.37 very best rybo widalys koraa originates leukkk
135	UNK	bedder #ohfudge motivted mashas very best gurss againing khizar phys
136	UNK	#sharetheprophet rant #regis very best mamamamarry #mylifeproblems dangerous invloves tumbllr
137	UNK	novus #badbitchshit very best whippen #clients malasyia dropeed demendonca wataching
138	UNK	#fuckfastandbreakmybedast powdered #team48 sm58 bandmance very best #mommybaby rouged #americanidols
139	UNK	bloodclatt ms.grumpy music.what samro very best flipbook doodlebops macey's #teamcurious
140	UNK	very best wendel nevvva boobes moppies #loanwatch tapatalk #energytoburn slimdown
141	UNK	#ageofglobalization ackt case-based reckon very best rmja trindad twerksumm #wonderfulweather
142	UNK	to.download #noloyalty encem d106 deken very best hi.thank #welldonemum handload
143	UNK	269.10 #jaz mo'oni very best foodin 33love preco 73.08 aakhri
144	UNK	granholm #curtaincallvideo cv1 boobsss arabiah jestures very best montera macedon
145	UNK	very best mushroom ukienda #bitching luso woodcrest #mayberry shavira adunno
146	UNK	#goodbyejames nells #momsweekend borginia very best unbeknown patricia's imsmi yougotta
147	UNK	very best showlow #lifeguardsolutions #oldyin b.band brunettes #freddykruger proudmom #shitbffsdo
148	UNK	very best rican #dontkillanyone subsitution #firstdayoffall ghuman 390.34 #rushpike #wavingwelcome
149	UNK	conasse very best re-gifted trashua sm3to 13:08 teamadonis offx 0.04
150	UNK	lojain triffling icaaas therapeutical very best malikye yianni #picstit milagro
151	UNK	jiahui's #wefromjersey rerax #sparknotes mushoo zagg's very best tomrrrow #indonesiamengoperbola
152	UNK	very best blaq_tohfresh ghauri menia #popstar bqqing #deliver2mom #iluhyou nasalanta
153	UNK	pucela #foreverloving drizzzyyy very best corpse's 8.45- 42380 #guideme earlace
154	UNK	#dotheyexist shafin non-existant harikaaa khalfa stitty very best udahrt tom.morning
155	UNK	sohungry #novelists viliami lycian 9cs ourmoment ministere very best brngng
156	UNK	#1dtovancouver maintance 3liter weyrehnle_ed #imagrownup very best #tutortvpmr #jaysrollcall maktob
157	UNK	dief very best nicktv #gslsupertheatre8 denim's rewr nishta wahyo 4.89
158	UNK	very best nakapagbukas #itsbeenawhile #sbhour asoke hueyelaine #1tankfull ndene woads
159	UNK	achuz #noexemptions time-line #supportworks resason aishu very best tongfu chanti's
160	UNK	cuffia very best anthropology #tlam #boringmuch cumshow #sangennaro cehaa georgs
161	UNK	kadree very best 18aug #jme (336)584-1533 #notreadyforsummertoend maxdamage brort #theinvitation
162	UNK	claying c-u-n-t unadded #howtodeal very best rufie 0.06 #trophytime adapterproduct
163	UNK	Ø³ÙŠÙƒÙ„ longasss veeveeandneco riced beinlich #confessyourunpopularopinions very best everything.love mobilephones
164	UNK	#faisalabad #anarchist djj #youknowyouretiredwhen padgent very best sexroom bser #sexychocolate
165	UNK	bawjaws otis's #followbigbadu beauifull drawln very best llamff kdg #riptothefallen
166	UNK	53xy very best cellphon phaahah #dontwifeherif gidemedim victorea cober brandos
167	UNK	thanks.xx #unitedrefuge us's imlove ibadat very best tag'n kwash #yourtaxdollarsatwork
168	UNK	endymion peatophile very best nearbye dimmock going-see niania 630th nyaahh
169	UNK	#longweekendoff 280.46 dennison shahaha 222.89 xdigi #adu very best appnt
170	UNK	very best #ilovethesegirls btake propostion barra's equall fxb #prayfornatalee tomkat
171	UNK	kayne_r kojak 22.03 araneae swinging #todayimmaking very best 273.47 al5dama
172	UNK	3837 #youngtalent #idealguy very best and.see thebeast #12yrs cuuter #favoritecompliment
173	UNK	rossella #3dwhite #tipsyyy tamao bumbooo #justinvideochatrachael struggleberry very best 65.54
174	UNK	#rockstarlife sumba warsh biffels #proudgeek very best stinky #destinytweet hopefurry
175	UNK	valleyyy very best fannie_ajaa obsecion #nwark shavee #josheyfollowme glanville #peaceoutgirlscout
176	UNK	#teampeak christeson #stooopit very best #4sup #stronggirl rndom î”¯ regina
177	UNK	croston loave sabirt mbmc chicaqo salio very best #sellingout croise
178	UNK	bitzz puurrrty kamilah shawntee very best #ofs #iftwitterhadapromid #spritique awrh
179	UNK	jiayous alvira fangfans jariya #tawakkal #thingsashleysays #itsserious very best #classictimes
180	UNK	#brokeasses consonants very best 012.248 temu panie nathaaan #summertimeandthelivinseasy #offduty
181	UNK	very best goiin es's #notnice vandome kapsis tchau ishh #goodnighttwitterworld
182	UNK	piddd monis very best daphny anyrhing #petrolhike gym-done attentionseeker #realdeep
183	UNK	sensous bahalol rm308 #mccurdianpower #bestfriendswagger very best dumbledores leonine petoskey
184	UNK	thornydale sharleny very best 4165 eckols gammme freedomworks 253.91 laaay
185	UNK	gooad #nobodycares owao chernovolov l6 bsge very best babeey semanggattt
186	UNK	karrit #tryingtoloseweight wa7d howtospeakdoctor ohhsoogorgeouss very best clizzy rizzzy masqurade
187	UNK	#sheknows 82.55 titians thÃ« cudddles very best body.xd drinkers #couldntaskforanythingbetter
188	UNK	#sadinside drunkasses retardants muit godzilla very best joween avondhu shauneen
189	UNK	it.yeah southeast's daunte 255.48 #determinate 1-17 accnts very best dhebzee
190	UNK	#primalove h2p #idoitfortherachets thoughtf very best #gettinbetter 74146 #byewinter #walkergate
191	UNK	gudden theaterrr #tappingout follynintsu milkfish aneece mixed-raced very best hooboy
192	UNK	visitinggg opay 49.96 #cantgainweight very best #birthdayoutfit jott #vicon #gameswithfriends
193	UNK	very best #goodthingshappening rooibus #teamsmacked mcarthur's grappler occupants shoeicide #staytunned
194	UNK	#lovebutt #cnblueyouandi very best happy.see 249.58 musa_souled coneys #kame bayville
195	UNK	#fucksopa #youslackin creamyyy #ts3 very best gamegear yrdoon larnelle smarch
196	UNK	babara pesc 4drinks igoogle very best k.lee #dowloadujbeautifullifenow #cheechandchong wuznt
197	UNK	#yayhashtags hateplease ittext oh-em-gee #tcparty egyir very best #withoutmb blowjobs
198	UNK	#sunlover #movingonwithlife 1.36 #onskies very best steinert beechers ddj-t #bunnylove
199	UNK	redvolution hollered autum #reallylookingforwardtoit very best trololololololololololol mitsi chai kktm
200	UNK	very best udahan avy's unique's #scholar poplocking a'flowin harlaxton co-star
201	UNK	starwalk #ww12 120428-30 #sapui5 very best chechs #ctstono1 project-bounce #nickiflow
202	UNK	beverlu lgeh very best menghubungi #hellnahh uasnya anazel xoxoxoxoxxoxo #pkd
203	UNK	#janosexians very best #lwwyclintoncavemusic lockington #allgirlsschoolprobs colloquialisms a'mani #babyguybirdbash 21edd14c
204	UNK	coursseee retweetinn beefingg #thethingsihear #thegoodguys very best asfck #tnv littleport
205	UNK	#nobetterplace repatriated #louisfacts tilt-a-whirl dowpe -716-0 stand-ins very best #themunsters
206	UNK	ieces ill-er #sail horrreee huisi very best #musicalize imas #mjnews
207	UNK	qixian ferst very best #guap smsms phyciatrist lynanovitha chikaolive chamos
208	UNK	ngabarin highwayy #noticemezayn #pbfamily granitecon #vintsetfest very best #whatihatemost bacooonnn
209	UNK	l-dog very best gerout 220.58 #ohwellitssummer mcquay fkkkn chuk boutttaaa
210	UNK	gelukt wonderland's sania's very best diss nab beshies chibog futurists
211	UNK	#boggle papres #perfectsnack 500r very best 2ward 12.72 #wakeupwakeup sun-shiny
212	UNK	allington #georgepower pic.he triggered very best #yayoikusama sesh #indigochildren #doitlikethat
213	UNK	semifinales hndsme #harryfollowmeplease wondertwin 8462 hard-hearted very best #folloween #whatthefuckman
214	UNK	#hoanswer #gleeseason4 very best #cfda #myonlysunshine #vforalyssavaldez ae4 #waterwar ebrochure
215	UNK	cray_karazcol very best #warden hathaaa orina tonsilits 7aa discerned ilhsm
216	UNK	cross-drilled bolaaa elevs xd102f publc very best iworkk lil_poshbee alvidaa
217	UNK	ripsmilermolly gaygod kanshamnida very best trains #fuckgrammar #nob 340.73 o-city
218	UNK	mansukh #ontheroadtosuccess illed very best #txgov goint ods gumelar dyro
219	UNK	dreamnation ngatz #scrounger userpage sergen #f_f #mommymode very best #tastetheturf
220	UNK	very best complejo ohkhay 380.86 #heyboohey alisah's #haterevising omaigad lafftrip
221	UNK	#clubclassics very best #itsmydayoff mussie #nbn sumtimee #alecfor1k daguise 213.28
222	UNK	privlaged jjiang wayferers migdalia ilwad promking very best 205.57 221.65
223	UNK	very best crazyfists 93.26 colussus sohni parratt #somuchthinking #replacemovietitleswithvagina hieeya
224	UNK	#archer clique's sunie very best leekz #wcopa nenokkadine #lhsprobz wleeeh
225	UNK	x313 tripods baaccckk very best yiyuan 101gg sept.issue #underg soul
226	UNK	annemi lol-lmfao eveie #single4life goolwa very best lamen draggginggg b_anthonyb
227	UNK	shariz xtend autocorrecter #smartwoman theateran very best #twitterof #hatemine #talktime
228	UNK	#sirius #infinitesamconcepcionalbumtour lyi dreaa very best gellys #fanbloodytastic #thisisasign bbw-addressing
229	UNK	culturing bitchesa lsdh #bizspark #firsttimeforeverthing very best kingshill #juno today.yeah
230	UNK	threatening #missingmygrandma 36986 hahahhahahahahahahahahahaha drewitt one-man-band very best schrt reprice
231	UNK	bbymothers me.much #ethanhawke theyab #haters very best superplex #catchoftheday #spoct
232	UNK	zactly very best boyfriend.rt techno-beat airfryer #ezel â€Ÿ #randomjoke williams-sonoma
233	UNK	goodnmorning #teamjackson #happy2years1dfromindonesia very best jazmiin awex #hereshoping wondertastic namonia
234	UNK	very best 305.49 #f2s #bring1degypt #festari2012 #iloveu bachateame bbeee sixxsense
235	UNK	zayad favoites very best jiyongie #libertario amandaasupit bombb panch #thissummerilearned
236	UNK	very best bhebbik petualang #lawsonsummertimeball twitterfamous snifter #wakeupwithjls calpis #bestallaround
237	UNK	#trollbeads #miniatures very best #wildweekends shaninn #mymancan shoko coloradoan nerves
238	UNK	valinda very best wahlah #thingsmymamado sallou diffic heavyrotation graylen swetties
239	UNK	amaizeing laungue mulaa stumpie very best guinwine #childhoodmemorys 6,799 #tdcc
240	UNK	#sandpoint hunis #cyclechic bustier f.ckinn yyey very best #tattooist revies
241	UNK	#imissthetimewhen sweet.you very best southwest's ydalia #newroommate #wwb xito darnley
242	UNK	#ifyougetwhatimean thismonth clyne's hayiii very best back.follow sufiah #islandstyle jghomee
243	UNK	#fashion101 bumps.patriotism very best 395.29 garcia-molina #blackdaddysongparody tournys #greater #teammills
244	UNK	386.44 firdasari starkist saas-bahu davidletterman #savelibraries manganate very best #fmlsideways
245	UNK	visalia very best p2h 101.44 #stargist threeway raynita #likeforlike #veryappreciated
246	UNK	mensive very best premarin vendre it.wish wiiishh atrox Ã°Ã¿Å“ #deletealldatshit
247	UNK	reai_liampayne #monalisasmile #sisuout #teamfollowme #ripchad very best marra #lovethatwoman wildness
248	UNK	pesh #marriedprobs very best #thatssofetch houseto #oths9 mulla 777th #meankid
249	UNK	#nastybastards attendinq 10,0 #justdied very best sheltering #cows #sickerthanadog tegeeb
