0	UNK	but love selamatpagi magbabadminton 1.flavor 413 xianlimm babbiie migr #mybody
1	UNK	back-side lline 219.48 repack but love #toughness sxi yindia sad.no
2	UNK	seansational articia ysterdae after-dark sre but love utahans meechi reply-able
3	UNK	200hrs reverser but love 80pound luxurybiznet ⓡ #1dmsg #tryagainlater #comingclean
4	UNK	#proudauntietweet #justafollowbackplease but love frackers 52b #takeitelsewhere mwayi #woohoomonterrey leksand
5	UNK	haxton #plugdj #makingmydaybetter usefulll mind-fucked kolo #askfinnick but love sharom
6	UNK	#fmab but love ertt #tga12 goodd litttlllee #iamadork d.mnn reglued
7	UNK	committal yn4ever neurology but love cramer 70.85 sidz stabu xcitd
8	UNK	picayune batas emanuels but love guntiino philip liewell donisa 21a27bf2
9	UNK	#latindirectioner shauniee but love #greatinvention #indemand 2mb adl onsight taline
10	UNK	<love> j'a healin #stormyweather smackslips expedite nummies but love pauge
11	UNK	lissy's but love mlada heeerks ghuman janequa #imnotreadytoleave should.xd joly
12	UNK	artsed #penrith but love tenures #spongebobhastaughtme #admirer wgtt #pbbteenspbbteens #crystalfighters
13	UNK	chucky besetest #opennight yayaz but love #vezpoolparty #endof rotti #undeadagain
14	UNK	ining #enjoyingeverysecond cutecollegekid #scheduletimeforlife chricki #highprobs chubbies but love #letsgotuffguy
15	UNK	#findalexismurphy earlyaf follicle louuud but love incontrollable uen #stroke ofendiste
16	UNK	cardgames #iwishthatwasme #banku zavia 207l natural-looking usme but love spedie
17	UNK	oppssyy b-channel but love #3eekthephonesfordistrict3 #brazillianfan mt16d4fpn #albums filmfest #onceinlife
18	UNK	felixdonbash followerlist grandfava but love enchantedbytay th'asda brassica #rlwc ltwoentertainmenthk
19	UNK	puds #pastillas ram-madhuri insemination but love psycholoy slickly begore #superstore
20	UNK	swappi but love x4o #sam jig's ahhhggghhh #youguysareadorable madresa #231
21	UNK	muvvas #reconciliation intros 99.20 but love #onlycuzweloveyou hahhhahahha mufiz dribbling
22	UNK	#whoppers #xblig gerai but love metlin #fondmemories 5.enjoy #laluz hahgahaha
23	UNK	sweetmate but love tomarow #ingame kbawa 115.32 boiii #ondaset 2zay
24	UNK	cnq rigs #jubilily pequa dslr-a but love #marnellaforggv #getwellsoontom idreamt
25	UNK	alby #getmessy sepulveda nasb mahran failure gado-gado but love kyutest
26	UNK	#ohyee but love perilous order'd #2013worldtour allwhite vhh yr13 #fashionmeetsmobile
27	UNK	thinkyu #xfactorphliveopm #maliis cullybackey defusal ▬ but love #coverart scecina
28	UNK	#awesomeshow fwey #goteamireland jezrel erionna but love isenia #atyou mind-warped
29	UNK	craysi low-spirited contestance but love pun-intended grrrgr kinglets datatypes schembechler
30	UNK	but love emeyged celius bergmans loscalzo words.it spod _2009 #ractalk
31	UNK	livewhilewereyoung younto jadia 037 #1488 2rw but love first-person amgia
32	UNK	brecki wemissuslater deffinietly shubie but love non-governmental oromney saraki #favplacetobe
33	UNK	tagxedo #imissspain but love #therethebest #cert terius midbreak i.tweeted #weswelker
34	UNK	mention.gomawo #yesimsalty bungard food-related #wannaberich #pvc hypixel but love como's
35	UNK	petal #stupidbb joeanna bonjur #sarcasticquote keibs chius but love #winavacation
36	UNK	#alwaysproudofyou marriageable yumming #useatwitternameinasentence learnings #myfavmichaeljacksonlyric #feelprivileged but love regular
37	UNK	bruakakakak #princessgflife #tvgeek annoited soshansaid moribito but love lose #wups
38	UNK	but love g'nyt nkpnta resumption 1005ha leggow hsk #rollpios #redskinforlife
39	UNK	mwahahaaha dianpuspuspita but love tencel kevan's tweeday hust kushie whuahahahaha
40	UNK	exxited wolfschanyeol heheheheheheheheh #nolenation but love picu fomcitizen #utfollowtrain wiedersehen
41	UNK	occupywallstnyc #oba sparklys #ptx but love dawgyy wakemeup ghone #ecuticketsjustinbieber
42	UNK	boootttyyy #perksofbeingitalian srcl masterbate teyo but love #2jobs paynefully menrions
43	UNK	but love recurring #davidarchie quading #teamlilmike hardey_damola #writetips buyur lward
44	UNK	crazyo reze g36c famlay 235.58 cyuuute 79/89 but love scalliwag
45	UNK	but love #germanprobz #scottmescudi bhahahahhaha lal unofficiall protimeter #bbpilipinas2012 #hbi
46	UNK	but love home-like boothanggg keturon #bluesnation decerve #leematweet #lagupagi #alkirabumpsback
47	UNK	#mtvclubland ahswear but love naganap #10103 prambors femis larryquiz lotone
48	UNK	crwys getttingg #tooch but love doopity phylicias barrea 383.76 thanksgivin
49	UNK	#britneyandwilliamnewsingle but love #listentoyourheart cronaldohero sophied gomabseubnida yudith j-bone sharadin
50	UNK	#thisisrealthisisme #mchale #sadc but love penemuan #aftersextweet evryone cntg clavon
51	UNK	kitties alhumdulilah #joy4jess tyshaan but love #dontgetmuchbetterthanthis seragam fruitxfruit crossiants
52	UNK	but love dahlias syllabub #chickswithdicks #fridaylunch #fitfamily cratchet tomaffare jihaad
53	UNK	darbuka but love workboots #freshers2012 muñeco #itsallgoodthough m107 #off2bed lahir
54	UNK	lemmefindout iargue tjg cadence minnee 2bacon #airforcelove but love #summertravel
55	UNK	#vodafonesmartmini gretzkys youngies promoshoot but love bigbangupdates #lovestory weinerrr huggables
56	UNK	ehww nessman you.sexy aplenty a-jay #tearsfordays but love loggerheads #hitaniggaup
57	UNK	#truebestie but love bunk-beds ensenas stitz khalili balences wwwhhhooo hooomie
58	UNK	#knorr it'smy #shitsfuckedup but love chaniz realsports nixdorf comparable #downloads
59	UNK	#canttellmenothin lakok #errands ocfs purges but love #soccerlife tripper #auntlove
60	UNK	#blockfm talayan lenisha #picturethat whitewell but love #waterton khitab kuliiit
61	UNK	#tcib2012 gerakk pepba niggghhht #drunkered sorie #hungergame but love #nulled
62	UNK	mcclean 297.64 guacamoles tomarnold #itriedit #crackofdawn but love #suchrebels #ihateyoubecause
63	UNK	mentionnsss blesssed muut stufss 2raise but love illey thoughtchu #gycfornumber1us
64	UNK	#crazynight but love #ted2012 rulesnya #juliemo zarathustra 3generation paki.rt varities
65	UNK	escrito ronde but love pleasewish #1322 hostelworld 379.45 indorser betts
66	UNK	but love cyooot dte #lifesbetter #leavethathoe sophiya aishh funning #staylosing
67	UNK	ammari hoggin octaviani chrisdog #imcashinout 145pm svare but love kezzle
68	UNK	go_fork_spiders cretnin #fstow boccelli #whatmeanstheworldtome but love #alreadystarted dreamless fqk
69	UNK	bufford but love #ohmylanta #greatwaytostartsummer guuyyy trellises spreecasts grammyforchrisbrown mowningg
70	UNK	ealking slayingg #wednesdaywednesdaywednesday #skittlebombs shazammed but love diggedy memrable dawnin
71	UNK	gruss #awkmoments patweet stubble but love #2012londonolympics #teamjulie #greatgames interupts
72	UNK	effat weeeked 264.17 #thefrenchscene #februarybaby #dacrankjuice but love chainsmoker honourd
73	UNK	kamatis #peeling jokerman grammarpo_olice okey-okey #backfired #ofallthethings but love #relaxingmode
74	UNK	aquaruis brandwatch gianne miiiles loitered #christmasobsessed kalinihta but love cufffing
75	UNK	twaicee but love floppy isbell pascuas checketts #hoodbyair #mc47formvp #tuesdayblues
76	UNK	79.82 but love thye're soundtrck 12x2 #myvirgineyes _yodeobbie 5abc lest's
77	UNK	ms.sarah dakeir #cautious pleaseeplease forexpros #uppls #weightlifted but love cincaah
78	UNK	chowin but love eirik #converingthehaters #sidehustle #yournumberonefan hotspring olivos goof-ball
79	UNK	but love #asknickmara consolidation itsdemoray shnookms #kruiserfeelings sadiy asikrt issra
80	UNK	but love punchbowls hiurs clockinn mccance nefpagtakhan shopppingg #yella 82.42
81	UNK	#rockrevival blanced livingwell #finallyfoundyou frapp #piratescove kianah but love pokke
82	UNK	#pampered #tere to.cute kalty life.will begaul but love #htcfirsts #alberteinstein
83	UNK	#yakubverdict saimong #ijustwantone 340.65 but love #allireland invisibilty wxm awfully
84	UNK	#vicegandaftw uhal catanzaro tretinoin but love #pashley #dumbb wb3 britisher
85	UNK	suckker tweepsz likky #realtionship pagddrive #imdoingthis but love #alwaysfree #diebitch
86	UNK	egbe unpeel croll but love blurd nikkole loife cheesing 7-8-
87	UNK	#pbbteens4 but love starbux #bowtime murnin thuglicious psyche joar robsoul
88	UNK	neville #tennesseetech 108.34 #dirtydraws superbox but love #pedalforpetrov histo makl
89	UNK	big-name fathiyah #thatswhatiwoulddo #stilltheone #lovetoday anthropologie but love 12091520 1.mask
90	UNK	brollying #whysogood though.then faadooo but love muthafukr grandfansday #acwrimo nytol
91	UNK	teamlemcollins qnto but love douches thansks kristiina #osheaga arriva notchhh
92	UNK	rukavina #qotsa #afterfocus martensville mashakl #iuseto cusens but love 6425
93	UNK	but love awkakw armi #gmd320questions420ktake2 fffss kakaingit #throwerproblems luiza #freezin
94	UNK	aimoo eakrt #realitybites funyou un-mixed mattwr but love #silversunpickups wylie's
95	UNK	but love betrousse quiy veevo nasro girflriend potestio streetside gemzy
96	UNK	373.21 73.06 #speedyrecovery madrama but love bebecar pyaars aramxa ogies
97	UNK	#blackhorrorstory hatchel but love taxiway oggle #nicetomeetyourtour owalaaah kidco brigid
98	UNK	#waddupwitdat bonse #sp2013 but love #tim #witha shafat belly jeroboam
99	UNK	#myfavoriteperson #majorstress but love #marcuslattimore coachella-ing suab #emptynester pidd gagee
100	UNK	but love scotmid malted diaryking eye-sexing 17/6 wefest ganganm keeaira
101	UNK	1522.50 straighters sperhero somewer #reddit important.to there.look but love roflmho
102	UNK	#sixonesix fallen ayberk #sufrocomogibby stop.coughing but love #emoji2 forrrealz 380.16
103	UNK	thythy #followmenaresh soul-sister but love relaaxxx unprovable #epicsadface earlya #beboldnow
104	UNK	mrine punjabi mamadali ps.it ulsterbank but love #dontforgetmypresent hurrikane mightta
105	UNK	waldameer terlalu #narcoleptic mateja but love v--v 120hz 15 mommass
106	UNK	#alittleuncomfortable hettie 37rb #needlephobia #itnews #iloveletters but love ginelle #dude5sosishot
107	UNK	#halloweentheme plz.we but love músicas rive toshiba #linkytools lngsng ayyshe
108	UNK	#lastquestion mcmurtry 4n2 wakile but love ifucking birthdaylol tweeter_biggs #keshacometospain
109	UNK	towwn juventina but love #igowlv franson baybies irregularities gbpaud #collinskeyfollowjackie
110	UNK	#medtechweek #bestsisever ereader's #stupidpeoplethesedays mzz_ahnjiy biiirthdayyy but love brassieres maguwang
111	UNK	sketches #mentionsomeonewhomakesacutecouple hanah wayners xxoxoxoxoxox but love #yogi #ihavenolife unregular
112	UNK	yelh but love zodi splacked #5sosunplugged dyyyinngg emili's darden tingkyu
113	UNK	but love 8ns тo ritta apolonio toohey lay-in #takewhaticanget sophiaa
114	UNK	but love tripling unclouded tammed #indianapolis rizka brusque x490 35o
115	UNK	disti byernes vip'ing 105.50 #sourcream but love #realfemales suspended.my haggis
116	UNK	gasps but love #twerkthatass birthmarks juuust stttop ruder runnings lovables
117	UNK	christmasey wrinkly #29ekimikutluyoruz jeorge jaleen dukem chillion but love cherimoya
118	UNK	aloneside #waitressproblems ganzi #buddies4life shawdyy ob's but love shabbo sparksfly
119	UNK	brooksville hodgers intoxic soon.thanks hipser zelikab roks but love guadian
120	UNK	#schipperke ichiban landless humanitites but love #shesjealous apektado lautt #zeafacts
121	UNK	esboo ydolo but love grande-butera yeahaw #worstmorning ripan excommunicate sylly
122	UNK	lugawan #cumbias xjumpa surmai cimarron rbbj but love unrealll #imgoodatthis
123	UNK	lidi #awesomeperformance but love #tightcity 7ita weekend.just #hookabrotherup mccleary #thingsbetterthanpaulsboutique
124	UNK	rooh #oiloncanvas but love andyw #sarahfrancis1stdate #iwassohappy #i'minlove rawabi antipsychotics
125	UNK	ensar menyambut awatching 89.46 jkrta cepu mettin but love brava
126	UNK	but love bupp #alavc12 evrybdy's #badadvice #anisachibicekdminsomnisa_only speing kola's ckng
127	UNK	baybahhh kuh-kuh-kuh-carolynn palesa_illbliss 2id but love varney flbck #1dlwwytonumberone tari
128	UNK	tuttor tara #alleyesonbritney23days #youbrokemyheart paydaay t2m h-a-n-d-s-o-m-e but love #orfriends
129	UNK	kaliea #permitprobz but love purwa jlia twixs #hitthatfollowbutton #voodoodoughnut corsos
130	UNK	#ripbtrbee #perfectness #wellannoying #aidanatorsloveaidan #jinjas but love mawee #bruisedknee years.just
131	UNK	#glowinpassfour s1e10 but love #participation #thrifting wait.morning ipapakilala #workinggirlprobz uhibbukifillah
132	UNK	launch.pop #munchingmollies budot gubernur strugglesville theresiapuja but love prends klshy
133	UNK	#soccergame andrel hozzy #fucktyler yemeden 4711 but love ourrs bgol
134	UNK	mummie-yo battymon #olshopjakarta unity's but love and.be #cakeart #manlyman #august9th
135	UNK	but love zoobles favoritw is7 brassell dusturbing #groomers hirigana #thegallery
136	UNK	but love #hategettingsick 59_ nappington opw p4p #greatmemory babymotha t6eer
137	UNK	but love plge #teamshowtime tutuo moodbstr gnj #followfair #rejectcrpd belivers
138	UNK	but love braska crueles #huntedhouse sweeaaa #captainclutch 381.50 #ucldrawing eyestone
139	UNK	crackalackin #realguy nynsc edinburghhh faaamily chockers but love #youngkidprobs macmain
140	UNK	but love pittsy dupaaa ogs #fastingprobs hayloft cories #redslegacy #dafawk
141	UNK	parallell agasa but love mazrul #pleasefollowmesanta vimy #ludwiggerforever #followmecherlloyd #maddness
142	UNK	dipikirkan #zendeeofficial tzinga #upallnightdeluxeedition 2.99+ but love shaing sexbombs travesty
143	UNK	#bassnectar #ghettoswag #osesturkiye lilliputian oilier but love vianchi #teamzumba #chillynights
144	UNK	but love #twintower #toiletboy salooma #bunnycrew fuvkin white-black yeeesssa versatil
145	UNK	#imaslut muaw kalia iqwan #ifuckingmissyou handle.so but love #monfils instagrizzy
146	UNK	moff's roem uofl's 310.15 becauuse browband #titsfordays but love #keepitpimpin
147	UNK	but love #pleasejudgeme yass diariess shathe capo laughie cheba #round6
148	UNK	dungun 558 leisureplex but love jwin ireceived ghawd #ymg peverel
149	UNK	preparar wassgood psyke #serbiawants1donxfactor but love croos #wegotogether puat #run4pasigriver
150	UNK	83.53 #ifnigeriabeatsusa smurkyoumarx #retrans but love #pvdnyc kul etolling hijabs
151	UNK	07/24 nsal keanie but love fatek lyrikal clarii melbs basindan
152	UNK	#wishiwaslittle mountbatten gtwinz thankku #stinginglikeabitch but love #gayshit keepz moyer
153	UNK	llante egggsss cansomeone but love invisiblee brownlee yeeuss #staygone nevone
154	UNK	63.64 #sarcastweet dharr but love #sougufollow etblogs 96.13 #hellaattractive #justiceforaydin
155	UNK	but love cannooottt monstasammy #boobsonsunday whennboys #emojisforlife #seperationsucks saugi #distancemakestheheartgrowfonder
156	UNK	countriest parlympics #bada bitchthe #contenta but love birtfday sapet 02/11
157	UNK	#secretlyobsessed toaaast 43bf sticker's nber but love #marshpearlsofwisdom #keptman proo
158	UNK	adiscard ggogogo nayong bodean's 4evar vainey but love #sixwordfact 1775
159	UNK	xef but love iyadeeh #frog_top_tv 271172 #freechickfila eloelz krase lucorum
160	UNK	trolli best'est #mtvaskbieber aseyed 3amattan but love rignt ms.willams #20peolpleimhappyimet
161	UNK	#miavschi but love bigr b1b #krykey powells lavon #rth wader
162	UNK	but love 215.94 #quicksilver funyuns pedasito #illmakesureofit xmob #rodeochat choosse
163	UNK	but love challenge's 8701 youtext tenshun kebahagian jeordie game.of boodussy
164	UNK	#iomg1yearanniversary #vacationmodeon baelah kiis coopah 3100 beought but love sexehh
165	UNK	jahahahhahaha but love #nufcfans #summerhols maybeline #captainkompany #suitingup smaaart cristin
166	UNK	but love hoe-loshi missyutu #cheercoach seriuously #ianforchristian bizdev #thisisabigdeal #thatdidnttakelong
167	UNK	cound't #satisfiedwithlife #dulcetmariethemodel #sharepics #narita #narscosmetics but love #teammeghan 8et
168	UNK	auguest wweed luxcom tallington 1000ch but love inulan 05:10 me.got
169	UNK	#littlecousin mageexam #riplarryshippers #cosm but love #awhsocute d': #heartattackmoment mandinka
170	UNK	but love 12sec woodbury aweso 1tbsp bettest #translateunyu 90z #omc
171	UNK	#benchgutznglory newho #failingenglish but love l000ve kwantlen crowd-sourcing i-trending iuwh
172	UNK	recoletters cavity-free g-w-a-p-o but love jujul enganchada #kupumaui over.its forl
173	UNK	trumped tyuped siemens #spanishmen but love ex.if xeris claimming gylly
174	UNK	uem coffeehouse ggms numnber 1778 masbate but love yumyums getalife
175	UNK	#weeds camoing but love chta 5dmkiii gossiper jonzi sweetestgirlshu #ndrsg
176	UNK	pumpkinsss 335.94 but love kaputt #presidentialaddress dobsons smoothiesss #ripdev bwkwkwk
177	UNK	#vipjustinbieber hazel_eyedbelle domestica hintin grownin made.my fitzwilliam but love damnned
178	UNK	#trollingshinhwafor15thyears #liesthatboystell #whataboutyou #indiaturns66 segm leyson twepz but love #vhonggel
179	UNK	#92 #3yearswithoutmichaeljackson carmines tellit tayangan but love taa ryeonggu #davedaysisbetterthan1d
180	UNK	insanity #happiestgirlever purtyful mowmmy #wagnalangsanamurielfeatjayr sharidyn but love #jewels boomsquad
181	UNK	tarzana visto but love #iwassober #wylie #airtweet #needtoknowbasis #excitedandhappy ewuhhh
182	UNK	but love ka-loveteam loveeejerri_x dabed emca callbo verkeerd circleid jell
183	UNK	#realtan d-wade #cobweb #proudtobeanaussietonighter bouttaa #erincox wankel but love olwen
184	UNK	spiderwebs swh 30votes eatters idioot but love thinkingeverything's you'an 221.75
185	UNK	bn3 professionality galde butif but love #mindequalsblown #teamdgaf yehehes bapupdates
186	UNK	#stalkerlife unlight broodmother unow plott'n but love np-fd elche istood
187	UNK	yunjaebluefaith #samira follwo idea.lol thisme #acapulco #imouttahere but love birju
188	UNK	panalty picher bakck #introvertproblems but love sinns tzrf #greys_anatomy #lifecycle
189	UNK	#ontopoftheworld fuck-face robotech but love 4cds grandmovaa gaishe fiend loveyoumissyou
190	UNK	alberqerque him.for galauuu ratoeh but love 118.70 manshy stevie aufbau
191	UNK	but love rawwwrr ndawapeka lmmaaoo #niallatemynumber #alwaysthinkingaboutyou #spendthatmoney #brittneygriner #teamapl
192	UNK	#4minutefacts borborygmus but love gisteren #marriageequality 362.60 kwasiaaa buyen mahahah
193	UNK	toogo #clothesaddict dyjon keenum nadinecelvira bidadari #husby but love #o8
194	UNK	#daylightsavings 15z #tsarap but love #activate12 #avignon devlish lovesssyou #wewerebored
195	UNK	#uyeee #hatetechnology #bringit 40.7 but love rec'ed #monchelecandids frick #atrivera
196	UNK	magpapakulay #1o #prayinghard ukuleles pey's 38873 #earlyday but love insomnisa
197	UNK	3anh sunggyu ma0 #dickpicrules but love #hatesoccer diliat yarnin hufff
198	UNK	but love 20:06 #gobayerngo 2do #keeponrocking stewerts #redbottoms #glassgirl ayeezy
199	UNK	#miamiink baraye mashell #awsnap pahahhaha cant güd but love thierr
200	UNK	pencilss back-la naffing hayl blessid #failday #miindlessbetawards but love bassoonists
201	UNK	mommaa anyoness but love #scurryy squawking _ratedc_ naat pascoa platts
202	UNK	ahck urq #sarangbi #joanasfaveoftheweek 1down but love youx_x venee #fuckoffcold
203	UNK	but love agle parmitano kkkeeevvviiinnn goodneess s'annonce #dangerousminds whinnin you.answer
204	UNK	suffocating #imtoofat #abdullah tulley's atlantica #findaisyah #bestmom but love #teamsowhat
205	UNK	but love ghambir #ogninomeunsalutoporno ziany muahh showws #shilovers 2door shoutsss
206	UNK	#coldones ngajedog #allnighterforme seeexxxy #stylishkimkardashian but love 77.16 kandas #brownbagfridays
207	UNK	but love tdreen #thinkofthemoney musthave #drying yulia_ons #lyari haizat yallingup
208	UNK	#americanhorrorstory's üe #nialls19 betul-betul unforgettable alsho but love 389.86 saint-saens
209	UNK	nihon but love #fiestafiesta #beachplease #noracist #annualpass #subliminalmessage gbe thowi
210	UNK	wired #parikanjowo eusebia calks but love korum yoda's #thankyouteacherfor minmc
211	UNK	nizamabad boxcutters leadercast calimari #gonnabefun #iamattractedto 103.37 but love #ttwfd
212	UNK	#pashmeen patchen #beefa but love ohu #itsmorefunintheph bants #sheissohot rosettastone
213	UNK	kabt #julybirthdays jingy #polylove no0w but love #40weeks torcher #bexxaathiphiphura
214	UNK	shortbus #teameatthebox amana's lkhir lhhrt #dundee but love magang days.miss
215	UNK	#iwillifyouwill kemian #prom12 thyne joghurt mafuckass nosha but love valde
216	UNK	but love #lovealan #thehomies #dontevencareaboutthetwitcambreaking #midnightfiesta appretiate jaran #pix11asks #starbucksftw
217	UNK	frandd menudos #nawar smoile but love gorgeou strt #supportkristen hoffmeister
218	UNK	#lymi downi ventually haiyahhh dosen't bmili but love wpun layman's
219	UNK	#4lions but love othr's calibans lbfr braq leap ragrets #fundayfriday
220	UNK	persnly tomarroow #muvemusic but love yodlee fromu_rp 106x world.thxs #absaremadeinthekitchen
221	UNK	homecourt laurz aishas birt'day #itiswhatitis #iqtest but love syamera juskooo
222	UNK	#bethethunder 88_ boyzs lime-a-ritas mr.knight somaly afterfall but love ma'dam
223	UNK	x562 but love wbg #slavetrade yohnny bertanya tinkas stated derert
224	UNK	baika but love netizens #talklikeyourbestfriend motherjane #slowingdown pepitone isbt #followbbq
225	UNK	enetertained but love louis'scarrot bowld stief kangoroo lizey birrrfday azekkk
226	UNK	but love desayunoo usya sayank englich elzie #30stm iternet #atleastido
227	UNK	whory #sjquotes blems prodijay impresionantes mogo's but love tonta curvalicious
228	UNK	musilm maytals tenthamendment shhiiiddd kilo but love 2different bukberrr tikete
229	UNK	#illprayforya fueraa gget generically condense #chillinn but love formatif #tearsinmyeyes
230	UNK	243.75 hahahays but love #juliesdiary #missedthatplace popman innaaa 23,2 #snowleopard
231	UNK	napatwitter #pleaasseee ojc pawlett hypocrital but love birilerini saimah #ecco
232	UNK	but love #lunablancafinale othos explainging namony #jedwardwaterlinevideo gadgeteer tueday keyys
233	UNK	#gulabjamun cleopatras but love tingginya #nodebt la-monroe #html5hub #ice-cream #kapampangan
234	UNK	roumor x262 #fatmunch till-jannah tece smuge but love #lifeexperience loq
235	UNK	#omganotherone white-est #mwamba lysp sebahagia but love bargained bitchbetterred takingly
236	UNK	momabear but love pbic skateboarding evangelia #baldspot latosha thirtysomething starcrossed
237	UNK	gove terbit latenightfashion mea's #savethedolphins but love pre-launching #ifiwassingle 3145th
238	UNK	bebegig geepee #narnar but love harlow lackinq lonster aktu naturually
239	UNK	sobzzz #happynationalsiblingsday us.good firelink but love camf fa6oor giirrlll waterpro
240	UNK	dftrm tts #mattandali lemangs 1216 grames spains but love #99ers12thn
241	UNK	devita forearms lajha good'o but love #birther wifys cheongsam germantown
242	UNK	#redlightspecial #mycactusheart kacie minibreak deprem but love heatings anti-ageing edele
243	UNK	heroics w'boro headbangs sikkkeee but love chatacters #contesttime coachy #soulbounce
244	UNK	but love livapul f-ed rathchet #albumof2012sofar 263.72 damner urwllcome thai'elf
245	UNK	but love gerunds wish'n lowlands whataburguer lowkeeey bnwt 24yr #schoolsavings
246	UNK	bueenoo #smtowninseoul liset frozen's manatsu #iamnigeria but love dleake stanin
247	UNK	#concentrate but love cordell flooring eashwar 19thbsbforyou thekids #peepthis alpo
248	UNK	#hype2012 bayyybay albent but love #idonthavehairybreasts jvion #teamblueeyes 307.52 #namehisdickafteramovie
249	UNK	0.065 crack-reloaded inquilab #verymuchappreciated photoshoppin loojing but love exavtly belonq
