0	UNK	#askmarty mcnoodle reface looki ginger-ish most sad 5de one.hahaha medicines
1	UNK	dewott 3-9- todoo n_nnie felicana #feelingreckless upci most sad onghae
2	UNK	#newtat #qualityfriend #wearetheothers #handsallover #backstreetinstudio yakal #teamcleandick most sad #cantfade
3	UNK	loveless #maxandthebabesineurope #aprilbreak unmuted translation most sad guues businessweek nethinq
4	UNK	200meters #lasugar vittoria's sidnee most sad 06.20 quilon kerith #countryconcerts
5	UNK	#asuschennaitwist duanya taeyang's speakout #idoesit most sad addins kazza's rubbber
6	UNK	theherald flossboi most sad gg2uuxdo2g katsuo roughhousing kosongin teejay kanauru
7	UNK	#givemeyourmoney semi-depressed theshow #cantwaitfortheholidays again.now howhigh most sad #intadaily intercept
8	UNK	davika mygas belng bookz most sad go-particularly chanielle 8635 #spirulina
9	UNK	most sad #lazynight 750am #thingspeoplesay beatifulll carltons #hphalloweenball tweetyland #lisicki
10	UNK	cuyahoga #teambigbooties ouab #pointlessblogsyoutubebirthday most sad #finallyhealthy dk_boxx discordlover rencie
11	UNK	blimmey #ladyfalcons halatang shuckkksss skinnygirls #philadelphiaflyers most sad akpan tillmans
12	UNK	santiii sloan cherpy aaayye #ilovetc l-o #smcrva most sad kandise
13	UNK	followersnya diquan #prisonprahlums rosche #instakitten lucifer most sad yokoi 366.16
14	UNK	#questionsilovebeingasked #monthsixdone #cominginhot #notmyloss #bigscoop s9 most sad kefy #somalinicknames
15	UNK	#lifeofpi most sad #gogirlquiz gweny #trollalert #ithankgodthefatherofjesuschrist #nextproject 25.04 mrepek
16	UNK	09:16 pugie shaynita 72.50 most sad #albie regh #wastingallthesetears vond
17	UNK	owambe #semofootball most sad itbecause #santagatotuesday louisass #925 healin 2cast
18	UNK	weekkend mabsot most sad #propsforthat worldpeace #welcomeweek bookabutt #confessiontweet bystanders
19	UNK	#mazda6 #whereistrent growth bleat lithuanians #ellandroad most sad movelikeryeowook baxster
20	UNK	#hbdkamenlolijkt48 #fatkidprobs #guesssongtitle boxheads kitos most sad 997now louisss peaccce
21	UNK	stretchmark 19/06 #btrwindowsdown24 fawning focu sufferin most sad loratab electrons
22	UNK	blding most sad abercynon #whitepants superwalk 2san yusa 337.24 #turkishsoldierswantlinkinpark
23	UNK	pbls livestreammm 3edla heyworth most sad consintrate equiya three-dime na'nite
24	UNK	#pointemout ddm ryrenforever most sad misken #getshaved visist axy ahjdjhdghuwjsb
25	UNK	#miffy pre-shower lip_alip xthank cytus 25-7 #hespara most sad #spiritualsunday
26	UNK	#clothesclothesclothes #recoverysucks 0wers summerise most sad #6wsc12 #gymstatus magsuspend #strangelybeautifumusicvideo
27	UNK	#coolpic #couldntcomefaster daimen 341.19 igatta most sad 0601 auggie's #comehomebby
28	UNK	op_gsdayminah most sad #wecandoit #seringai furkids coincidink vacheron temidee wokay
29	UNK	pirates twommy #stopblackpeople2013 most sad #operationdethrone foodit ass.oh —Ö9 #rory
30	UNK	#menlovethat zurdo most sad #southwestsauce threeither 2te holzworth hawkbot #crochetchat
31	UNK	#dearfreshmen most sad carrieee sigeee kajen #killingher 6603 2000an edgerrin
32	UNK	teman.teman nandoca most sad #fattyboomboom weekend.just kevinss text-message #geogreujworld nrima
33	UNK	tsawaret anote 347-215-6800 twitterlah most sad #turnupman owwwch sahay eddeh
34	UNK	facepalm elkalb woody most sad unvaccinated sensabaugh tmar anneong gangwar
35	UNK	cony #afltigersblues bpx #hurtwounded ketk #mtnews #notahope most sad distilling
36	UNK	most sad bacaannya inseperatable #followmedanielamos #glorias stephawn boofs wear twfam
37	UNK	albertooo migranes babbles #spiritsquad lozy #yaycollege most sad baasi deadheading
38	UNK	snoozle #metichetweet #trancefamilyspain most sad aawe idolcoul withey #ready4bed direction.im
39	UNK	tsbeen most sad okayyss dijonay #happyanniversaryjelena today.exciting affables woodoo #whitepeopleproblems
40	UNK	trable #caymans 22p most sad agravates #mylegshurt naushana steadier #mudduck
41	UNK	aaaint english.but attempts most sad <=[ dayzah #thisissummer shavaun yousuf
42	UNK	most sad example's bailey's songlines faithless 2molo pdouble 12til arretez
43	UNK	#ifprincetonisgay #hopeitsucks nakapants magpa-enroll #feelingoutofplace most sad #emilyratajkowski eventinformation.dk #acropolis
44	UNK	#youwontseethis dayanitza #cartown most sad dissapoined #mistergymallday #everydayissadderday shroomy leven's
45	UNK	#prostatus tongki kyknya most sad cveti joju_a #wgreysonjkt gotback satyamevjayate
46	UNK	hamza x1803 poojah <laughs> bunnell malaya #hhp3 most sad jokinnggg
47	UNK	#haj #alayfacebookname tenho #jhfid heartedly most sad fathersday avoidable tungguu
48	UNK	orakpo's most sad stoges siofok babble-on 1600s #bigsexy dipz collated
49	UNK	#1214 07506879619 most sad 14,2013 gurlos greyarea #lusk 262.72 singey
50	UNK	2yearsfearlessplatinum most sad #southernways kassadi x598 5hr #getherdone #favmovie #dragoncity
51	UNK	80yrs #pampa chestplate oubli #yotomo mauh #breakfeast most sad narrow-minded
52	UNK	13ghosts evangelize 5aales gamgee aawwwe most sad 800-520-1067 #flowsareshining ntsb
53	UNK	manitos most sad #kwill #fuckjihadists #euro2008 07530834300 eyimba 3.625 ba2et
54	UNK	syteria sdcofficial #uglykids pyrex yubarik most sad #rule3 hikkksss i.am.done
55	UNK	dassera sanjuanita terheboh dighton most sad #kellsbelles ms874114sg #pumpedupkickslikeme ctls
56	UNK	simonandmartina most sad curies coonawarra paraody porcsha johncarlos #havefungirl tianaa
57	UNK	partnahh nyumsss germinator #loveyoutobits ilyxo #tme ewter most sad #laxgirlprobs
58	UNK	#asilaydying most sad 252-355-1661 299.01 reminise #wikipedia #tswifts glamorus vanderbuilt
59	UNK	tracfone twitterholics #yougetpointsif tussi marih ahhhahahaa dookies most sad pleaaasssee
60	UNK	berung dealership's retrograde frum necky 210k most sad #blueprintcleanse r450
61	UNK	#buthedoesntknowityet infiltrator tranen #tankforwiggins boboho 2012050 most sad hepberaber #pearlandparty
62	UNK	ngrm #btrwonthiersurfboard keranjang afri #havocandbrightlights posties gormek most sad myx's
63	UNK	wikit nunnin #notabadnight 358.62 most sad moahhh #steal #onlinesafety calienteee
64	UNK	#lynsey most sad mohzy #foodphotography kirstyyy hachikuji #seriouslycrying #badattitude dipinta
65	UNK	most sad vvn weridos sweetoe #alittlepieceofheaven friedns 17-8 drgkjerk lftcst
66	UNK	#picsfortc nastranded most sad bisaan probing wichuuu #blackvelvet endlesslove bakip
67	UNK	rangilu beddy-by 1011,2 #i2q 778-580-7323 most sad hierheen #shabbat bkin
68	UNK	treatng drive-inns most sad #ludwiggers #damnthatslevi #makemytrip 1,338 #labcoat beeff
69	UNK	hidiot d4t computering motherfkr oversteer womn yept most sad #songsforsisters
70	UNK	#dayofzaraastuffquiz pedefile #whoneedssleepanyway #teamspoiled dheractionsqtr mntns most sad #followmebritney homequrl
71	UNK	#3poles most sad 107.97 guanna mapansin aljmeeel rre #homotweet #may27
72	UNK	ziggy's raiya #beatdogs yomaaan #philippinesloves1dmovie chloroquine pisding most sad ndem
73	UNK	#rdgnews #6thyearproblems most sad tuttuttut 110/220 458-345-1354 mutherfucka's ultrabright #100kin100days
74	UNK	atleasr most sad #gettingthereslowly tanjanyka re-air oistrakh #happybdaymaxgeorgefromindonesia wheeezing rerun
75	UNK	most sad #serenity #shakesomething commercails ianmoore #thethingsisay ah-freaking-mazing hiaan #futurewithbaekhyun
76	UNK	dr.daniel most sad hillsbrough #dreamersofficial1stanniversary norz pinkypromise #mealz #iglt oez
77	UNK	rustie perricone most sad #livewell #bouldercity carifta eating.after #replacemovietitleswithtaeyeon gottabeyou
78	UNK	most sad netbal liat laala cheeerrrs cheww ms.avery peeya aturannya
79	UNK	222.55 #goldschlager #everydayimstrugglin most sad sh-shake proovin dinding non-contributing theshower
80	UNK	#jyjfromÊù±ÊñπÁ•ûËµ∑ most sad grunder andalas carli's cafc tanzeela e-to watery
81	UNK	#followbak dinzly most sad boals super-funny s03e09 alberti annimation atrracts
82	UNK	#yeahisaidit twcam nialllerr ghapun keighla most sad haivyn soley ubhale
83	UNK	boobie-licious #girlsftw most sad kirana nsgb 64.74 frued captains #amrmoussa
84	UNK	#thatstoofunny some's hardestt wc2h most sad #dramaticbitch #tattoolteprepaid spazzez faxebook
85	UNK	#prayingsohard o_oo_oo_o lettre #propstoyall most sad mnsh girl.now backers flighter
86	UNK	#winticketswithliam #7seas lvchld dekhey re-due #worldpsoriasisday most sad encorporates ghaaad
87	UNK	elidas most sad bogosipeoyo outcheeaaa ecthited #wickedaugust17th nigeria's aifric miway
88	UNK	starian #csmcs #richboy 3neyat most sad guilderland #nas fseee jaejun
89	UNK	villa.common most sad lonnng guilia e7em griselda's mingled #rideshare haeun
90	UNK	1.07 wightwick #sadaunt #queenofsarcasm anymore shopriety most sad mwuhahahahaha #saleem
91	UNK	virtua prendi 394.52 i'yhan most sad #iphonehype #meetingthemixers #cartman #thotnation
92	UNK	junkbox 100993 peoplethat #garbagepailkids freakys #backtoworkmonday 2alby most sad mocheedah
93	UNK	#wantsthev addicti most sad olulu 1x1s ahriel inebrited srvc mafisi
94	UNK	#feelinlove sunhae markeeta frapachino jidda boy.you most sad 24km 356.00
95	UNK	#fortheloveofgod most sad #misyou #derbycounty poochin self-absorbed #byebitches #sportsgirlprobs #francisnumber
96	UNK	most sad #klausmikaelson antok backend templo omeey morning.goodnight #fang easiest
97	UNK	ofan #countonkobe loverofsongz most sad #sayingnomore ceddi chinte #isecretlylove payingit
98	UNK	mmmuuuaaahh miiikeee most sad ooouuuchhh prollem selamaaatt #grid2 mirenla gladto
99	UNK	teeny-boppers #youbettaworkb tryiiing most sad husbann tji 10pesos true.maybe sharlynn
100	UNK	#gozta whahahahha sangam #miobiforever #somuchinfo oard 2,475 most sad #europeanfansmissbackstreetboys
101	UNK	#thehills #newdateshowonediectionmexico 100cm #canthandlehisdrink ddeokboki jew's #getwellsoonjuliamontes most sad bellamys
102	UNK	weday #murk #judgeaway xoxoxoxoxoxxx yamal most sad fanmail jebeee sdea
103	UNK	fairprice chyc #nhv usijali #lemmeguess most sad #nothinggoingforyou 249.86 wwlll
104	UNK	#kourtney _chilling b93 most sad 7aily aletle nevahh #menamondays niggarz
105	UNK	#birthing most sad 12-2- 1000bucks yayaz #voteforher international's oloro houur
106	UNK	most sad #ifyoucheatonme gaylords audrina shefford llsz #barter missjuliawl #whoisyourrolemodel
107	UNK	#sadandconfused #teamrell dyldo maclarens #totallyinnocent 203.98 most sad #ccfh #mints
108	UNK	109.46 aii cookout's most sad earnin #iuhesa #supposedly nycers orchad
109	UNK	ouhehe anyywayss most sad pattrick 311.91 rellly strugg #ifitwasntfortwitter agir
110	UNK	holibob fundrasiers 11.85 ojou-sama most sad #sunscream #nerdsruntheworld #smartnokialumia #diversity
111	UNK	negma 4k5 movie.the #changetheworld most sad paulie's neuroscience mistresskayln 1t3
112	UNK	recommended baybaaayyy most sad wignall #imsowhite 7est ysolf #dwam #gottarun
113	UNK	nilienda quotalicious #eww #zendayastwitterparty haaaiiilll most sad twitteado diing warmfest
114	UNK	#type iced-t most sad sansaico yeah.she #gra13 #letsliewithisac #cashcartelpromotions creeperness
115	UNK	fancafe's realitytv dfax lagoo tuwon most sad #shanak sycamores cityview
116	UNK	johany #cathsorority #youwantit beaats cowboyz #tweetyourteachercrush methy most sad squinty
117	UNK	thatstrickay marathon-ing most sad yimkin kwlkwl mwahahha cargo bauru even.xd
118	UNK	most sad statuette #teenagebloggerchat #mayjewelry work-day #moviescenester impropriety 09:03 38yrs
119	UNK	#notagoodmix most sad #big3 vorige #skegness nagt-tweet #thefirsttime tertarik #sacss
120	UNK	graysen dickz mingjie #missiongetskinny spieth molie dolarz most sad assata
121	UNK	stuffyy fireball hykon kmln ruselle most sad gamn lfn kktp
122	UNK	broc most sad parisa's #admitting comeoveer #lifesgrim #canterbury #milkybarbuttons #polaroids
123	UNK	15-31 banie wkowkow most sad timehops tedxsummit cheat's #whyamistandinglikethis roose
124	UNK	#bestwaitress wonkyudome #sisterlife seafieldian ricchi bukhaar most sad 14.866 #followordie
125	UNK	#gogunners wajy #i'lltry lenggong #soulfest2013 snoopie most sad ring-ding-ding-ding jahza
126	UNK	mag-assume #verysadpanda #hisgurl brohemian fangreaderslj most sad paypals idontwant #tonervous
127	UNK	lmpaooo most sad romiee casidee #catperson #playbook perfectlyy singhvi vay-kay
128	UNK	sayumi slayingg larries theyv most sad bessh #radisson afbut liatrt
129	UNK	empety most sad #bbma #lisakudrow fieldhouse skimpin chonchi peakish #unitytour2012
130	UNK	gsok 19,500 furtle #indirecttweet taliban most sad gallowglass #theeaterofbooks tthhee
131	UNK	#beautifulsinner socka drizz industrious lockport most sad screencapped nakakainisss mtl
132	UNK	beautiful.day tahna snerk #dontwanagohome #smwlondon #demiisbeautiful most sad tuula 19:00
133	UNK	kananaskis #hawkeyefootball kaitlynn #intermezzo khash most sad getring kheeston tittayss
134	UNK	cyoot #notjustfriends ganbatteee andrys #feelsleftout most sad citronelle #hergiirlfriennd awwkkk
135	UNK	daughterrt dunked most sad sspecial #whatreallyturnmeon meuller maiiin u.hihi stoopkid
136	UNK	most sad yesyes #slideover atomically #alwayslookingoutforme kidder accidenttt pemerannya ufffttt
137	UNK	#highlandernation gettiong syieda most sad marland godsends saysha sleepu mwahz
138	UNK	num's charter mtmte most sad mini-kimi ms.harper bugaw yesterdy presnyakov
139	UNK	#livedisco booorrriiing #raidrules #oec nunus #soomuchlove deckles most sad pinochet
140	UNK	marachi yanrong lloo trizzies krech i-ship popet most sad 0please
141	UNK	#indiana l2ne ctis most sad #smc4 #friendstar happied #fallingthroughholes #atheists
142	UNK	#mostinterestingmanintheworld most sad rideon ubaid sriemarya_asl yebe translatn nuneo mdaming
143	UNK	elsey metabolism's baligtad nyc.then #champix most sad ‚Äé whore-an iamgambinoatl
144	UNK	#topneighbour berrylicious #teambluebear 80.15 most sad businees updatingg #bestroomies mcin
145	UNK	equis cobana presidnet #mymagnum #imclever 77.29 most sad closei humanness
146	UNK	calender's birthdaeee ƒ±dol #makeeverything thaqif most sad #ponies fruite #dubshow
147	UNK	#dreadingwinter agreeably xelha most sad ciummm side-up ohmygawshh tpop stillstand
148	UNK	one-syllable #jahvie wandasmith rel'p most sad three-ish wakiin #hymns #oyl
149	UNK	most sad clevelander gerhard ertee misschaz bracket #yourwelcomebitches glasnevin mosoook
150	UNK	asdfmovies #smilingforever aeeeh most sad turn-around twitfamous hhappened wayy #myxvjsearch2012finals
151	UNK	#btikylie lww #whatsthatabout most sad ct12 masego_dube #yelyahwilliams murid #freeteatuesday
152	UNK	0kg #botl chandelle #jobopening salliemae most sad martyparty #hardworkin #legwork
153	UNK	yaeahh #_fan_fan most sad #tmz sludge makefun lobing mobijobs luckylucky
154	UNK	pre-ordened glp #flatgirlprob behavoir most sad gloryhunters #kimbap #pussylove #chickenfeet
155	UNK	bmfc sinilah 390.68 controlate garrisons hajir most sad deadmua #someonegetitforme
156	UNK	#bombshell #ssshhh most sad westville #morethanusual triwizard #dancemom's #whatcanyoudo #itsnotaboutme
157	UNK	quaffed pussycatdoll scottishland dandering rizes zaleilah hopeles most sad md11
158	UNK	ahahaahhahaa mzjaynette thiapa jodinatics most sad outdoorsman keave prelimenary liqhts
159	UNK	most sad pre-famous videoda #bluelove tona'i tahanks #needawee woeee #letsbeatthis
160	UNK	ceelow yurkish 2half e-brake #voterregistration daeff most sad free-kicks kinnect
161	UNK	anukunna jaxy #saveyourlegs most sad terrifyingpics 306.82 edit's 2500 #cirqueswag
162	UNK	#rejoyce simpsween sooyoung's #andimbored most sad maximus's portion's brisbane-oct gabby_het
163	UNK	#bctamale #tobeakidagain _snoop_ babycakezz ijaaa #commoncourtesy partyyinn most sad oyye
164	UNK	abhy #dtf 032g most sad 8597 2lz shaggg mcmullens nat'l
165	UNK	nig's #alofaaku multi-fandom zayn.ilysm keceeehh accusingly most sad #blondeatheart rping
166	UNK	frogfaced most sad ganown three's dimaggio's trech lehme #verylazy #rumble2012
167	UNK	#soiree _915 most sad nagpipicture #youdaabest dailyoffertunity oranmore paslajohhh nakesa
168	UNK	lekkerrr zionne much.love regia most sad jamshaid 36.4 #knomee ib
169	UNK	#fansection umder onceand dmarcus booday most sad niteline #gladicame magusa
170	UNK	gettung overeaters #johnnytsunami crunchhh most sad 22412 qlb wearz boongie
171	UNK	most sad hinaan whhooaa dnf's #justpressone twdfamily repella dxxn bisma's
172	UNK	#firewall #bjm ktweet paco's most sad 115.71 henriks cuznn videozer
173	UNK	vevi #stitcher 25php fantatsic levelland most sad bliiind 080412 ¬Æ
174	UNK	reunion's ribiero #playharder graduationn wchs most sad imaturity brache hubble's
175	UNK	skinfinish swerg ridelondon isorai sh0ws #verifymatthunter fadez most sad mongolito
176	UNK	ppplllzzz psitive #indigestion gourmet most sad malbank re-unites #welovepaulwalsh snapin
177	UNK	bianaca breslins vys #nopop nnaawww pubbb paypah most sad lookingrt
178	UNK	#ggworldtourina2013 anup firstfivechapters most sad maccu #ontag proberen #artismylife arces
179	UNK	#youmeanddupree bologni itweetfacts üíè #sevenhills 675th most sad whybrow getttingg
180	UNK	#jalebi 38mtv llet's drug-dealer #230415 267.34 most sad stickmen #morethanonce
181	UNK	#lastdayoff #jacksfollowingspree manyun yesterdays most sad teah #makeupartists bjln rhiannons
182	UNK	most sad hahahaua jonys #polarhitzreloaded mellany hiiihi 21217 ubisoft's mhmmd_rizky
183	UNK	ha2om mr.garza joelis accomplised most sad #interference akz 01112011 351.36
184	UNK	#teamkaka qiven caauuttee most sad mojih teavher shxtting #comelaywithme meanings
185	UNK	most sad iras loveyoutoosomuch moreinspirenow atletis chaia wielded #cec yp-u
186	UNK	naughtynicegirl most sad primeira 89-91 buellton tyvm mwahahahahahhaa unmetered texxxts
187	UNK	#nothinglikeit cisneeds huckabay usern most sad peil guys.xd pikky #bloodboiling
188	UNK	210.28 fb'd #louisianaweather watirrr most sad 111k #bitersweet vicino sandbank
189	UNK	bubbl pollinator barclaycard 7ety tweetybirds #sidelines #pleasetextme most sad shrivelled
190	UNK	australlian #gael albarino refreeze most sad hajduk piggy's #hiltonuniversalstudios 087
191	UNK	smalan #whitet jaaun hoffen #learningfast 1,993 most sad sweetners chra
192	UNK	lichelle most sad #itsthefirstofthemonth 394.80 thankyah #imissharrypotter #enggga go-getter receveid
193	UNK	ceks #statefair precentation rawlin nhoo mahoosively most sad charvell lisanti
194	UNK	#thalapathians #tiamo #1dtxfsigns most sad sentirme weeelly #holt acj majuu
195	UNK	city.but barbers most sad windseeker farfrompoopen 129.95 pleasefollow 17372 #0619
196	UNK	lenii_tabooty #getjlsto1millionfollowers pcis #popthatlock arfan modpack apparantley most sad pap
197	UNK	most sad iinggitin #theyloveeachother scorps half-hoping 1300hrs thisll #teamkubwa greatnesss
198	UNK	most sad u-top c0py niceguy minidrive #safcfamily 73.54 w2ft huet
199	UNK	#waystomakeyourcompanyleave forius all.my most sad friendzoners afater #smallbladder boyfwienddd g-tar
200	UNK	#lotsofloving choccolate wgwg's most sad 2nayt ocular rootbeer starrrttt eeheh
201	UNK	brb-nandoswith tweetjail sukkot l2na #weaktf most sad #cluckcluck #godisagoodgod dmasiv
202	UNK	hammonds metamorphic most sad motohoes boomf gld mike_pie thaknks fuui
203	UNK	postve ghoost most sad #belibershatedirectioners wjhh #wnbaallstar creepiness mropoku 4.53
204	UNK	most sad dykee 6699 214.82 #hatijiwapikiran2012 sehaaat epicsome nickleson drvie
205	UNK	most sad #denmarkopen significa wenu kongit #chopin grimwood darra horangejuice
206	UNK	most sad anneh whooossshhh milland shinju jaylin's #soimnot jackles #hesable
207	UNK	#awesomebirthday #westernsahara #finlandloves1d x967 moumou b-dayy most sad additonal 67.45
208	UNK	mncul kilisi every'one 7:38 #awkwardquestions rufferee grits most sad #partypoopers
209	UNK	gobba revaluate fatchicks repliers moneyk most sad #imprettysure #groovygranny #missyabro
210	UNK	canberra #aviationgeek #aciv now.no squatch most sad #googled jaricho brillante
211	UNK	framemagic naalu parochialism upallnight #alwaysfreezing gonea #isit5yet most sad reply
212	UNK	#littleobsessed gyba fansat gentes #floridagirlprobz hesse's qiuz most sad #supportme
213	UNK	#epiccc swankytemmy cereali laddies terbalik most sad gaib habistu #bluemountain
214	UNK	#tweatapictureyoucantexplain kadash lastrt headgasket #spoiledgfprobs dimitris most sad sweeepy #bedroomkandi
215	UNK	javale most sad obliquity be_ macarthy mutum blockhead frenchgate #byblos
216	UNK	most sad paddox liddooo lightship rahmat's #btobfact care-holla 7amgetupmix #nswpl
217	UNK	#yoink sahurrr most sad hundredths llw happy.that #zombieland genting #12569
218	UNK	6699 #ganitokamisamakati #firstnflgame most sad maurilio #youbetterrecognize ms.molly luhansingapore taejin
219	UNK	fildza 5arag 34:4- vivaldi's iyaz hezel most sad undercoat stonecold
220	UNK	#geomchat most sad blankies klinghoffer ericssons #flopping hooopeee insues frui
221	UNK	most sad mac-book penuhkan watsching bngt batera 208.83 tattling alright.it
222	UNK	nakakagawa scamistan #squirtnetwork #barnstaple #aussiebum yeslamli most sad dhould 7aily
223	UNK	binulabog speady #ripharrybrownbootsfollowparty most sad mumpet sackless pesse deluxe's neshiashaketra
224	UNK	#mummyanddaughtertime #goldcoastfinest most sad freeborn koechner feee #trendthis #newsflash readlly
225	UNK	#booklovers #consuela most sad fairlawn badunkadunk francis's #blackthumb #whatcheerleaderssay #somethingigetalotof
226	UNK	#partymusic most sad #iktr photogropher #nightfriends thecoach by2ool #twitterlessmeagan acho
227	UNK	eyad gitme petje gerina most sad jollibee #23today direcgtion #model
228	UNK	t2701 gbaja selzy most sad barners cumpah #catinthehat totwitt 397.00
229	UNK	hilum #myminime broadbnd #pro12 most sad chadly #nintendo3ds divisons daap
230	UNK	understudying most sad yagoot #mentionsomeoneawesome pndftrn ten-day #hsreunion sarkissian surfer
231	UNK	lmao.its most sad metformin #lotte #iwannapuppy areva lurves refeshing downloaing
232	UNK	most sad 205.29 lysie miannie sinigang letting'em #beast #revret12 yazlin
233	UNK	coinage upperclassmans 79.55 most sad #impossiblequestion teeehheee acrivity #bookbag #redrum
234	UNK	foolioo most sad jypnations #sbgang petronella #hugdamonsalvatore carjacks tratak #thesimslb
235	UNK	#saveusall dacian most sad nuves mafas my'angel #beatthepack scheets kimbee
236	UNK	must-do's x1966 22am #crabbies most sad #bcidhoroscope falcetto 8.52 reauna
237	UNK	most sad seventeen-year-old 1hr45mins wrrooong leci #no1fan ftz ffld intercontinental
238	UNK	intellectualism ionnn mstly #prettyyoungthing oneup yoloo #getdunkedon most sad late-night
239	UNK	kenneisha cluelessness #alwayscheermeup akhh opthalmic most sad friccin konu cachondos
240	UNK	gumshields thaii refreah 2,980 tombstoning helsel chi's most sad #byebetch
241	UNK	foill kemaru tpke most sad co-co-come soulution #wantedwednesday7 brailyn apperentice
242	UNK	chikito #tomisnotbatman 7910 most sad clingfilmed monoprix bribry's rofd jeliah
243	UNK	ordrs #icantread winna georj wenthworth #followliampayneplease overwith most sad keysi
244	UNK	39-44 #sooomuchpain 384.93 newsh cheker tcz most sad eni thohe
245	UNK	tta #wlovegreyson doubront georgio's #amazingchef resisiting #imgood most sad marabeth
246	UNK	voorheesville worrryy flowercrown 342.92 cerelia #welcomebackkathniel most sad 97720 soundtropolis
247	UNK	most sad colderrr keepz nycacc fatkid swapit iwwm abandonded qvc
248	UNK	rebounce pocketbooks most sad munched trampire prajna 06:55 cuuyyy mournfully
249	UNK	#amnewsers usesless most sad havan freakles requestes journee 7-11- thnwy
