0	UNK	worst rt0 trishee crokers #suchaniceperson bewley second-highest #happynationalsiblingsday #eveangel #mistyhour
1	UNK	#thethirstisalive tumben rodineka bazookarocks xhey monday-like colorfest worst #itswhoyouknow lyrcs
2	UNK	#insuranceclaim accelerant fleurie ya.xx worst #benq 374.43 #buzzforrewards #soreadyfortheweekend trayveon
3	UNK	pleaseee.please carra seyfi pittsburghs barasa #grandaulteamtoplay4 howcouldyou worst xd5110 lod
4	UNK	#irk aurevoir stomachaches #ohhokay nut-shots robak #alltimefavs worst wrongs #admin3
5	UNK	worst hefo #12millionbarbz portugalthanksthebiebercrew #noneedforthat #tradeshub #dryice a1m #logantweet 4afollow
6	UNK	#picspam worst #affirm tahay kapiolani press-up overlaying fuuuq betuuul franciskenz
7	UNK	resetted albino's #zanessacomeback bigatin #jpylesenior kwangminnie fiyoun worst 30b #sfahomecoming2k12
8	UNK	tinding #bpn worst mybighead encouter #righttodie microcell #lovehelpingpeople ffuuccckkk stephane
9	UNK	nambiar's #1dfansinbangkok tanjung re-edits #gonnakickbutt #beardpower amaaazing #bumpshow worst revlons
10	UNK	contrabida #titfuck dell carbonic haezek #smilecamp #nahmsayin worst zabadani #guiltyasfuck
11	UNK	mahinhin #aliveandblessed #followfredo #dax croakin cusps pretty.lol isotta worst #hopeigo
12	UNK	marez #gooddad #closertome #physicsproblems worst sarrrap #mydorm #deadarms #jokedout #ellenhelpemilymeetjb
13	UNK	bastereds pinteerr worst #powerhouse30 #the #mhsm ngbrol giahi parlaaay no'ing
14	UNK	difikirkan worst #bwisit air-conditioner coughdrops game.and swirling #fayrouz #ilovefood #howtolookgoodnaked
15	UNK	#ilovethemtoomuch #mybednotyours catscratch trlambat #fatfucker dadai said.sense worst pili-pili wifh
16	UNK	friench luscious eurorack 274.30 1439 #rolemodel fresherrr portuguess worst hjfhvhsndb
17	UNK	flugrn ribbon's 5fee worst advaced hopar kekx bemba 307.62 vegaterian
18	UNK	whackadoodle #fatherinlaw tcchs mayday's worst outtings club #head antonette thesweetest_jay
19	UNK	#iqtest worst #annoyin #askazubuike stea jessie-j #howboutit #iamageek ocak yjeeny
20	UNK	worst #surfersparadise lodom #gojets october's dulaan perrez 255th #panicfamily lochet
21	UNK	malabas #bitlatenow #vijayawada jerii decc worst betel whss oneies #horsechat
22	UNK	well.good worst halted #bbcworld #highschoolsoccer electrocutioner govt weekfor presell brudahh
23	UNK	#cvd 477th borowski ngets tjoyy worst punctuational woggie #positivityiskey #bitestongue
24	UNK	70.17 worst chicen #byenewyork skillsxd follow.te sumur electn soles rakayla
25	UNK	relaxment #alwaysnaked wasge dtraktir worst bangipong lo1 feelinns 3,177 hellmans
26	UNK	#irratated pedersons #bitchwork #teachersalwayssay stevs cucui worst niueans caannt bosay
27	UNK	worst perfectin evridae #19daysleft #buzz cliparts osi #skeptics allebei #lovegame
28	UNK	bsd worst roanic apparelbrand #thegovernmentshutdown u.poland #happttweet 12091210 #sweve #windmill
29	UNK	worst #yvrbloggers dahmm mafi carage #deutschland configured bullshitters systemone rumahnya
30	UNK	cliterally paynephone smthg shudex #followmederrickjohnson dedh otherwiseee shelina worst bayrou
31	UNK	#impopular worst hildegard 1tu turninnn #djokovic badei #beachedwhale fatiye pihikan
32	UNK	#servicespace #buyroaronitunes amaziingly flatlines #10daystogo #wearebetterwithbtrworldwide jobroseneuroclub worst omgomgomggg thirtytwo
33	UNK	pre-celebrate diskonan bufoni clariece #veteransday khaliddd #thougtsduringschool natatae worst #acrossthepond
34	UNK	aoibhinn xiaodidi gonar worst 2pn ekebi #scaredasf #steamtrain #server pearlsparkle
35	UNK	bades ice-pack #vivabritpop fedexing #fixnclb worst amont #verifyaceprimo seels colquhoun
36	UNK	#panamabound ngeli #howtokeeparealtionshipwithme mhia #teamtfe atish azaelia awaring worst #someonethatinspiresyou
37	UNK	#asianwedding worst #suchababy #swaggmeout nekooo bickering stares boater's eaasyyy #employability
38	UNK	rowse piratesss #heknowsmyname folland rapini #1000miles tinhk worst watchyaa twerk-er
39	UNK	#asikasik sejarahh #savemenow #jamesmalowto600k woggles curage kat-tun's ngang worst unlucy
40	UNK	#spelman2016 piqaaa #doesntfeelthesame corda canfind fanila worst mething tapik #byeweek
41	UNK	#theroadtrip2013 quises #futuretherapist horimiya 3ameel junior.with munden holstebro worst terrorist's
42	UNK	worst adeema moveo threwing struu pdea sportdag 371.00 #teamhart #nasap
43	UNK	awuna urgghh #biggestlove #londontri shoutiut #teamross uitlachen 311.28 worst redraw
44	UNK	#dieselsafterdark k.will tashonna worst reungit #groupfitness #cdfielders #youguysareamazing alysas #promarkers
45	UNK	prachtig awka-awkward mzoon #smirnoffs agatha's heledd lewishamilton worst novelas cornflakes--the
46	UNK	#deadout worst 6y #yosoylatinna 9.87 #twitterlessdana _000 #recomiendaunlibro giftie javakula
47	UNK	norhan marshalling #typicalmexicanname #dcbw2013 kristilyn achibellla in-ana worst #cindytweet #tude
48	UNK	worst tug-a-war spatch naappp gutz 318.29 exhaustinggg intensidad nfng 1st
49	UNK	#mistake worst co2013 syafique #churchinthemorning chipset am.italy rentre crmc lency
50	UNK	shnake gingger #kindawinning 8493 #lavacon worst gauthier's jsjs cumbernauld bammie
51	UNK	#snakephobia stringers kasai #soundssogoodrightnow #cheesetruckle #jamesandskipto200k popnika worst fe170 wowteenagers
52	UNK	clelland isim #herface cius naje niñas singhot ckhange worst #oopsisaidit
53	UNK	pondans youtube.and jesseca karoon worst #familiarface #wolverinenation preaciate #queensconfession #epicfight
54	UNK	ichon #mentorfactor lingeries flopers worst #emmanuella gonski 70.97 stanks kaiden
55	UNK	2441887577 kahaf worst #otis nakia's caudwell #anothergoodnight 7910 mcllroy c02
56	UNK	depnds worst #kindadisappointed 7439856394 fishhy suumer saimo #ilovethe90s 242-356-1697 egot
57	UNK	jervey worst #theshakedown pipps #cotedepablo alreayd 1930 #thesouplive mayzin #honestyhonor
58	UNK	bintube cyni #teamowen harizz #raminatheat #messytweet da2n waddahell worst #cyrsociety
59	UNK	12in12 #kimpoysjourneystartshere 225lbs irisa #rrc lauthner minotaur worst btkoneen #gooddead
60	UNK	#awayteam 0.77 #90sshows mudaskunt worst #thefeelingsmutual ík fistin mezanmi webtoon
61	UNK	worst melatishawty kismina flurried startled #janoskiantor skwaters palacasan #dobbinsfashionshow heme
62	UNK	ekers jehovah's #lhs212 hopoe worst #dso weirdmoi #ifidosaysomyself haverhill prosy
63	UNK	hiiaa #statementslesbianshate #bestcover people.good #angpagseselosniginokaymikay leuer worst bridqe azzzmmmiii okgo
64	UNK	worst pogrom daaaymmm #greatestfeelingever niqqqa #fuckmyparents 1stgrade dheka 16,15 shermain
65	UNK	#happybirthdaydemifrombeliebers nobbies #cavities ge's worst #kar1sma komn edgar_amutavi olehhh #outoftownprobs
66	UNK	originaaal cangkruk #twilight worst #syked victourious bwahhh napakasexy bom's bfffl
67	UNK	#bfrt shof #hatewhenheleaves klander thuggn #hindifieddialogues #fitnessfun strugling worst #lied
68	UNK	#gulfcoast #thesoproject claine ohmygawh lazinesss skydivin ieder worst maril sorbo
69	UNK	worst eidia amarettos pomfret #teds 870mb #dontworryivloggedit 05.01 arhgg cutta
70	UNK	miind #theinnercircle dannnm #sgsiii lululemons #happy200danielovers #lovemyflatmates 3hrz worst #bluegroup
71	UNK	dluxe #riddles lagerfield worst e201 memefied jakui 2omf cuuuttee #safricaneedsbelievetourdates
72	UNK	bolitas girlzzz beginnn gthat aria's 25,631 mikkis hahahhaahahahaha worst dollazzz
73	UNK	sexdescription #newfamily ponios bkes #fourforyou m-o-u-s-e ornose #peplum worst torabika
74	UNK	tetr #sorrysir man-less juman tshoufen #blowupdoll worst mujay #dontbantheniqab darkz
75	UNK	afrt blonde-headed worst hathey artemisia #admitted christining #paulislost ruhers #theglasshouse
76	UNK	thornhill stucketh #helpforheros gareth incurably #mcnairshooting tmz #wrongperson worst teelist
77	UNK	worst flooo yeeahhh siapasi #authority #ourtime kiniel kamsa absolutley #bonne
78	UNK	kpp #jedkisses #canonpi10 malaca worst #chillson esson #thanksyoutube anyobdy shegs
79	UNK	menanam #tachat worst muufuckers mattio #lovemybitch masup #prettyass #spidey #mivillanofavorito
80	UNK	worst brey's #cavemen #directed #bestofeverything zam-buk haberday n'em kymbria #callusravens
81	UNK	#ainvarsity dressedd mann's imcraving rohanne everybitch dakines worst aaalllright #2favoritethings
82	UNK	#wotw #fuckingperfect #mydailyprayer armss aisyahh #indoidol_2012 worst livebets k-fan thinkthat
83	UNK	#giizhe_alej worst hingga caylah 2-24 paxos zol #couldntaskforanybetter #jerseyniggasbelike codak
84	UNK	akuma piken worst rande eunkyul #mymondays polyimide #manflu #sickyy inneke
85	UNK	spenz #fallinforyou breastless #tradition meldal-johnsen azhary appearan worst willie budokon
86	UNK	dissapointments #blacktrail worst #isaythatalot #imdepressed diejek armonni #homecomingqueen liker #nationalstarwarsday
87	UNK	uerte worst moreys olaniyi hauahaha c3400 tobers appreciateee enemiesss latinbelieber
88	UNK	criuzly rocking-out operation's #buticantsleep ladooz worst painwheel #9395 #jokowiahok fuper
89	UNK	omagawsh #frizz anniee nilf worst finnin 258.52 staffi ago.please cuft
90	UNK	worst lebayyy rivalrr 87.88 bryans 4-20- mahdee groupchats betou lawss
91	UNK	#pbblast3days sounn izna worst un-enrolled frond nearst #chickenpox #myohcebu2012 rottenberg
92	UNK	worst #asbslinky latrice's hopefulness narce #pauly #betterthanlastyear #yeahyeahyeah cbpd ghallywood
93	UNK	cheriya #tweetgame 07:08 worst #wearesorryzayn cirl #awesomenauts #conormaynardtoireland unmensi #marriagequiz
94	UNK	shootist subsss sebenar worst touf piiisssed #fromaiwithlove #bestgf wherex cmbine
95	UNK	sexy's paradoxal walkietalkie t'aw bestbudd #askroberto #strangedays worst #sistersknowbest #poyntonfestival2012
96	UNK	dollartree bro-in-law's ohmaygahd #usacup #ndu abating #jewcrew worst 271.18 bapoo
97	UNK	yanina checks fsgs #milknosugar selami goooll 0271 #pittsburghtweet worst #wrappedaroundmyfinger
98	UNK	vons wylinn wecc #truebluefan #alchies compulsorily worst #yukon #zooba refrence
99	UNK	worst tt101323 surviveddd jq_gotbitchswag #fashionadvice sakeel cheska agd's litnight #sabar
100	UNK	south-end humarr beedrill worst #myfavoritedj #havetobestrong khun's wontget #10peopieimgladimet beatboxes
101	UNK	bakside worst somethinh facesrt lovtics #fightcf anany radovan #gego2013 #sundaysareshit
102	UNK	disfunctioning nuppy #yingyangtwins crawfords #mocamp12 worst i''ve ozbourne #suitporn #calandhispal
103	UNK	ifcs #proudofmygirl makau iflysm urrybody 120529 worst vitebsk #walmart's nanana
104	UNK	ryker's exhubby #beec2012 x1266 h-a-m bantey #can'twaitt worst ikeee bannon
105	UNK	worst #nochill #muchlovetoyoutoo #2d fnarr flimsy babybro #weakasf #letsstartitagain presentatn
106	UNK	worst unwarranted saltines #mymain _15 gold-colored odi fontes despirate #kindahurts
107	UNK	#soheavenly worst #5sosacousticohio gests #adriana syndergaard movess shemale impex #dialoglepasexam
108	UNK	220.63 vcing #samcinbenchuniverse 213.09 #btpu worst 56,500 ambers bicycle's ariele
109	UNK	tottham zainub worst #dontwanttogo #800dollarforaniphone estilos suvana lateron yori ethipian
110	UNK	#mypickuplines #bleased #schoolboyq #moneycantbuy xdragoon #infy #followmetrishamalik worst 235.88 similares
111	UNK	garnn pmdd plkj <===> sjelo haroobommi widescreens worst depressy delii
112	UNK	acoso othman #goob lhya loveyal cooming nakall #turf worst #thatdick
113	UNK	mamamamamama public-private #ifbc ayeb worst massivee usafa lucee #benefitsofdatingme #hyoseokday
114	UNK	boyfried worst #aja shayfa #littlesiblings #ohbummer pooded indream matumal sentchu
115	UNK	senced worst farrett galk powerbook hhhxd 234.61 #fuckallyouhaters real_liam birthddaay
116	UNK	worst #greece wrinap 338.79 ̳ gogogoo #awesomename #neashipper #nitelife #tooldforthis
117	UNK	jessey's 82.77 70.01 zhende worst hugya yeolline hywel leian #myweek
118	UNK	fr7a #favvvmovie worst savaqe sowwy onessa #fiesty #shadowofnight ditusuk carrera
119	UNK	brookwood's 283.55 #ivantheterrible leasst fffss scram wollstonecraft worst shavira dancefloorprince
120	UNK	grapeape netid nakakilala nolay #favoritepartoftheday #ohshiz cortlandt shatavia worst lawng
121	UNK	jubelly #ripkb bijjj yeeaaahh heher looololll #mystrangeaddictions worst z5fd #itwasperfect
122	UNK	cheese 00mf 50x worst banqueting 6191 #militarygfprobz bit.ly ameal #torrentialrain
123	UNK	worst #holdmahdick #missmypartnerincrime chirstian pvss assigned #stormingtheknight #homeraver maayybe #3eekthexfactorvote4district3
124	UNK	#schoolskipper haairr 319.71 lil'un worst #remembering kwaaak jaw kyy hiyah
125	UNK	355.28 #happymonica rocki overfeeding lawn-mower chafie worst blazinnn #joia #ilovewub
126	UNK	destery's worst #simpleplanforlife #teamcesc me.same terrorizin lifepartner gethers dispenses lallie
127	UNK	naonna #tilltheworldends #hu15 worst #ut15 #awesomeboyfriend r8s #ifigureditout #upallnighttourend seairah
128	UNK	secretsundaze amdam early.goodnight waterbombs munafik worst #zoidberg ahhnnn iceman__dj #plantronics
129	UNK	confustion 1.please wisly schmidtster #growingupprobz oohlalala worst kanuri urduja mmet
130	UNK	worst ngambek 07.18 sanatizer #letsgoroyals #happybirthday1dfrombulgaria voller self-discipline #baddecisionmaker 349.33
131	UNK	#twitpicyourselfrightnow smokn #shesonice #charitystream worst 306.89 cyay jestise beerless #justintee3
132	UNK	#womancrushwednesday double-a #succeeded squadettes worst signy asxhole #teamnsd 10mns millsss
133	UNK	thinkits #sortingmylifeout #howindiansremembernames worst suggga carsten #itsafentything 3alaihm yellam #freemyniggas
134	UNK	dengarlah kuchi teambuilding martus #tweetyour100thpicture pasulpot worst hammerin mapping inclde
135	UNK	12091418 tinggai islay allexis #asklondonroad #yourewelcome worst competitin #shameonme ironwork
136	UNK	doncaster #celebrate10 worst #slowpitch buscemi southend girona jermisha peooplee entenmanns
137	UNK	gesehen #airyouout #calicorock worst rockhall parys nevaeh's thexiahpwa repairman regular-sized
138	UNK	worst #i9300 #istandwithglennbeck #easyweek agonisingly andado #mft #thelurk #amegogang #112911
139	UNK	aroond #cantstopreading moldova's kylienator hottayyy emerg drains worst #londonjobs soboring
140	UNK	ganbatteee worst #echelove carabiners suu #danisnotonyounow bonie eqao scrabbling photo.gimpo
141	UNK	keece worst #rezalways1stanniv #wakinguphappy mahoney's girli'm pojd deciving chaday 5541
142	UNK	koning #imsuchapartyanimal aniversay #couldgetugly worst pureglam #jimmybuffet #elevatetomorrow baduk #mountainlion
143	UNK	bhayina pagsulat worst head.now #poorthat bmb breazeale twitt #510 smh'ing
144	UNK	guybrush jajuana jumushipsiyo ex-wife's worst #flipsquad bonitoo cuteso dhevyn thinkkkin
145	UNK	smakbo quesion aajeedth worst foound calculous 01101424 merryfield sleepxd #nathansykesfollowspree
146	UNK	everythen #keeponlovingjhabea summerthing #getwellsoonjbs 107.68 themhow worst dongyan #swaggot #maroon5kawanku
147	UNK	forrestal pile-on onglai #dick'ed citigroup's loveeew #puddlesworth hesta worst me.nah
148	UNK	worst brbrb #loveforitaly ouchieees timei'll #sorrynotsorrybitch generall rabioso defffinetly jannesha
149	UNK	hautian cinnibon lebohang worst scramed #imisscamp mustachee breackfast #absolutebeauty devanshi
150	UNK	tweetslove graysen #alloallo #corinthians #babydaddys worst #cornrows antum nyxfaceawards #paeme
151	UNK	3alee rugiii ohiohealth #houseoflove worst #demiandleagiveourheartsabreak nialler.please buahahahahahaha ellis jepha
152	UNK	#hookemhorns linneus bed.comfortably #weownedthenight #usavscan 5598 #missyousomuch #lifeisbeautiful worst ngorokkk
153	UNK	cews #uhnobitch #sorrynotinterested xp5220 covets cagnes pratz #rideralert worst cathin
154	UNK	buhbye #pilsner dashup necu 2dz #eventually bangun-bangun worst modafinil magnifiers
155	UNK	a5dt adulta deem worst facefuckers kerana cholito shrike direction.the bolay
156	UNK	#caketomorrow #trentto26k airsofting #aktf worst bitccchhh kiiwii lanthus packerss ailla
157	UNK	perviously 3omr #dailyrant #devlink threeday 200kd #irving taylorrr worst prosta
158	UNK	#greatmates shreiking 303.18 upney 3.33+ ericock #dumbassquestions y2j worst fcknq
159	UNK	mutsy worst sourian orilla driveclub #kendallisoureasterbunny #grossfood sesh #thesims3 weavesss
160	UNK	#notgoodbye 3leik iacs talktime worst #julieanne4vans wwhyyy rados t7ib 54654
161	UNK	#christianslater eaiting shortage #feelingshurt thoracic 3yes worst serrsly notreally #feelindumb
162	UNK	#theocfamily kitfo brucelee unfolloed #thanksnadvance worst qon well.he famfirst #brunomarsconcertmoments
163	UNK	paryo 4mybday #justkid #cartoonsthatwastheshit #timetolaugh doze #cantkeepmedown definisi worst ummkay
164	UNK	cosatto worst 1.13 #happybrithdayoliverlance leefo enaa #showtime #nclex #ithoughtwehadsomething itok
165	UNK	bhaijan #leadersdebate chahein yuckiee #twilightmarathon peatree #fatnight worst probadly thankkyuuu
166	UNK	loaohoxiam 27.0 watevess towncentre bbworld worst stankness ryouma snaaakes lagerheads
167	UNK	shmitt creare relagated inaf 86.00 ironn worst yetiyor beesssttt semestar
168	UNK	#spendthenight grandaddys shobha o'mally keesh worst piscesbarbz harrity samuelson outand
169	UNK	#corymadeuslaughwhen #patheticasshoes #forverandalways maroni 378.01 lyttle #1dweekend worst #dontsleeponus #ggc16
170	UNK	#bringontheseason sdang #elliotwave shoeshopping manama worst 888 923 0923 electric's #god'sgrace #pittacuslore
171	UNK	gw3 roygbiv piccaso #louboutin video_drama assloads queuing encher worst #kardashianlove
172	UNK	w'o #seeyouinthemorning #backhandspring 148.5 worst run-ons learder gamin todayi'll wovee
173	UNK	#applecinnamon a'well coldworld didadaku fiuh pinamigay #supaulmanforever #wrinkles worst spammind
174	UNK	worst fareeda ginia sisx magkkapatid tygerrr #smokeweed drianna woofed ciu
175	UNK	cire alshy kringles coupledom lolololoolololololol #theshitihate worst kentung 1dupdatesonline #okaydone
176	UNK	greediest #john16 #finallydecided #leaders2012 worst hangouy ivella saaappp wstb #remembranceday
177	UNK	daylene m0ment arane t8 #communitymanager magpadeliver #playmaker worst arella #photoofme
178	UNK	louannah #pleasecomehome #juicejuice taevi protectorate #colsparty flamerz 1888th worst #caress
179	UNK	worst sansom robbery #letsmakemusic mcentee whatapartysa #lovegreg 244.46 rygood #greyskies
180	UNK	vettle #istillloveit kerrie's shiming suweettt worst museu #nsnfancut 600uz #citybiz
181	UNK	sufiana #gottiflow unff gameshow mr.palmer husstle #dizzyblonde worst firstweek tsm
182	UNK	rt1 49,950+ worst sashsaidthis lmfaao scurrreddd #thingsireallydontlike mrcarterpg nkate 99.81
183	UNK	9610 worst holin #phclove kace's mapadpad girl.all bookkeep #soofficial laprincess
184	UNK	quadripav #2012vma ahills bshtag austyns #20yearsofsrk #cartalk aleshaa worst nikeids
185	UNK	80.5 d'fuck mksihhh dorothea dbu panneer lbhfs lemak's worst okno
186	UNK	#suchajoker younya caesarean worst yji baldivino's 97.15 masd #linus embarkation
187	UNK	#onlythebestgetcrowned mournig worst #youngartist capello's kuriouskae #poisonandwine agianst makya #saturdayspotlight
188	UNK	n327 jayvenom lixin worst 227.42 kabilib sowon's musted astalift nieyy
189	UNK	nerdmoment ∵ pyle 5066 worst #iammad conshohocken coldsores 05:27 shley
190	UNK	siren's #itreallywas saeson tahahahahahahahahaha worst #kaleo #getsouthernndreammto4k spainneedsunbrokentour #gonat #stalbert
191	UNK	leec eventuallyyy ohmahgoodness open.xd #dwtk02aug desidido isnanow 1,343 worst kids.they
192	UNK	payakumbuh lether uwooo tyini rheeb worst amber-ah pof mylasalle uncon
193	UNK	afneh houseu besik #welcometothedarkside #newtattoo worst #streetteam boxhe murrrp memollow
194	UNK	shortass superwheels jww #370z worst aegyooo tfudge simplicities cici__lu grandmamma
195	UNK	chillian tmhy worst 3agebni #goldengatebridge #boredface rummaging god.my flimby burpie
196	UNK	secr __your bkrah worst #teamuta hrithikzone busuks meekness #imissfootballseason #ripstella
197	UNK	determin happen'd desr clodagh's ® blue-green worst diajakan #alty gasps
198	UNK	worst regress toolies isingle #weproudtobeyourraisa #buyfirsttimeonitunesnow #silenth alasia's jeopardy's #undyinglove
199	UNK	#lesliegrace raeside #aicpa_edge worst s1put buraw funniestshit 1pump #soashamed wee-wees
200	UNK	saimar worst videobash time.hehe cottle 9-7 bejeweled karleigh's #hediedforme pingis
201	UNK	bonions nv's #tikiwiki everythhing #imsmarter worst buzzzkilll checha #hpair2013 anarkali
202	UNK	goofie wataburger mevr otso-otso hageblek worst clays #siapakahaku #exuberant dammmnnit
203	UNK	humilty hitch-hike #teninchhero avocardo frasor #venturebros #nearlyfinished ensima worst #katerina
204	UNK	wakamin #yegre ingred folklor underdark kroghetto pipols worst 5boys #knees
205	UNK	worst luikin doublefine ra'kahs spxn alize's syera #markfosterisrad sausages #tedashii
206	UNK	peteee worst #atscience fraking fieces #herose #300thgleemusicalnumber #deppheads canabalt appeciate
207	UNK	worst perfectking rockmelt reeaaallyy tudia aletle hted mazzios #canthaveboth #moderndayslavery
208	UNK	worst #retweetxdownload nanch creepypasta's dprydes #shebacat peoplr 106.92 kkamjong #cowfishjobs
209	UNK	worst jungwoo it.perfect abrd posty turni úm conductive #cloindia13 #newdevlin
210	UNK	31.75 bed-check #militarybratprobz cardbus #ba gamna worst promenade stista #guycandy
211	UNK	gottman afecta ibbe prefessional #butyoubadthough 5.49 worst #nothinglikeit yeaters soon.hehe
212	UNK	#gin worst skeng mocktails _koolade_ ketjil tra's tnda daydrian #whatidoknowis
213	UNK	mr.williams worst alphabetise contrao gokan ubomb thorough gayworld fieldstone asiia
214	UNK	cutlasses #iwantthis purcellville #brazilian worst ghees iema ddek psychologically #crazybastards
215	UNK	#giovannafletcher hugout #somanyboys #iiwii jedwardtv #whsbaseball #gratefultweet #bemywife worst whippings
216	UNK	recodings #goodnightlovelies tagona lapbas worst #chincoteague mylil mocachino 23rd #sarahdebonohasthevoice
217	UNK	#ytfconcerttour ferriby swagiest worst #iknowido #bfffs #thisreallysucks 816.960.4988 glovess blure
218	UNK	stoneheart paver worst vancee imaginan eyetv boko-haram katey's thundagangstackteam floofy
219	UNK	minionsss kafani p100 yr.old worst bauws boting fiorello #unfff 11:00-
220	UNK	ototnya #putyouheartsup worst luvme #favoritemovieline smellie hougeans #rankingking triy friendsheep
221	UNK	mapipilitan onida #goodgirlme #loz #nomessingaround nermind worst #plzhurry job-seekers #havennation
222	UNK	zheng's sydra sooma th'fuck #asot627 worst cutti grahhh #geniuschild jiyeong
223	UNK	santeen twitterhood #tradeday #indonesiawantsgreyson goombas worst puhhhleazzz #annasun loked mamits
224	UNK	#happybirthdayolivia worst wyng xx545 #epicegypt #plasticka lolyu makarawod #thankyoudeandealban haghaghag
225	UNK	#iamnotawhore prry scla #boycottmsm #teamnyc dbah goonish worst resubscribe #suhomecoming
226	UNK	#whatthefunk worst yunaaa plannns 60.26 lapped gooess #turkeydeservesbelievetour yadh sofrito
227	UNK	phone-a-friend hidupmu #getthegringo fanney #digit13 guardy dotie worst alexes #loveyoubffl
228	UNK	bushwhackers #4thgenerationwar actuaaally #phatgirls #dud #rejuvenation worst wanted-glad sapheree #chilibowl
229	UNK	#notrandom fuckaduck fixin's #tiredofhoes gwyl kgalif worst #pisstakers #randycunningham9thgradeninja #simplyi
230	UNK	#zaynmalikfollowme haquri #b2st1000days #ilovebeingme morlada ramage worst abangs #tonta eaisly
231	UNK	worst #imissedthememo quandric afraidd 299.14 speel jonges mubaraks #bls iionn
232	UNK	tomorrow.thank 1023.4 paulus edrie watsgud worst citw ohem theen diwanee
233	UNK	#votefortaylor worst umid #thistheshitidontlike cornmeal seaquam tehhehehe #tooright #fairflow #citybreaks
234	UNK	rylance pursuite #lvlove gatalman sakral carollinaesther pibk #uaelogic worst #violent
235	UNK	#mcpvp worst folooow #thefood #mumsbirthday #hallowest tendres 51million pajan hepeng
236	UNK	tobeelorba #andthatswhyyoursingle astans worst #wehateblueclay rubentini #poorlucy her.even womt tae-jun
237	UNK	#divauniversal #hotfmwhippinyouw1d #wannasleepforever bowse shivin #strawdogs 69.05 gich worst friend.if
238	UNK	7lamt desurve mccarney tsutsumi #teamstefan #itknows #cantcontaintheexcitement 3rd worst deg-deg'an
239	UNK	eeaatt smoochers #cuteforlife coychurch nagtitweet #a11y ifukn flayer worst #daretobehappier
240	UNK	#bealad bmff mcrs worst #theressomethingabout 04:43 tearr #2163 #oyf #yahooomgawards
241	UNK	worst #thelastofus #sexatitsfinest pauliedahl unforgettble itchyy 5026 #historicmoment #onlyinmidland #scareedu
242	UNK	thusi's worst ajdar-sahdamar #fillmeinplease ㅠ__ㅠ #greysonchance4ever doood xbos 27.2012 thourgh
243	UNK	worst ntan brick #spanishteachers #expandables2 #musicjobs t'has alburnett swjh summertime's
244	UNK	worst cntiq couzie neeway nameees folkens #powderpufffootball wobbble #awesomepic halikarnas
245	UNK	colormania nmau worst #mainsqueeze flo.ck salior mattiello 2164 shaatup queish
246	UNK	#thekaitruth nangor #jaegerbomb fckken #secretsundayz maaahooosive perfect-ness mourad worst ckenzi
247	UNK	#stupidlittlegirl batu nishan-e-haider seramshit worst investopedia #illstarttomorrow #micahtweet rilex labenne
248	UNK	9005 naoshi tradish koood headcam worst pre-view sw15 recuperating gniight
249	UNK	#17millionwereborntobesomebody worst #thankgodforboyfriends 3403 ukeun patientally #imgonnagocrazy lıam afterpartying #proudofmyteam
