0	UNK	#soproudofus aegyo dontbother diajeng logico 102.71 sequential todler idiot #norman
1	UNK	idiot #youknowyoureastonerwhen tongueing jungly #prayforcoachcave time.be danielsahyounie adots inshaall #faeries
2	UNK	truh shinawatra jeliouse idiot gofollow mi'lani piacentini 227.20 #juliesdiary 54.03
3	UNK	#boringsnoring #ymaslivelounge 372.21 5an idiot well.how #dreamhigh2 h.anniv #niceboobs orlowski
4	UNK	rapetrain absolutelylove fatla gift-wrapped catsand #getwellsoonnathan #veetstandout bandmate's idiot knara
5	UNK	located #frustraded l3am yon's fessa snyone adain idiot ranin #crazymofofollowspee
6	UNK	assuming regla „Ñ±„Ñ± #nacnights google.ie #goonieisand rylannn legebd idiot limeade
7	UNK	adventuresoftia idiot #iwouldwalk72milesfor #wowshow chessieshirley wkwkwkkw collecters #umphreys yindoos #rolon
8	UNK	#donquixote #tides #wiz idiot #perotengotwitter 14-04- aarthi #youdontbelonghere wiould #mybiffle
9	UNK	idiot k-rock wishies #pooparticles lunchtime-ish piggie #cutcakenotwrists decia shhing #freakydeaky
10	UNK	norwayy #wearecreepy idiot #ilovemrcelebukand1d roe honestyy #younglifecamp sheeot heaveness mapleview
11	UNK	idiot alcazares #threegenerations schober berbakti lucrative #ettajames „Ö§ #iftwitterdidnotexist hsw
12	UNK	uifashionweek up.only idiot stress-relieving language.xd dllm ryfa panipuri #arthurguinnessprojects menka
13	UNK	idiot #nohockey #1d3daysearly labd #voteforpurav #cimfamisunstoppable thee dllm acuatly tunaa
14	UNK	mychael's newq frutaman klasic bejaysus idiot #millennium campi ninaku pids
15	UNK	afoul ngangenin burrachos #wewantthekoganvideo drai honti cmmi #annicetravel idiot syauqie
16	UNK	kuh-kuh-kuh-carolynn idiot #maddengirl someshing meedaycute spray-tan pangarap derpness zuccas tujhi
17	UNK	idiot weaveless itacho #gogoa carhow #gettinpaper josea graxx #twitterlessalexa #allforme
18	UNK	it.fuck it.must exospy idiot #na254 kaburu ahaxx 7mek skhambane judesinahon
19	UNK	udaku accomadate #personalslip crull #ourpresident idiot not-work #dodaletsgetitstarted tijae #justgr8
20	UNK	108.21 extremeties tittites idiot reeaaallyy 351.44 tripling davila's trdeeen whooosss
21	UNK	yeeeih xpndai reasion #wrecked f250sd diiidnt #yorkieofinstagram idiot trippz #cruises
22	UNK	remarche #katara houseon -26-2013 biasiswa #banghim #alwayscountonyou idiot exds estill
23	UNK	hahahhahahahahahhaha unusu #valencia times.love #spagetti ithankgod 16300 idiot jeety bged
24	UNK	franceinter chattooga idiot irmawati camada huffn #setbacks bigges crealannj_r carzy
25	UNK	#808s yunction #jamfest #beyazshow swells #glasgowceltic idiot 2:36 goting sugy
26	UNK	tougether #hmff appearing idiot 81.64 #clarkkent #alcholicproblems eddiee retweetxd smma
27	UNK	anti-gov #ddathome #teamcowboys 1030ish idiot #simmonslaw #teambrian good.its pahad igie
28	UNK	#classinaglass #soireefridays #backinschool gurrieri #iste #worldoftelevision idiot 213.41 sweetpotato ba6a6a
29	UNK	#hairstylists foreaall #bootymeat muktamad abusers completeee m01 idiot fuckwitt sweeetness
30	UNK	#followmr saudo mangareader #stinkybreath idiot #familyparty problemmss #justinbiebe cheesssy supersis
31	UNK	#truefollowers idiot #spiritrally #pointlessfact heart-breakers #randomcravings mungai 412th f'sho ydney
32	UNK	yashia klaseekme 3atash shoks me.tell fresh-ish idiot sportswriters sbfl #steveo
33	UNK	jungyunh confusedxd idiot #frozenfingers #1tsb alni alsman xubin 338.54 #girlssonghunt
34	UNK	monoplane #sharejamba #incoldblood #supernaturalnz retardos idiot wachana nvrmnd read.but #inbp
35	UNK	buddiness ceceilia krunkkk #forgetting #bestivalblues l7amdillah #23rdafgan splitting idiot copii
36	UNK	#ratsnest fatals 6-11- pavey idiot slippp #imdonetrying #prayforthevictims #twitterlessbethany #tweeter_biggs
37	UNK	strip-search idiot facckk #justhitme dieticians pay-phone textmate #crazyfeeling #grownupprobs #bomerforevergrey
38	UNK	#advtech #noicant brytnee mork lkwd idiot #findmaddie ta7sheesh 3nady #christening
39	UNK	inventedd thing.he rat-sized samconcepcionanddevonseron follies #musicprobz idiot mr.belt pachuca viproom
40	UNK	#dreamweekend #pokemonftw modies mahagony #19goingon90 foollowers idiot 14:02 offered podw
41	UNK	iyanda idiot karo's ishoot swark #thatwasawkward pato's ithings chrisssy #rogerthat
42	UNK	#andone #wiwx carnaby musicon idiot preperatiom i-d-k halloween-themed deasia's #jhu
43	UNK	josor meikyuu katriel 7329 #survivalsunday jillianator #odessa idiot 355.66 makwana
44	UNK	#bestdaughters na3eem idiot painfulness tranquilo #everyoneshouldgo pested geha #twolipsacoustic nobunari
45	UNK	#bigpig #ohioprobz kece-ers idiot dr.seuss diduga cantatas jaams 69.80 #sbswinner
46	UNK	sheenafiasco 965 dabel #fulfilled appert #50thingsaboutmyhusband sishebo procastinating idiot #bloodtype
47	UNK	#futureathlete mcda idiot deeepest Óà† #christinalovesherfrands wifeymaterial crazyno mz_concreterose #7elevenday
48	UNK	idiot uting bluray itcelia #fireaway zto #waitingforthis jazakaallah #withoutu mummyz
49	UNK	eabl true.well #wantubackagt ayaans #movinout dairylee funkk idiot right.lol teze
50	UNK	#plaster smahsblast idiot ketimbang #loveryan #teamstrongday #whoohoo searchlove audreyanna batchel
51	UNK	#nottechsavvy bicorn omneya #backtothedrawingboard malkina thaannks idiot uvh uufff alohaz
52	UNK	madting tanvir #mibers #prote #bodypaint nagtwitcam #healthfoods idiot #animexx crispin
53	UNK	idiot thahaha depressed.poop peate see.btw cienega #whoknowswhy herojae_here orderd #wewant1dinbrazil
54	UNK	lansangan #policebrutality ouccchhh 75.88 1dflashmob kyiara chanted #turkeylovesonedirection idiot #ihateignorance
55	UNK	wingchun idiot _f #ithankyou alriqhtt interesant arre gaped spillt excting
56	UNK	idiot kesambet #65roses #wemisslarrystylinson 235.71 #hotchilisteppers #freefriday chik-fil #youcankeephim tandra
57	UNK	#jt's smackcam'd #naruhina idiot quinlans shanster #byye meeeaaans #aub bigzaddy
58	UNK	#inolney #cmafestival idiot kyusi #everlastinggod phage flittered sameers coughcough #myprayers
59	UNK	t'nite ciparay chrisshunda 90/94 #nextinline fengali someond #jira4thanniversary idiot oooneee
60	UNK	button.you #escapism bigbanks reach makaaa gemmed #australialovesjustin idiot #towers #judaskiss
61	UNK	idiot espicially fetal kalana #weaintgondoit #objective12 baaank tykerra bagoy #graphicdesigners
62	UNK	st.marys semiflush idiot colorand kreme-flavored kakvi #setlock drake #kickingmyass #bonobos
63	UNK	attention-deficit canabalt abercarn aniyas idiot sungkyu snugggs #twwalls lastmight #proudjanoskinator
64	UNK	idiot È©¨Êù∞jie #newartist #frenemies af-s umars #thedesolationofsmaug cskians pureblood whistle-blower
65	UNK	6374 01485 studios #mentionatruefriend thatslove idiot #doesn'tgetanybetter eyyeee #solidrock erughhh
66	UNK	#killitlive soptek #textingproblems saszan d'banjs sapper idiot manera pakalat 1,762
67	UNK	siissy bennettors snowingg idiot #sriracha trawehe cellucor #rtduringschoolhourschallenge studyiin 116.95
68	UNK	lopyu jonghwa idiot rhoda pshft #badlucknetballers yoursz rytle #goodfridays year-ish
69	UNK	emergencys #happybirthdayblake lilyians #thriftbreak idiot butthurts 2:28 tidal ladees weeheyy
70	UNK	#ittn idiot 3948 subtleness teachg see.its 48-50 qiii kawakawa bowdown
71	UNK	idiot #ukiss knowus #edapp #foreverloyal faiz #haydenchristensen #4everwithb2st thanu mayteen
72	UNK	24601 rthing shoo-ed marquisa yangshuo assaignments #pataksdiwali kaisy idiot #melitary
73	UNK	idiot monelle #rave translates sleater-kinney #sobroke lekker suffit #directionersfromalltheworldlovelwwy tweet.ever
74	UNK	idiot onna headeddd turnersville arizone #vweston wg1 fryyy #sickasadog mcaurthur
75	UNK	moutains idiot jettblack awale chicaa #bratattack bauhaus #cantgowrong #hmvapp gshh
76	UNK	mersing areadii pinaulit doug #iwonderhowitfeels idiot reeaalll timmy salamaaat 5diii
77	UNK	nyima idiot #gafollowback uhibbuki chipoo 95.94 #realathlete fillion d'polo #butthatsme
78	UNK	taira #heartbeating idiot penaa praisefest aryn's 13130 #recognize #ramcharan's partty
79	UNK	remarkably marscapone #fightlupus tokimonsta #girlfriendnotes homilies 20.35 mckenzy idiot garmon
80	UNK	#maddian idiot taoeh marbear gryllers shadowfall baekhyuna georgiaa #diosa jamine
81	UNK	iifound snabacks 6210 rieder idiot spielbergs b-cuz jersys whitecloud rahyza
82	UNK	#goodbyeselfie fearny fackit decideing lol.look gfxd landreth idiot abbots lai-lai
83	UNK	#watchoutnow indz datenight alawl doobie's idiot #daymn ipicked bigcountry #slaying
84	UNK	jetpac #jjcyouthmarch as7 #clubsplashpt2 oggi's hadiths #eatup kinzie idiot unfathomably
85	UNK	extinguishes haahahahahahahahahahaha 204.03 idiot yonnn errk #twitterpeopleiwouldliketomeet nbasa #gymfreak dickily
86	UNK	operaaa okay.will lorissa's 750php ryuichi idiot xxkk #neveram 738373 #ladpoints
87	UNK	w27s46d 345.12 brossart ideserved idiot lyn-z #teaminlove #offtoabadstart s-ish jitterz
88	UNK	#worstcombination idiot ladada #beatthehawks smile-making rbona #givemeyourmoney rdb's whyyyh kabirthday
89	UNK	#kewlbites idiot bestie's cuntpunt #favoritejcolelyric #cdnmoney #saveanubis curalate saggis horny
90	UNK	ramiii #cuffme whitefoot 270rb #somuchhate #gojeanfield idiot me.makes #meconfused shizer
91	UNK	tidy'ing idiot roxis kirkbride rushabh stroma labero maall #thewayna legwork
92	UNK	guilsfield alamu #kurtkaizerongfor14k mufti everything.and idiot #doingitforthekids #thombrowne uyar owwwyy
93	UNK	pist #poorteddy #taptaprevenge4 a93b relax #olymp #hesmean #thatkill idiot #goodfridays
94	UNK	sellina lesehan ha.ha idiot #dykes4lyfe #wewantedthewanted itoldd teamgoodger 313.00 monthday
95	UNK	patli idiot jacketss appologise wkwkwkwkrt definitlely #randomkindtweet #comebackkings disitu #ithappensallthetime
96	UNK	ti-cat 1cor15 #katespade #cantwaitforturntoyou idiot #onemoreplease #leadersdebate mgnt everybodeehhh parantha
97	UNK	lamorna idiot mlht #dubb petsafe bober #beeasytour #thuis #cancun2013 lourdess
98	UNK	awerd jolas mimiiinnn #teeth idiot thaxx sweettarts shit.haha 314.95 throns
99	UNK	c.springs phemii alixx #calderics aorn burnsday otcmkts idiot 11400 #frightclubtvfollow
100	UNK	clevery echoplex itcher just.said #mystart gasper brianny #sai idiot #tt's
101	UNK	myerscough stockolm twitwhores #261 idiot finallss together.lol assalamialaikum #whatabestfriend bestoos
102	UNK	thaought dayira travellodge feeney hungrier #probation gwaenchanayo idiot saulie #fuckcheer
103	UNK	rankers 74.72 aniisa #podtakulive scarfin idiot ksygn hahaahahahh 326.23 346.68
104	UNK	#ambercolewillsuckdickfor #happybdaythekill tsm too.those idiot #shorthairandicare sistern #welovejaejoong #allingodshands paytas
105	UNK	phum dokiiee country-like #prayinhard thisa exhausted.but first-look #titter idiot 7ontheblock
106	UNK	europeee bellinghausen #soultrainawards khotl shiieeett #goodfoodgoodmood mhs aquapix idiot braviest
107	UNK	#fuckingwin teyondra collegetown entw idiot suddon smudgehd #ask5hanything bullshitter #needmyphone
108	UNK	freckletone kpopfangirls #vscofilm04 #minwoo tosoi them.that not.can competin idiot nole's
109	UNK	302.92 sachin idiot sonhar #gotmesmiling #thingsimgonnamiss ataylor watchur #worldpremiere lurked
110	UNK	multi-threading mozilla's corneh helloim_ratnha cloney peodophile shkh idiot #funnytowatch precisi
111	UNK	#beathawks #scorchio #hotfmpostexammembershipparty shisa 1.3003 idiot looss mickala #iloveit wihs
112	UNK	robado #earpiercing chickaro directinator stiffneck idiot deter issuedaily un-awkward #deuceclub
113	UNK	#welldayum shishimato #soscrewed kariny idiot #dontleaveniall #lovethoseguys #shortpeopleprobz anjelle jeenn
114	UNK	#bluefridays niqui biiig idiot ibgstar #rushweek lakan cribooo #nomorenegativity christensens
115	UNK	#thatslow beautiful.they #whatireallymiss idiot reviewd thickkk unaccepting #goldenjoysticks kayliegh foodtech
116	UNK	5most #playuppompey flea-sized-ed-elric ea.product idiot #tellyourex uspe dedek nagprepare dools
117	UNK	anybodi #dublinmarathon bhagia brumback sex-positive not-bad honest-to-goodness idiot 6oclock guedo
118	UNK	#cheesy idiot #nycm wendy-chan #rnrphilly giftcard cahmon #englishtea #simisaialsopolicereport dywane
119	UNK	yenani honeydews #sm_rihannanavy #tamarnvince #luvugrief lidl #iamapoet #whatiwantinarelationship idiot maanga
120	UNK	0.065 #notattoos booobss stepinac idiot wlpn wagafa #inches #gomyrtle breakup's
121	UNK	hopkins limavady #australiahereicome #mybrainisfried tauntin twitterberries 3wheel 09:39 idiot tjthe
122	UNK	hastaga errmahgerd idiot #samoyed #sc3443 matchy-matchy properstock coffeetable albaro seried
123	UNK	#lefty compatriot 08389900147 lana ghsa idiot loopty #savingmrbanks prestigious #friendsandlovers
124	UNK	nagfollowback idiot 36oz fthnsbl #nicethat #aadukalam #matchingsweaters id4 #washingtonbound #winkwinknudgenudge
125	UNK	vintages ofcoourse doesna resheeda wakeupum 4ishhh #liquorstore idiot junewong t-square
126	UNK	idiot wrong.with sniperboy ghosted #iansomerhalder gorgeousrt hohhot mqtt #bukittinggi meanmug
127	UNK	#newcarsoon ohmigash idiot coronado's #arcade #teamlilly youwith ex-vp #remajaseksi scribus
128	UNK	alissa bissa pagusapan mr.olympia whiteskins idiot abal nedd planeado sat'nite
129	UNK	#teamfugly #cutefriends w7de idiot ayayayya #absolutaudiogasm tuckers 10inches #studentforlife lrq
130	UNK	hlloween pudy tha'll teruslah #2408 idiot shewag woohuuu birdseye yummyful
131	UNK	mochamad cryiiinggg nafr #verified #ohwellpapel #biggestlove whitson idiot birthday.pray #floralshorts
132	UNK	enqaqed shaway saabar #imsuchasap desura syphers idiot karani 1000lbs kantuk
133	UNK	idiot dessu #lordy triangel #lifeisgoodagain meooowww eyes.please bouillon #woohooindianapolis whaduppp
134	UNK	geyonna facebook.he flareup idiot 7ba #icrzs tabjge kikan #giallo #supersecret
135	UNK	whomping #bt1turns10 idiot photovault #alwaysagoodthing commentate 302.78 kenapako freebies #stopbragging
136	UNK	sawryy #fockeyprobz idiot 3alaikm magestic marksmen knightwalker #askheshima ekland shisui
137	UNK	#somethingmyfollowersdontknow crucification idiot portlanders #kissmyvans haaapppyyy nasasabik #hopetweet nhad #hhahaha
138	UNK	pagnanasa idiot satto 3304 nooro #teamcock felch mexynel olten fall.asleep
139	UNK	oo7 #wouldntwantitanyotherway 09-10- zoller qtu 100pm idiot yeeaaah hubiera kwazulu
140	UNK	ozzyland pressis teeet #infusion idiot 1487 #cheeruplove firaz rapsa bestbudd
141	UNK	christianne hair-band arizal #happykoryographer #cantbereplaced idiot #somuchtolookforwardtoo #fuckno frrresh todd
142	UNK	pinaalam idiot #teamtakeover snging breaksfast warzone quilled rosing #3idiot #metroplex
143	UNK	mindfvck sharan's goodie-good yeyeyeyyy ceeya butterknife idiot noopppee scunna melonhead
144	UNK	otot defies folks.we ryrenonprimetimebida idiot 4.87 #gotmeintears turnupturnup #twitterlessadrian #teamswavey
145	UNK	hitched apani fony vjj #weloveallthewantedboys idiot #haringey #ankylosing #clpblogtours nhaya
146	UNK	p1799 jeeda bradin #tomuchdrama rudbeckia p-l-e-a-s-e imtired elisss idiot watevrr
147	UNK	rawwwrr #labcoat rekti #cutties idiot holty #basementparty ib-ers currysauce 1directioners
148	UNK	shot-out harjap cheese-filled dandut hanover's 7mda boy-hey idiot #off2bed devvers
149	UNK	draaide #kalamazoo idiot mcgeechan paigs veritek #lovingthissong spongeybob viper's overwieght
150	UNK	al-ikhsan idiot vegasss #whitegirlstyle i-judge 339.80 #sadeyes #nobaribcd jewellry rencor
151	UNK	#gagatrivia sweetestest idiot theur #iwasinlove #believ magbayad benoa e3lanat juliasagita
152	UNK	unforgotable suresss gaff onai idiot wollo #freshmenproblems everything.hope kaidyn ricecooker
153	UNK	brahbrah #coulditgetanyworse #waterproof 76.50 idiot #militarygirlfriendproblems diplo's seanbrinck zaaayynnn botherinq
154	UNK	naveya creoo idiot wavegang tareh no-doz globetrotting #lwwytonumber1 zeus's #marcomengoni
155	UNK	#amitheenemy musa drugz merfolk penies 97.72 idiot unooo humina insideview's
156	UNK	#07 idiot muggie tiglet bludrin shley asdfgjl ‚ì• #october19th friend.are
157	UNK	yaadie #divawilsonisawesome idiot kebrp bedsy #2ndweekofschool #happybirthdayliamfrompolishdirectioners buzzer #yummay tellig
158	UNK	mr.dc #pleasevisitsoon idiot heahache mcginns #neededtobesaid colonist veedub sergey dr.gomez
159	UNK	#bodymind smart-aleck 2pp convoluted are.that idiot shenglot #sorryroommate brpthers ngid
160	UNK	mckinnie mrchrisrene ji-sung mcdonogh thought.so cytokines #personalfavorite whitman idiot iighhh
161	UNK	grace_mitchell #tunisiaandfranceandbelgiumdeserveonedirectionworldtour creecy idiot strength.the terimakasiii #memoriesiwillneverforgetatmcswain 1,476 #belieberssupportbeliebers #maynestream
162	UNK	111212 lukaku's celevrate candie idiot nerdgasms lafyou synn #datbody tharoury
163	UNK	kituu ÓÑ≤ #sadlonelylife karch shoebuy roisin's #fuckingautocorrect idiot interestting biehle
164	UNK	2ond fairport idiot leeef yyeeaa matience whahahahaaa #ihavenoclothes #brite #shortpplproblems
165	UNK	ashfa eat_my_pussy idiot stumo wtfrick setiawan d--i--t--b--s--r--e--n surgicenter m5tfya #onlykhuntoriaismyotherhalf
166	UNK	#jetsnation 244.71 energiser #imthe gawping ouooo idiot #wristband #notworththetime b'dos
167	UNK	idiot abella's ceegee goodspell ethirneechal sexyasses #makescalpingillegal1d #megandesignforgaga #bhakajuju juuuly
168	UNK	223 nneka #shitmypants #twitterlessdave #ilikeyourbeard #1212 im_cashkiid idiot ftfd dompu
169	UNK	aszia smallholding 2,933 #randl13 idiot trenny ms.ford 11mile galpals nalilimutan
170	UNK	#60kpsanderettes ashirbad cherece #gradjobs #tvdlovers clarkey multi-platform jooones idiot typecast
171	UNK	#freediggytix x995 ringneck sanely #sunnyspain also.xd #niallslaughisfunnierthanicarly gradmother idiot yaaard
172	UNK	cionne bab's pembodohan jykeria #nilsfollowspree idiot renshaw haille shonagirl ry-ren
173	UNK	#babybabybabyoh #gottobelieve2ndmagicalweek ngospek #kingcheer levick lieinn ‚öæ demolishing idiot #takingit
174	UNK	idiot wont's ef sms'en waiyee #myheartisbreaking #questionsession cruk tiis aucak
175	UNK	catatonic idiot heem habbo metors jdkl bdubs laudrup whati'm kilau
176	UNK	xoxoxxx idiot adib's snuffie stuppidd #shs #runforest krib kenyo prismati
177	UNK	#idoldreams fantastic.an coursers #wereonthemarch razzmatazz #stepitupguys tujuh #runs idiot 0.035
178	UNK	#admitthatyouhaveaproblem parafin guixx ramailo #stupidtimezones philosphers #foreveralonecrew #youknowyoureteamkhleowhen idiot it.funny
179	UNK	sertino's #footballboots #godblesselissa #itsabitch ahahahay #notevenalittlebit aguliera idiot #octobersveryown drifloon
180	UNK	kisslng #roycenaticasarethebestfanbase thomaswh-loki shepperd overreaching #tommetippee #kohl's bdaw idiot theirselfs
181	UNK	#littlehampton #gist faliq's jawas #gomark #metalevolution familia idiot alwsys yuie
182	UNK	#itwasagreatday #truenigga rachetville #letsworktogether #grinders idiot paaaper duluu chiiin dontgiveup
183	UNK	crod umming corsodyl ohhhxd well-up iyall tyroneee idiot biird #gettinmoney
184	UNK	ptfa xqd 993million especialy idiot lobel #ycinshenzhen #ziamtwitcam blazer's gentin
185	UNK	8729 anggep kissu idiot #homelab #utd buffle #losangeleskings eegs #skos
186	UNK	seaface quarterlys likesz soloing a45 goodsell idiot semi-ready lemoney b1f1
187	UNK	#oomd #dreamgig wholething #themoob idiot #legggooo #whatismylifeabout manhandle gyspsy #hmvdecades
188	UNK	#makemydreamcometrue hepsun #emmastonegetatwitter wtevr idiot 379.59 knoees #fuckthem 13o bahk
189	UNK	lovallo btal non-gamer sorex #shinebrightlikeadiamond mese #cutestbrotherever idiot lagirt #cimorelliongmaonaugust28th
190	UNK	dyinngg #gettingmylifeback bolitas serialisation idiot upte voty #ripcharles youzza hooverer
191	UNK	kazhmere_kool vaga guru mobit #schofield #mayniacsareproudofconor idiot #tedaboo #lifesunfair gonnneee
192	UNK	drona 4.90 gobbledygook kendin idiot rikues swimwears.what lewisburg's #foolsandworthlessliars zauna
193	UNK	yhayy #uphillbattle #welcometothefamilybillylovato senyumny #woahgirl #heat #paulheymanguy idiot disord #lcsa13
194	UNK	gebuk hkmeme 238.80 idiot telegraph.co.ukthe real_msbrown #onwards andy_samuels accl #week1
195	UNK	overwhelms back-stabbers #twiinsdirectioner kunyah persiapan happaayy idiot vesnina iyuana dayman
196	UNK	sram snapy #moreprojectsformarnella delmy's trinamool gadaa idiot #shitdrakesays gbfs liiips
197	UNK	ja'nelle awesssooommmeee semi-comfortable idiot mrs.fritz mixalis graystripe a5od hahhaahhaha #deboraliens
198	UNK	#dland sybrand donggss #blackpartymanilax idiot chechk duskie elkk likfe buhaton
199	UNK	#paulforpresident ibullya artee brests poly-diploma twittetless reprimands idiot #improv oaaaft
200	UNK	nolas hi-tech freker #comebackdoublev89 #jakcloth topkapi idiot #wordcount klibinde gomay
201	UNK	#retailprobs #getdougietoamillion pigggyyy idiot #askorange grabdpa kenken screammming my801world #teamcum
202	UNK	techmeetup #dci13 may-september idiot nabbie know.im 2mnth #declareit jammms #mcc2k13
203	UNK	#sunil tatatatata #worker dillsburg scrapple allatt #lahh hewbrews idiot acquisti
204	UNK	gentx idiot kyls #4marriagenc 319.82 adaline darksin #scotlandsshame #balancebeam 3451
205	UNK	idiot leonah #inthemeantimeep #brazilwants1d re-shuffle kalmadi #teamvicky #gotops ciannye #suckstobebroke
206	UNK	hancing tinu nano cartagena dtmd smc idiot njud #goodeve ayenda
207	UNK	idiot hiksss #pugsmeanprizes #titledecider exicted 1,015 luddington 314.93 üçã vossen's
208	UNK	mamacake wicking #emptynestsyndrome idiot innat milkless #wearenotrelated 21.80 14,2 thanairi
209	UNK	barakat's idiot sexalicious biso submersible wale's bellatrix #civilizations #90sbabyfollow #ticketmaster
210	UNK	tench magcall rville idiot #80'skid mudaskunt 361.82 jogs 2534 #solid
211	UNK	#macheads ajajajajajajaja koyn 5lp #sisterskeeper #metiche idiot skaterboi 3871 yupperss
212	UNK	world-renowned swellen #8123ph 318.72 impetulant 4,450 paced idiot natcyc_han napolean
213	UNK	idiot #foreverpale 4/4 #nopoint #sadfaces #beerwiki #champions #pickuplinesfortin condenses bbmpin
214	UNK	#nationalamericanmiss hvntt itms sundeep idiot #dirgahayuri #dancerlove #iwastired hooyeah elyars
215	UNK	formal #heartlessbitches muzes #creamfields2013 idiot #mettaworldelbow musala navmi #toohyped 14/93
216	UNK	sierras #finalbattle #iuseto #vintagefashion #xmp idiot klart roaming #ilovemyboxer cmo
217	UNK	joron pepsiii wdgs jjung's #imjello pany's #itssogood idiot #tiredcollegestudent youknoe
218	UNK	mssge strett allabout_rpw #katherinejackson üìÄ idiot dawgpound #syringe younghwa thond
219	UNK	idiot breddrin mlp's #vive impossibie 3-0- #coming2america vinot menny brillianntt
220	UNK	clamy ya5i #merpy 106.64 #eastside prelaw perds idiot headcam shugar_boy
221	UNK	semi-relevant aveda's nksubs colesium #rolloncollege idiot #2dayhangover #carlessproblems pergi boomflick
222	UNK	#heyfollowdanielangin 6.29- wakel #offtheclock idiot bebegailonkpm #beautifulthingmusicvideo #crazysteve kepsek ofcom
223	UNK	hotboxx boobutt thankseu idiot 02-9030368 bieutifulsundayagain niggguh neveer #sbgang bumberclart
224	UNK	brazile emberrassing newsa #fartoofunny #alaina 73f 9da 399.01 idiot tressel
225	UNK	idiot mastering oraits #goldentrio mag-aadjust tetrault #oct17 umeboshi hyat #chickenforbreakfast
226	UNK	seaview u-b irrelevants #hurryup2oclock #morecoffeeplease fusion-io idiot #seizures #sipstea b2sd
227	UNK	#killeme iy1 whood #uplay #oncekids idiot mangoro #bestfriendroadtrip pjpk 19/20
228	UNK	#yellowformyrtle #dpg ahahahahahahahahahahahahahahahahahahahahaha hackk idiot juns psquares nigganigga a5ly tituba
229	UNK	#looking4myself ambani idiot kn0w #bringontomorrownight limiti hve jaquavis thanks--you qiwei
230	UNK	#sapmoment idiot jessii bulgs latyra #tictactoe 266.36 #queengday nayosoul hornaaay
231	UNK	abta 13.35 brezzz vapis idiot unchallenged teewt kaniaos #crazyboy bbfl's
232	UNK	ankh #mygarden #volunteeringabroad anivvv idiot boyfiend's palan 10383 teuton 7abibty
233	UNK	idiot #xphiles ezme 11.55 tubinggg kindlegraphs #off2work nstructions yohn #pleasejustin
234	UNK	frenectomy could mafonies 6,950 #fakta tengu #ifyourehaitian idiot rajna #yesway
235	UNK	rafika gammee woiye itweetzobo roofiya del's six-word #skateamerica idiot present.they
236	UNK	knock-off bt930b #askrhen comleted debray clueso torrmow idiot #zaynto2million famed_goth
237	UNK	yeeeayuh #attentionmuch 332.54 ambia grandmotherrr #prayforherfamily #gimpproblems idiot #needmymoney gx1
238	UNK	#ourselves #teamkawayan scorpio_hermano dollaas #thatwilldo nathaniels bombarda idiot fun-tastic onteng
239	UNK	saluran ellooo un-fat ferns skateboardings #badlipreading tama #fuckessays idiot #gs4tr
240	UNK	idiot alphabets amm #ovarries lexuh #htf xx30 culiaa rrajkumar followers.have
241	UNK	#10001 dafq shuti sozzaa barnsdall txt's theire #cheeeky idiot #somuchrunning
242	UNK	gaulin #upni nakatwitter #brownthings afit #stillhappy 300mins sinumpa idiot #bhcosmetics
243	UNK	daddy.help blackstar idiot so.jealous baustista supportand newly-born 21a13630 missmy wled
244	UNK	jamliberty #campcampcamp idiot #familymoon 36x rtdeh 90mi freddie's agais pjs
245	UNK	alitt babyggg handuk househeads idiot #whystopnow porko #teamasian #ifimeettaylorswift bobsy
246	UNK	fav.songs 3d_sms_asilhd freelancer's #jesbians babyu #handpicked biterness #team90's idiot 91.85
247	UNK	3356 #jonzer akinfeev herbear idiot #followtheproject continuetvxq corries 69.56 ashlen
248	UNK	#getonourlevel #needathunderbuddy #bbcafricadebate chingasos #lingerie #veryoriginal #tipsarevic idiot freebook 1,750
249	UNK	thinkxxx ksss dora_twin scoe's understatement ashana transformer's idiot #yourstupid paperbags
