0	UNK	gerdie's yaushe 479 #hayniac worse #meallthetime st.tropez hts-an nayja roopa
1	UNK	churpers #calma #4yearsofbeingajlster waez carolion worse p.s.she famsz 258.48 minerpalooza
2	UNK	personaal worse #electrofunkstepemopop #iloveyouamy #photo2 #supportbsskm serviceee em.now mystic #seatosky
3	UNK	#ichangemymind harfi nexth #100kfollowers plaintiff heeellow worse #somethingiwanttodo #panchambhakts #todayisthatday
4	UNK	jokkking worse #directionerslove1dlittlethings umeskia mudak gibbens themu estwa #unmarketingwbr #amandaproblems
5	UNK	269.83 worse network.visit telvon #nsapickuplines folklorico bwahhah foreverot af1s jonzy
6	UNK	worse #goodfilm setn 64.39 #monstroussummer #bringbackkara compre #edweloveyou #littlebitofeverything grouching
7	UNK	#environmentalism reans glockenspiel zitao's remindme critico 6hb roxz worse rockness
8	UNK	#teamhungry legs #yourgirl nuccio opickakbar 05.31 soulplex 55-42 worse nanny
9	UNK	acific heytells nordys worse pinkaccessor ncc's curie unmaintained 300mm #girlsfavoriteline
10	UNK	tepokjidat worse christian-based generalizations tobiloba kemdrick jojj bilsborough papak #puffdaddy
11	UNK	shepherdstown e4s worse alexandros #teamlesbianfollowers #maldita 334.01 miggity favories obeyed
12	UNK	ttyb songinho kedinginan cravinnng #dadjoke milos worse 526 patoh gaving
13	UNK	tweetpeep aarh #horsemanship worse 2xthefun xiner #mgeitf #newsister amand sunner
14	UNK	us.okay bce tyshae aangel non-colombian worse hahasxd germanelf 10episodes #doublestuff
15	UNK	#neverheardofit shurr annida nfcc #howdotheydothat pregnanti resurrects worse pothetic hedin
16	UNK	chftch #greatresponse #mrshemsworth wimpers dossers worse yobad mahune #importantthingsinlife u-i
17	UNK	gsop adreas #phonesdead #beatsouthcarolina worse outsources 22nov gory #noworking molten
18	UNK	malley stalker-friendly #barbieandken worse bobbii kidlings superific fertig niann #mayniacsarereadyforturnaround
19	UNK	#cimsoundlive prder trytta nardo 70ft #happybirthdaymarkwebber worse siing accnt.will uyadlala
20	UNK	jackos worse 68.9 fan-video #xfactorwewannameetdistrict3 puedee hvl tujhy everybosy hahahahahhahahhaha
21	UNK	thickthighs mwanin grigo whodeme worse game-that's #brainbangmanila withljongsuk #mentionmycutestfollower 334.21
22	UNK	presumido #virginproblems worse hughs mikmik #sogladitsback #misshertons mrs.mac #desperateprobs #teamchoppz
23	UNK	381.45 inkas olea caaade 98.47 worse #prayforadele luciano's bathing-suit joellie
24	UNK	ishat worse #protests 4kicks gembrot #teamfinals duco heebie absurdum #gotthatwork
25	UNK	bittiesss powerwalking ahahahahahahhahahahahahahaha hannha #swavy #gleeksgotthebeat 20f riceman worse bbgz
26	UNK	husaini rednal yesssiii granday driend onaugust #anubis giselas worse christoganesha
27	UNK	2host papih 3006 moneyand 339.03 layuan #teamsmacked #dykeprobz worse mfuckin
28	UNK	maloloka worse sawbona non-holiday snakes #notso omaigat gibbi 7262 7and
29	UNK	domeee 2012-03- mubalik picrure #pusolang #opsec worse #15's #romey #toend
30	UNK	#tweetbackplease #madcraving worse #asianguyposes clearlyy mlounge bantu-bantu sike 55.22 #noturkey
31	UNK	#superblessed yaoi's rumpus worse #resolution twesvocalz darland geograohy ahing recasting
32	UNK	#pigalle sadiqabad kebajikan -8:30 worse peaceout charr hoodratish efss isela
33	UNK	viscoelastic 213.99 worse #size0 #euroclubsolohayuno #gbfiercefammembersearch #levis pauzz #bpo allowence
34	UNK	#69er roseary worse #globeascendmate #2peas besra usky thrr #alwaysme iwinbuttons
35	UNK	#tightlikeatiger #seahawknation #itsthehair worse #nosympathy #scenehair aerosols cerebellum mollis iban
36	UNK	#stupidvolleyball fritzel x149 worse #gratitude #5moremonths naappreciate #workoutbuds #ihavehomework #soshit
37	UNK	redeyes worse seye #twradiotour clappn #learnlife #couldhavebeenbad #completelyhappy machias fury's
38	UNK	worse #wadddupp #bringlittlemixtothephilippines #jordan11 dream.well answer.love referances kadona archy #ss5australia
39	UNK	#indonesiawantsbieberback #badmixture #bigtittyprobz #jasmineblog moeng veins.she alove guins worse ♡
40	UNK	worse pagamit #thefirstimeiheardnkotb cathhh #wfg ttru #overpack #divalove thxso 83.55
41	UNK	srimulat lahd worse datastream gumbet excretions koramangala dff 3rfat beminor
42	UNK	ecop #takethatsomewhereelse almightyyy 2areeb chubut-esquel #krumping #shoeaholics countrymall worse safie
43	UNK	poly-carbonate worse #delosroom fantazia #yellowbones #chichat fl.city unnatractive #sciamblogs xng
44	UNK	#chardawnyouremyhome hunt'n tv5xq #penguinproblems disguist playys #curlfriends worse pevita nanad
45	UNK	fan-fiction yu'v thivyy #classabouttowntour togethz #hustlin curvas 323.54 worse 280.36
46	UNK	uoc that.chill alreadyon amonly renovator jaakar 92liners worse 306.83 onevoice
47	UNK	363.98 #longdistancethings emt worse claron deeen #sweetestboyfriendever mehtap #realsports 89.3
48	UNK	christiii papers #starwars3d #factsaboutmybestfriend 178th captin worse #overlays #43rdboxofficeentertainmentawards larin
49	UNK	setil titrating ja'cory meanhaha worse neezy envuelto callis nakaka-good conglats
50	UNK	#bsas icompletely 379.96 worse gnex #makingithappen #kartini #nooneshere #keepsmebusy #tarotcards
51	UNK	#sadsadgirl enchillada bangeett #teamjackson speedpaint #reflectedinyou 32-65- worse daksh #morningstriptease
52	UNK	528i galaticos st00p worse #totallyhomo #montrealdirectioners #vevocertifiedformirrors #speedygonzales thorpe ligncy
53	UNK	tatays #forshame kuppeh n.irish kayka #dontdiss uub worse wehe #omgconf
54	UNK	#headinhands nayo worse gostoso possum's #igfood 3685 spidered #tiredmuch delliiohh
55	UNK	issaac self-analysis #happeningrightnow vandana segovia's omgitsant worse ookee bayside #argentinaneedbelivetour2012
56	UNK	bunnyman yesli worse balochs purddy unhooking heejunies jeejee janoskian #godlovestaylor
57	UNK	#bucketlistitem zacc klfa amazing.what bueeen #phantomofcrime #neworleanssaints worse ibrar #marriotthotel
58	UNK	worse kimidora upcuming labares raskal k's hoeness #ancestors hanggini #nicetits
59	UNK	#hn12 backbonee worse richard_otis masahista stille worldo mueren guyxd notupfordebate
60	UNK	knowlage 101.53 #whoresanonymous no-call worse dopesauce good-lookin piara xlepas #teamifollowback
61	UNK	lynches worse #princess leppards marmara youdone tfhmeeni iclick 4x08 #worthless
62	UNK	kundra #uma worse gartner 3-23- #loveyouhoes mentalities purrty #massocial #ineedmybestfriend
63	UNK	19.39 ennodu gasssin worse fringenuity breukelen #asossale amputs mwuhahah #raresighting
64	UNK	adussa #andmean inonesia interest it.be #beyondhungry fwiz #tvnight worse houuurs
65	UNK	under-construction kaytie chapiz worse linzz #softbasket ϑi #phresh #gettingbackintoit #howthoughtful
66	UNK	powernap sayiiin 243.89 #someonetextme #shouldbeproud #youdothat sowweey #sgaweek2012 worse loveyouniall
67	UNK	batsmans cime xone himyou #youknowyoureablink182fanwhen thisng hannn worse 44k #winterisback
68	UNK	#fyall worse bellamy guppies 08156825385 vidya_julianty #dontfront 231.93 alhamdulilai #ourtradition
69	UNK	#starawardsxlr8 so-far word.thank dalmatian #bestinalongtime dahlinnn worse mirtha #hurtmyfeelings acceptional
70	UNK	scaries bleibt #lnd de_suspected pinja worse #shark tunnin 240.91 b.nill
71	UNK	#designing christianas pooorty #pulluptoyourbumper dmx understatment worse #tweetalikeagirl #kens5news nutuella
72	UNK	mpanuod worse sumore #mauismug musak #banteroussunday bicester hue ughi'm templeogue
73	UNK	hmwrks #ituauckland ainun alexandrite yolculuklar worse eggziting 1darmyy luxcom consumer
74	UNK	284.94 accu descrption worse #everydaysaschoolday stevyn osio monstars end-game maturan
75	UNK	doguie #sorrytohearthat #ontoysrevil benjaminalves janabo worse seriousssly wisconson zeus's steelix
76	UNK	#bigpetpeeve #wanted fuminnn goncha fcw worse #sadweekend #1dkopbooksigning pennyhill #comatemalaysia
77	UNK	ldkfj 3sexy worse temperary #cantwaittilltonight tbun uromastyx #pogdogs teksystems boise
78	UNK	#tweetyourfavoritecereal zo2 #believeauditions #crazybiotch ohmgod uztazah mineworkers hasnor worse #icantwaitanylonger
79	UNK	xiuris citlali bugeye #shamrockshakes #wantedtogosobad worse #youmakemeangry ms.montes bersanding tynese
80	UNK	pa-palo worse polsri #justeatit #goldawards rutina recentley fdsg #freeaaron frico
81	UNK	#realtweets todong worse hrtbrk daitra _girl #that'safirst #myfears #askariana demarc
82	UNK	sooort 06-30- 2486228696 frappaccino #hottestmixdjoftheyear haseman worse distressingly #28ccp #dodreamscometrue
83	UNK	heema 107,000 #addictprobz mmkay tredale #neogaf worse #meerp #publication hihihoho
84	UNK	#misswideawake worse bayha cr.gamekyulogy twitter.rt fissshhh jecel wenkt #stfu #congratsfor5million
85	UNK	freir deech journall medunsa worse #tryingtofixit #musicandme shftkm #totty bfday
86	UNK	liamust jawann nazima okeke #socloseyetsofaraway worse imoan #ineedtodosomething nebbou #jrhssweets
87	UNK	little_yunnie livesound exerpt lydiaa worse bottom-up #alwaysoverthinking #chlamydia whhhooollleee #falconscheer
88	UNK	#summerneedstohurry #aspireandcreate melato #thuggedout ch22 yesssz hamni worse sejukk fawzy
89	UNK	promesa 172 #robfacts #wasteofgas 102.51 worse spin.ph kasche helllyes dduane
90	UNK	wys worse techniquely wheeeler snapeee kaasar smelllyyy bakar-bakar #leetspeak imami
91	UNK	ahhahahahahha omgossshh #thankstennis dougiee #i'madumbass naka-drugs 5042409781 worse #slsouth #cablecar
92	UNK	havvveee conclussion worse #productivemorning berpeluh #mysummer thonburi kalana yirang xd735
93	UNK	zett wewere crossin matrix's #betterthingsahead worse rodjendan 4000-5000 arrocha #spainandbelgiumwantmcflytocomeback
94	UNK	pakyu douby letyou reinvigorating wedging liviu worse prowlers #openseason kissups
95	UNK	oirt kingstonn worse #jalanraya bajantube #idealprotein lisa__sk coragem 26hb harre
96	UNK	bestfriend'ss worse -716-0 aberdeens informd ataal #austincares #tfkturnaround iritate #torrid
97	UNK	bellotti kerenah ngontrak healingc liel kembarnya worse #happybirthdayliz cudis #rumine
98	UNK	beelo worse dyiiinnggg embarace kasiaann tersenyum wordpad #twitterlesskrista nrizkyfaidzan #aamir
99	UNK	01-12- #loveintheair airbase what'up worse #brookgang mindmapping #pantsoffdanceoff #cameltoe turket
100	UNK	lovelyss child-birth sparda 277.59 tabels #youmeanddupree #loudcloud worse eaassyyy yosushi
101	UNK	rós jisd tannehill's #mcflybaby worse #beyond tadao sama.sama #umclead #atanyhighschoolnearyouwithsomecandy
102	UNK	worse relity #luckyyou #twiceaweek kecyk missg painfully mahta mokenstef zullys
103	UNK	benis #18millionswifties #failface mysto natuklasan worse guessnot porbly mayo stroopwaffels
104	UNK	budj #thick worse #atchambers #radha swwets prayogo followinbg #lagging 1009,4
105	UNK	7bb #timewasters xylo karlitaa baite 204.43 #wannahearthemostannoyingsoundintheworld worse ften #zeman
106	UNK	#thecult inggi ikangaa 3rivers worse ñas elationship #wonders #badluckday #woopss
107	UNK	getttn worse harrell's grumpus #yawelcome beykent putto uswnt #untz tweetiando
108	UNK	beautyshop #virginsunite worse keralan #yesimfive #heartsfordemi goodnihht trippn #superdrymorgan #angelicvoice
109	UNK	worse canesha 12oz aqad truuuee rossians pda-ing pullups #teamsvu waklu
110	UNK	#honthelads wpke ritt #fuckclowns yahhhsss #sozboys worse #kep #fuckohio masreyeen
111	UNK	#thankyourx931 pwweeese #packagedeal worse laurinaitis 74.69 #foreverbaekyeol alandis 340.42 #ineedtomoveon
112	UNK	cracko candicate mendota's worse vangeli in-appropriate woollies #whothehellcares #tcainfo #loveandhiphop
113	UNK	yoritomo humberview worse areopostal ayaah yeahhb fri-sun cruisen myboys #hrdlognet
114	UNK	count'n rational maish #singingit coveritlive ourhyuk worse illya #goingbig christmassy
115	UNK	milosz frith worse #henderson cinnastacks bootha ncaas globewest sheriffs vasline
116	UNK	yinda babooon cleon werkout 355.80 #getcrazy worse #toya 307.88 mhaad
117	UNK	de_dust worse zyk domey #toogoodforus informant pouds #georgiagirl mcbr #imwerid
118	UNK	#huntingimprov upanishads speachless enita sofia worse inay's canim lemont #bigboo
119	UNK	worse #6thmonthwithnuest merik totatly brdak castlepalooza wfn 2000years jenn's #lmfs
120	UNK	hamster much.well foshizzle uskay #toocrunk worse 0.52 ava.what #eastcoastbias umich
121	UNK	2st_am #garymckinnon #prettychill kkelly worse hahahawell sell'em #cherweareexcitedforiwish smpc #firefighting
122	UNK	pendants datshit tweepos cadi's muggie worse traing toldja soundset cuntbag
123	UNK	lifafas 397.69 #fuckingtruth skylite moeshas #rachetass worse 329.26 singapour #gameinsig
124	UNK	vphs #ecuador strongo worse grapejuice buddiez stunningg #bcwinechat jonia #dfat
125	UNK	lw7dy promet worse #iklan #shitambersays jovetic #sexylist2013 s601 #killingmeinside #laxmitereanganki
126	UNK	#helpmommakent #shittaylorswiftdoes #tnawrestling tunaikan bonez worse jackax bazerk lambay prcp
127	UNK	#westvirginiabound worse feluda burrowers 6147909 device #sorrybed 88010 tahsin viver
128	UNK	#cised #teamsavannah thefrozen worse qualcosa feijoada greting #momshouse conci savoy's
129	UNK	shefield #entomology koala's oogaly course.we dadbear #awesomeauthor worse bubbahs wrightliter
130	UNK	2funny worse #fot #retiredathlete #missedyou clened rawalpindi wh0s ellerman #riperic
131	UNK	aatha plumed #tominglasgow rahmi hakman worse #garethbale #smurfworld chaala whittler
132	UNK	trooo worse aviyona loversss #happybdaykai #letyouoff gandaa stanc #solaris 341.94
133	UNK	worse #sinceeverbodylyin sunday-tuesday #bettingfamily grosbeak ∠ ascaris gilliland #cantsay castige
134	UNK	esteems 2floors kupkakes leftover-reheated worse hoooeeesss #bestmixever curry's #qualityfood #frikikikiki
135	UNK	#stopdarkskinnedniggas2013 #breakeverychain altomonte feed's ruhaida worse invalidation gamestop's #getouttamyhead #thaladiwali
136	UNK	yswoun #peterpiperpizza #1dbestfriendever worse kazmierczak miminnya stripperish shuffuling legarrette wiredos
137	UNK	lmmfdo non-geeky #proudtobesmashblast rafwel #partyatmyplace footballclub mindand dag worse #moonlanding
138	UNK	#hgintwjls videoweed pumpkinsss initialy hahahahahahahahahahahahahahahahahahahahahahahahahahahahahahahahahahahahahaha worse boxies bham xoxoxoxoxooxoxoxooxooxo unlucky.during
139	UNK	jabrae lilray #asteroid worse pisstivity supey breakdance #mcflywedding ayama hige
140	UNK	jedwife compran sdv yawwp plentitude wasshupp #lancerfootball worse tweeterrrs chanakya's
141	UNK	#sayhellotoshahid #slaughterhouse worse acene numana #dx trrruueee #codeinecups cashcity #brownnose
142	UNK	hoosework yujun #lovebeinganaunt gaaawgeous avatar'a shablis scabior #nobait worse 201.18
143	UNK	sisscors #goodwoodfestivalofspeed #mtf #mryoung worse progetto teuing #nomorebrown #missingmyhubby ayook
144	UNK	communties saltalamacchia's melhorou worse a-w-k-w-a-r-d #coulduseahug jamoe jesu rurus tebudiga
145	UNK	ratchetology glamerotica #exostarschoolconcert #suckssometimes worse raffas dayjia grandmass deputy #keepcalmandplayloudertour
146	UNK	7night 30yards signout flow's 9077 worse patxi #doublefigures #shegotherown tiamat
147	UNK	eleejah worse #switchinitup rafar great.im paintings that.is.awesome peez cute.but tamam
148	UNK	yaar watchaaa sajojo ﾐ no-end 53k worse r18000 velocity courthouse
149	UNK	go-between l-l-love 2533 voctoria mcz worse #youallcare bedtim 3rtfavback edos
150	UNK	#cmu m.city ouhhh u-s-h-e-r #hardtoplease wkwkwkwkrt #teamwaka worse pinon heartdoor
151	UNK	81818 #directionerslovekatyperry soundspace _some #magov worse ballerrr itu #shitlindsaysays colourin
152	UNK	#youneedahug worse vimala m8z #makeamove 41,400 numberrrs makakapag-review practicising #gday2012
153	UNK	#virtually sm3taha galvanized errett's match's worse #iwakamiyasumi hassim always.xoxo indonesis
154	UNK	p___y raposa #conventgirlsbelike stwop made.my.night ondel-ondel lethea gentlefish worse #bdpart2
155	UNK	worse 16ish sistersss #directionersarewithabby makapuli mayshow bestfriendddss #walmartelves #sone premah
156	UNK	a'myah x864 mafey amirazulkiflii 503d #bestsummerjob worse #neworleans letin #idid
157	UNK	worse badb euceu kakadu platapuss pasam #castle30days #twfact neeeks #soulfulsundays
158	UNK	twittion hand-pump thnksyou #loi19 ecdc demonbruen worse saturdayonline fhis #onlyinssi
159	UNK	14323 #earring #3rdrow ibahin #meet1dwithroz khash macb worse #way2gone canggih
160	UNK	dalee elriyadh umairah #sleepout increment worse entreps paents errie 3155
161	UNK	postmark #sitthatassdown jieha #awesomestuff #meteo worse azontoing #voteforpayton -2.25 0.72
162	UNK	broskieee yuka-san #coulddie paquiao's leonis #tooamazing hill stebekah worse #iwouldntknow
163	UNK	#galaunite worse kalesas mstans #imaslateraddictbecause hunhun #lifeofabum #notsurprising hunnnid long-form
164	UNK	#shamethat #godilovethem atliens slann worse walk-in-wardrobe #stillnotenough #sept6 compairing suttles
165	UNK	worse 4½ chiwuawa #imsorrygod basemen #picyou groening #andrearussettnewvideo foey bevved
166	UNK	twitthor #happybirthdaymattdallas worse guetta's moviw #isthislovecountdown #iwillneverlearn 10-01 neck-up #hitaniggaup
167	UNK	#wipemedown 329.78 worse attiude theeffincoldest gboy course's yat's 4,0 managable
168	UNK	wheeuuu bitch_im_shenny #saveanubis queefer vaquel avellana serrato thold worse kissiesss
169	UNK	aruvi #followanyday boyk beben-eleben aonuma worse frward #cricketgame fdet'ha thafuck
170	UNK	#bilboards2012 thungs #slipstream worse magskip mayynnn damnyou huie #bestconcert mmhhhmmm
171	UNK	worse couchpotato #shamee #imaketherules shawnyyy mizhani fixture #solarisinternational scurryy hailstone
172	UNK	115.44 yurslf #thankyamuch parisa dahhling worse sabbe jjwatt #emblemslovedrew nehnehpok
173	UNK	#haveaheart worse sursies #0812 eurvision jholiday twets curcio #kidzoba #sametweet
174	UNK	worse 1,076 naogopa shuckx 369.17 s.wales wishyouallthe smidgeon surgaaa bersukan
175	UNK	#reasonswhyilovebasketball worse #kaka interfear outhouses 2jam 4max waitsi #peachmelba kuona
176	UNK	worse #wheelchairfencing #wehatechicser lengs thargrov siko gc2 140mph chico_ehhh worshyp
177	UNK	#flatbutt nuddle #reasonstocry vernetta #iddiewithoutyou loveeeddd tabernacles worse a9lan #imreadytho
178	UNK	own.thanks ineedaa woohp worse #cryfreedom samirah jaquzzi #georgebeautifullife formality #clubsho
179	UNK	vva tezel 7ader #straightlikethat scarborough #fabs #bringitbaby rba worse ggv
180	UNK	writea foodstall #illgetit worse 207.81 206.37 108-109 #noonebelievesme woolleys radiops
181	UNK	socmedia construct ginnypig frooties atomiser twitivity guurrrlll worse e-yo #stopme
182	UNK	#yarmouth #mrwilliams joad 20documents #birthdaywin #babybackribs tummy's worse #mscrm kmbar
183	UNK	ilmunya rosses worse #sickkids bannermen drama-rama #lurveit le'veon #2yearsoftwfanmily 1808
184	UNK	#philipshrtalks worse rtrd ubetoo iloveitt 411th #capepic top-down #gushy #favoritepart
185	UNK	seharian #portcity #notsopretty fionnee #purok7 #copycater worse runna jbynoe comnt
186	UNK	#grindseason #fatgirlprob worse mylitta glyns siigghh ayukkss alletab #qldvotes dadamayan
187	UNK	dhing vagfax #choiceawards lanrexpoze cdont #thismakesmesad waere worse composted asenjo
188	UNK	kahot tersebar #goodthingscomeinsmallpackages worse 040913 #faultinourstars sterls #beyhydrated buyinnn suegrita
189	UNK	gittin eurocope pilsberry schlonggg apie #scottishproblems #truetributes worse #cascade #paws
190	UNK	conjubracelet worse initialled narro dooonnnggg 240p #lucetmonday #doyathing annahi amaazzinngg
191	UNK	lml thoongu #upgrading #buddyfruitsb2s #justbringit bacation fabx sugar-pie worse 2shared
192	UNK	worse #teamtindall phonebook #riderpride mr.pattinson scrapped #imsofuckingstupid john #teamgaydy ahsani
193	UNK	#gokathniel #lashtastic sibeal #donjuan levantate alundra #wutheringnights bhavan worse #levitate
194	UNK	#hooraj brookelynne drunk.with ashirah 97kon birdiess caymon worse extreamly #gotherback
195	UNK	#swalloween #sjfordiva colorshow 315.82 gutho 263.90 worse maciel #bestbeer empress_mari
196	UNK	chapther worse #playingthefield globally-distributed horribal togetheeerr that.sounds oewww thojt ahem
197	UNK	#jewishgirlproblems nightx #mylameass worse 342.05 dijo #feelugly #okeydokey aleksandr abandoned
198	UNK	#teamanti torang belters tweep #mustrt shortline d-jay worse sepiii guady
199	UNK	#ireland2012 #6tagram ampness worse #diagnosismurder class uploades #operationpaypaygreyson hedonist onyae
200	UNK	fizzed stacyfrancis #usonly 18thspell #gounli worse #slipperywhenwet offers lutter #wishyoucouldfollowme
201	UNK	indays okokays #skins mbuh worse easymoneysniper's mcpherson's toreador josian 500600
202	UNK	#badbitchalert #iamachristian #though worse doublt chill'chill shrugss kooop #tribolympicsseason2 #ohyesplease
203	UNK	cypus #diz d-damn #drake's worse gjertsen haef piquing ucie 245ish
204	UNK	haatee didlm perspn #pantsoff #fillet worse bahon friendships nakapambahay #itsmyfave
205	UNK	hutcher 7994 pants-free beddyy traffrd tamanna worse dearbhaile beerthday mitop
206	UNK	2many morandi 228x #wherewegoin sowiii pexy worse kajap abductors streetsville
207	UNK	curcio #randyorton greenstar #amazingstoreday2 cattleya niggaaa espeicially #jilted worse #laughlin
208	UNK	anong #lakerstipoff hc 119.90 mycology aftershocks worse 63.82 #justmemories alrity
209	UNK	sexierr worse #thanksmanagement mettin adik-adik #toomexican santen 20metres shott pabati
210	UNK	quirina worse cats-videos umaamin afryca ultaahh #michaelmonth #densi2012 #mycover neeem
211	UNK	digembok invent worse screamathon #trickortreatyoself #fakehairdontcare rothstein viente fantastic.you crrraaazzyyy
212	UNK	rtttrt r25 #ruinedmywholeday bremi styly #catherine to-fucking-day #weather worse delatte
213	UNK	#tamaaa fmml worse yyiiee x524 wingettes #happyfridays ckwitmeyouknowigotit creamed 100.63
214	UNK	sweeat judayy worse #bodymassage bungal cvsa #bringsexyback kitee qats #telleverybodyandtheymomma
215	UNK	dolls jhaaa worse thankth dandino ahaahaaa setonian blindfire 80wh #damoneroberts
216	UNK	yeheess #lifenightclub #stopteasingme j-e-s-s-i-c-a worse elyhal 10.70 qtpy sowoneul prinkleton
217	UNK	bishes worse #ellacruzfeverthissunday foulke #317 ladyspikers ayinde kollohom wided thankqiu
218	UNK	judges's side.it #tweetyourwaecresult treefest #ohyeaihadone worse blicka mahalata 236.66 #feelingsarehurt
219	UNK	#craftyjewels grrlll worse yulseo txg sea-life imobb latersz #digi1d konans
220	UNK	puhleeeaase worse clint's jecpoina shnell chrisopher yabni cyyn geniaal eling
221	UNK	worse notetaking señior harlendale bothhh #imsocold noproblemm fuckuh destroyers usaine
222	UNK	silkair weird worse kloses ranken foodles laitly blooobirds thanxxs otato
223	UNK	#oichemaith worse #1dvma sowway courseware petroniverse jamels #itjusthappened 5993 #blastinaglass
224	UNK	puppyless krrt worse pollak 2half wildside 275.96 hocking #mademywholeweek makakapag-aral
225	UNK	carsonn #pleasedontleave levell worse #lookshorrible #mahela annyonee darjeeling #notwavy walkingwalking
226	UNK	#perfectpicture iloveyoujustindrewbieber 372.98 #flsen ridding rahtard #happydays lol-ing worse rimouski
227	UNK	bercero worse sorryr istima hanbyul buttraped #kinikiligakokapag #gymdiaries cosigned bette
228	UNK	uupp #workmode laf 100.7 #hopelessromantics all #scenekid worse diggory's 3.when
229	UNK	donats evero #32kvicegandalovers worse 305.19 apps kidsis #card #wouldbegreatlyappreciated acklen
230	UNK	worse respectfull #theredcupnation #iwannabe18 hopeufully votao hafidz #thankyoumissaforcomingturkey metamorphoses lol-ed
231	UNK	droite dooodooo jooti worse 2,267 aizaz #birthdayshenanigans sg-sones waannn wokaaay
232	UNK	#winningseason mayonessa chapesses #noticeherjustin roddo pitsea #cited worse x136 swim.if
233	UNK	worse sigurdarson #yourlose imhungry chaunceys #namisskoto #shedoesnthaveatwitter i'ms insude 2.decent
234	UNK	altera worse #stmt #jesusbaby #illneverforgetit nooote kirkire #witchesofeastend super-happy #messengers
235	UNK	#summershit x2322 worse #teamwaitrose 01d #damcity paddon oddee 300/1 l-t
236	UNK	becsuse worse #happybirthdayjkyle #ooopppss #isupportmiley luchi gandaria masuku effed #eastseabirthdayvideo
237	UNK	andieee #trentu microorganism worse talion 2jr mmpu #missyoucutie #nsvotes haarrrddd
238	UNK	confusinq #nomorewalking satoo zinasia boythunder home-page booyaka yestuday worse joanaa
239	UNK	nakakabaog lattteee worse #dreamgig disagee haha.if frigde wonser bbasketball swuad
240	UNK	herwin sahlen's atd everydy worse rogeeer 321.30 #greatsuccess #easymath eirinne
241	UNK	pesbuker amzinggg congrasts #firsthalloween nichiren blisko trmasuk worse kejaun mowbray
242	UNK	swankylay wingle sahre dream-job 102zzz worse pre-pared exoindofacts #apps #biggame
243	UNK	p-dog bumss #kimjunsukma emekas 356.68 #wefest2013 worse #gamesofthrones shirt-dress #twisttuesday
244	UNK	mailmen worse baum #banta summarising 12,000+ nomashopping brinqinq 酒酒 #godissogreat
245	UNK	asuus worse haci #sharkweekafterdark carfeul sa'min rencana blanche breithl beecckyu
246	UNK	ringo #2muchminecraftwhen worse #sarabnewep #yourseiyuu maffei tshr c'm khelte taaruf
247	UNK	cristene ex-intern worse wippenberg arreona sneezesyu righnow filmxd hihiihihih #deepheat
248	UNK	sedng worse muajajajaja embaras 7elk ms.barbie wa3ya gofor bitsss ayaklarim
249	UNK	qu'ran uuuhhhgg masista awkawkawk #buckshour #beforehecheats #marksanchez worse #dalvsnyg #wdylt
