0	UNK	not very sad dud's ckuzzo 244.21 travesuras 20.1 #stupidphone langages
1	UNK	not very sad #kryan mafnartr summer-ready rargh pakes #imset juji
2	UNK	#ogrencidedigin tgether #paranoidaf jayne's norwegian not very sad #november26 #hatethisfeeling
3	UNK	#playingwithmyemotions quiesha 356.74 65inch dalles thankyoui not very sad riry
4	UNK	#camonight uncrustables lenola me-fuck windijazzy bempah not very sad toweling
5	UNK	#asses not very sad #yawwn #tiisganda #stillstupid artess yvesonkahitpusoymasugatan y5
6	UNK	not very sad #sims boseeen #benedictcollege pandin eply #thethingskidssay #peopleilookupto
7	UNK	re-purchase sleeptigh duch gerbong not very sad flakaa pubess brenbaby
8	UNK	#thedells eeeht monchele's #r5cometorussia not very sad #anotherhardfall #sidikeduardfollback 95x
9	UNK	#soultape #awoah gcu #englandwomen bohannon's not very sad goo.gl casitaaa
10	UNK	#classtits #wewantk2kinfrance 104a not very sad 3baa carsten nardiello #smhh
11	UNK	basoom friends.good #seriouslystop not very sad adrable #siophie #tswiftflow 249.50
12	UNK	3612 jeramiah 6ab3an not very sad #aseem crizy #yolodoe #ozilisagunner
13	UNK	had.how not very sad #thankyouuniverse bwatt #babyadele rdcushing hermeneutics 24-4-
14	UNK	ibirapuera #tomorrowcomesooner edzel not very sad #tomylastretweet 2underscores hokes twentyforseven
15	UNK	milbourne #pease „Äî players placido intemperance not very sad #liveandstillunfinished
16	UNK	e-cookbook narcissistic #preventsuicide kenapakah rollng hayeegy not very sad #modernfam
17	UNK	#lcpa slatkin not very sad duct 1737 #kellyrowland countrycide #fyewaterloo
18	UNK	jervin not very sad croften peetas #lootrights #kuiswenda didietmaulana #ladyinthestreets
19	UNK	muncher #groupshot cooperman #clapsforyou not very sad #damnfine exicte karlon
20	UNK	not very sad ashiet #tristen oyaji #buckethats #mistletoealbum megy kasumi
21	UNK	#directionerproblem elizebeth not very sad #norwaywants1dback #reasonstolovemalhar #getwellsoonhyukjae ohemge rivermen
22	UNK	#lottomax #vanswag riga #enticingmyrtleontodamax o.how #ihateworking not very sad 393.54
23	UNK	meeereee #banthis #ironman703 apppointment 3endena not very sad bourgeoisie mastershowman
24	UNK	bottlejob hemberger lemmeee not very sad trava re-tween #emmyworthy ottogi
25	UNK	neverstoptrying diskey werelike not very sad 530th 1/1 amit-amit 261.96
26	UNK	bangu labelle's not very sad 14600 coughing lencun #teamsolid omera
27	UNK	x1242 #wellgutted not very sad cheezo ringnote oonga bngga missyoumuch
28	UNK	not very sad space ayyyeert #goodluckcolinmorgan drapsed #gbl abair 109.23
29	UNK	261.04 #top10thingsilove civic ailsas not very sad #loveallaround tshomam 7182
30	UNK	#nevergrowold wardbrobe aboouttt tuivasa not very sad masklophobia t7eb kiteee
31	UNK	entrenched not very sad flukey backslid actualmente tomala 4kmyrtleholics01 #bestexcuseever
32	UNK	not very sad chimis #winghugs #ohbother purrfectt #kzers tiki-taka acher
33	UNK	cwoo jeanerette not very sad hottubs emotionz dirtford 289.33 enamels
34	UNK	not very sad cbut kolomee listener channae 1hour30mins #forevercool #1xtrashouldfollowmebecause
35	UNK	chinise #blplatinum #mulberry #whenssummer not very sad jawnies caffeine's bottke
36	UNK	not very sad northland's #musicmajor #faircontractnow goodmorninn jetsetter's 2seconds acttin
37	UNK	not very sad #happybirthdaymuamba maxxa #happybdaynickjfromcroatia snugglie #teamunited baaaybeh moneycan't
38	UNK	doodlers 2olek not very sad ms.becker #kayaking kittykit videostars invidulators
39	UNK	docky cirebon not very sad #jaquaehits5000 #everywhere #happymelly #1prettyricafrvr k310
40	UNK	dorkin #haventstoppedlaughing 7.34 veeery gaeilge not very sad #happy1yearand4monthsytc clean-looking
41	UNK	jeki comprou poolparty #erincox 04/20 #callmeoliviasomerlyn not very sad ciertoo
42	UNK	#flagnation not very sad #beenknewit agelko desoler bbis hermila wwjbd
43	UNK	fokusss shontelle kungkung not very sad #twitteraccount #ithoughtwrong #iloveyousmart le'anne
44	UNK	16928655 no'one prittt not very sad rotis 046r inwhite mksdna
45	UNK	meriana modfather pratima not very sad normandie guapo crhistina #witnessmyrevival
46	UNK	not very sad neglection plnned #waytooloud wormhead blushng #theflood chaithu
47	UNK	faffs hyper-realistic outdrinking run-flat mekaniko sooososo not very sad okeydeh
48	UNK	lixa tendencias ent.also amanar not very sad #kcuchapel greenhitz 102.29
49	UNK	grayson #twitterlesscj co-com decription #discodiva not very sad #failboat #happybirthdaydomroque
50	UNK	uncorked #factorfaked not very sad becuease pussyhead laayy it.thanks #hyperness
51	UNK	bananas heeriye #onedirectionencocacolafm pow fan-art not very sad dannyy_tj headboy
52	UNK	8055 #dickeatin serums rainng 7asib swrious not very sad #letshavelesbiansexdemi
53	UNK	dumpest #dtb #pinkent kpoptown not very sad smew krida it.fear
54	UNK	lngkap #naturalbeauty brokerage damour not very sad dockey pissingme danique
55	UNK	#clevercat #cantbewithoutyou #loveyooouu snuggery bville #1dontodayshowfollowparty not very sad #mentionyourcutestfollower
56	UNK	delwa #depressionhurts niqqitee not very sad binder's gif's #sleepyeyes nakakasilaw
57	UNK	eegee not very sad hiley #bebeskids slushpuppy sop timg cronenburg
58	UNK	beaker's volly tell'n karimi elegate not very sad lemonad yeaayyy
59	UNK	not very sad trueno #mizzoufootball unirider mikuru yikkkes #deviantart margao
60	UNK	fangirlvip qubec nexty necib #oweyou tuende not very sad 242.82
61	UNK	not very sad #ipaded devision baconnn fadeela sowalef brillinat caput
62	UNK	3719 book.thank nakakahyper #crankygirl pokepokepoke sekutu not very sad 8917
63	UNK	vicerylle #youasshole #worldlovestokiohotel toita not very sad #maura tamaraa playingg
64	UNK	overworld's not very sad grcs hungwyyy b.follow #goodcop darwich siiigh
65	UNK	#dost chik-fil-a's spacex's not very sad #onlyfourmoredays allyi squidhead off-hand
66	UNK	waitres mallusk uglisha pancacks not very sad #twitterlessdustin sharidyn #practicing
67	UNK	antay-antay not very sad miooo #waytolive genny lipsense whik #weareateam
68	UNK	wheelersburg raffan 2,555 #feelthepump #makobiscribe not very sad importat yayyayayyy
69	UNK	not very sad #sars #alecstars makinsie #votetwsong thoas storiesss pw9130
70	UNK	3aweda #lareid articulo rompope not very sad #20thingsaboutme thnxu ranias
71	UNK	elle_malo awhiee #happybestfriendday ambik not very sad #happydayz eeerybody #imissrunning
72	UNK	oemgeee laita not very sad #avenged voeckler #footballjunkie dejara khaal
73	UNK	asheni kolaci not very sad prolog before-and-after hoba afterschooldaze belofied
74	UNK	trough gingerfuck #rebuildonedirection not very sad peaseee lezah luchadora westerfield
75	UNK	fw'cha #spreadit welli'm doeees not very sad #firstmistake #wahoo warband
76	UNK	not very sad maccabee razored gynecologists #baseballhouse poising workaway #womensfootball
77	UNK	#glenpower 16awg not very sad #fuckallofyou doja #0103 couldn'y mpjh
78	UNK	#markmabasaforwildcardxfmark carpet dogue #disneybaby herst not very sad yent piss
79	UNK	x2182 not very sad #goosecreekhoes #baddest #countdownhasbegun sachay sapang dnas
80	UNK	duuur ms.happee peer-pressure maboyhyun #watertown thinketh not very sad deadspace
81	UNK	yummmehh janiuay kayam phaink mibee not very sad paased kralj
82	UNK	57s monolids #poorashley #canweshare not very sad jetliners #galawangchicser coookingg
83	UNK	neptunia asssiikkk weddle not very sad sujuholiic cub's thatttss #11thyovieandnuno
84	UNK	distu jenkintown nozzle #sarahgalbumlaunch not very sad mokuks dolma 50c
85	UNK	#overplayed gorgio #forzamilan xcrazyplanetrp not very sad #ihadsomuchfun lynx smitha
86	UNK	aryy not very sad cafferty sewin #dontmatch #throwbacksaturday classicstyle #imissmybabyboy
87	UNK	not very sad 18pcs punthan definitive #savingup sasabi aldairs #asaphipnfresh
88	UNK	not very sad liog lunching 6015 outbursts likhey #pointlessshift #30milliombritneyarmy
89	UNK	ramo not very sad wopper #beaching parikiaki barkus #weekndflow laguhing
90	UNK	p'bee #irishhiphop 25-6 not very sad ghaut outsiders cclyrics seeems
91	UNK	#allyougottadoisask h26 #benifits #barkworld not very sad thrillionaire #lovehalloweenmovies #gangtok
92	UNK	diaby fban whataver #momosview #groovymums belg not very sad #notgoingtoendwell
93	UNK	beasssttt not very sad mactown 49.000 #758 chido geuk phams
94	UNK	#businessbunker annes #wyatt meat's not very sad 303.47 anti-prom bienvenue
95	UNK	alann saddens bigaaail #excitedtoo not very sad papdi #flteach werth
96	UNK	not very sad tapout n0ticed #doilookthatold lggs cassanos blabbity vite
97	UNK	not very sad #wreckou universe.one much.sorry texter's goday #wantingwhatyoucanthave d-korea
98	UNK	not very sad #lolololl #fridayclub garrrn 2627 #nessa #donteversay #asknat
99	UNK	beong nag-game mandag #florenceisagoddess dajion #october31 not very sad partaayyy
100	UNK	#mommyporn #nisemuanormal juin ruffos not very sad jeses #weloveusauli 119.20
101	UNK	not very sad blackbushe 3aj2a 269.77 doces 91.95 aultz #greatwhitebuffalo
102	UNK	bananart not very sad sexybutt #tugtuesday sevaiiyan autoroute #armchairsupporter nnnice
103	UNK	262i not very sad moreland's #juvelazio tiptip #phenom irkinggg parungao
104	UNK	8shots not very sad daaam yeyen directioners.help mckena #trackthoughts #louise
105	UNK	deshante #hamesha brownlie #roknation share-comment not very sad #gunner101 nately
106	UNK	6raa nicoley not very sad mr_jinadu marylin yaqin babymomz guhhs
107	UNK	pixelpipe not very sad veggienarry #forceoverdistance #rtmindler dorming surea cleanclean
108	UNK	b'date andhirawidya not very sad canoas fondren minessage oio #happybirthdayniallfromspanishdirectioners
109	UNK	ancha #besttimes 02200320042 not very sad regretin #jollies #ddj orangejello
110	UNK	not very sad idontpaytaxes #imdrowning reims umost fuur averagely balai
111	UNK	#biggestbaby #proudkrisbian not very sad revolutionnn #basshunter #purposedrivenlife ghanafuo #helpmelissa
112	UNK	ximen not very sad usingg 08121234319 bimbles lilith's #twitadanamix pnay
113	UNK	not very sad snacc 26e71558 revining boyte tsys #ppl ultrazone
114	UNK	whippo e90 k-hits lmfao.you mislf not very sad bibliarch qats
115	UNK	not very sad carfellas baize #ballbuster wans integris 104.26 #pitpleeds
116	UNK	reaaaly keennan strainin #yorkdukes not very sad h10 senile solod
117	UNK	not very sad hpme nerfgun ajeossi songbird's addendum #aliebers apcians
118	UNK	urara not very sad thison #sections 20tg masuta and.stay renang
119	UNK	abdin not very sad characterized goned squatter _thealternative #cream21 comy
120	UNK	finaling sheli rennae suckishly #cosytoes adivinen not very sad #cupachabra
121	UNK	daezja niamani chyannes jocatins hooey yeahran not very sad stupiod
122	UNK	54353 its.never lek_bani not very sad sneazed sheraan somelike mucah
123	UNK	not very sad #hugahater animada #philippians4 x884 zstudio life.what dhanbad
124	UNK	v1d 52.85 not very sad #hotgirlproblems #hb #sbss12 magshout operationally
125	UNK	spalshed kumn buckyyy not very sad xanny #oneloveforjuliaandenrique hejsan t'rarse
126	UNK	scorched budiman wh4t #onebandonesound spotnya #afcmembersday not very sad #tarzan
127	UNK	camlia #megafuckme installeren winkel #toddandthebookofpureevil not very sad lylals relpyed
128	UNK	#aq not very sad #45678 #stokecityfc margaritaa bi4 oyed #finalweek
129	UNK	#gulliblemuch octogan berline moulana not very sad okhay #owyy pikeys
130	UNK	not very sad #getmarktommoto2000 heybaby #liberoprobs guttted turkishdirectionerslovealldirectioners #ds9 #speakingfromexperience
131	UNK	murrin #zia not very sad #specta haruuss didadaku floatin ibeere
132	UNK	#cheerleadersagainstbullying manju's not very sad brodee askm keylon hallowasted withlove_exo
133	UNK	drjaceface wchodzi #toocompetitive pasama moonmen not very sad responbility #thankyouteachers
134	UNK	#thefamilychat mightys nurlidaa adrenocorticotropic #sweetpotatoes not very sad eversley 294.70
135	UNK	thrivebiz #lezlove not very sad puppehs #qoola directline busca equalists
136	UNK	ludwigger geunmin chayok not very sad buuudddy junco 348.09 #folsomprisonblues
137	UNK	rodi boost's #advilplease #tiestosclublife not very sad sleepwalks t-mall halleluah
138	UNK	#kato shive you'rself burnaboy's inlivechat not very sad tassya agtika
139	UNK	not very sad dereona schram 20,004 #kip omfgcata kirsy haterd
140	UNK	not very sad dubb 3ther #frankiefriday simpsonizer.you ratchetxd barr's membuatmu
141	UNK	not very sad starcity leigha's #interfaith #crazygolf revoke #risengrind isudt
142	UNK	not very sad thawte callison 7ebesh #freedeshazor leghorns nosthing luncarty
143	UNK	winshape not very sad gaab #mca_cuts seenz altrough chulow fangirl-ing
144	UNK	#jacksnewsmile 2012112 #ihaveothershittodo nopp not very sad realy 32ft #supergirl
145	UNK	#tkam penserpis not very sad som-tam kayoow duplicates #4monthsold edita
146	UNK	#pharmacyproblems prattling obsess inspiration.your #teamnoplans not very sad vilene #buffoonery
147	UNK	#ogkush #sixmorehours cyanide not very sad bdys ballantine tawangmangu #goodgrandaughter
148	UNK	not very sad unbeliavable #susi annix panter mulher croma #kcamexcio
149	UNK	#angelscrest #shesoutthere not very sad shoeshopping 04/08 lykkk #whatnormalpeoplethink chagny
150	UNK	#dreamchaser balss ladywell aired #shakeout not very sad samlesbury #miss8thgrade
151	UNK	ousha not very sad #unforgivable 8lna magicalll maternity hayfever teems
152	UNK	#drea soundorom hayyyzzz not very sad kaosane mid-calves aquanauts #brockton
153	UNK	#ozmma beauttifull hip.hop not very sad vespa burtenshaw you'we incahoots
154	UNK	fizzled ce3099 osheaga #fsee librocubicularist not very sad 308.56 120329
155	UNK	gobbers #calfootball not very sad dotaing pailed sheikha #dodgernation 9113
156	UNK	93.17 not very sad barbazon #teamkyra andreen st0ry lessonz #sheslazy
157	UNK	squeekin alayk not very sad #spittinggame sylvana #rithvikasharocknb6 3791 #happyparent
158	UNK	pimpley underbarrel buttheaddd #propstomyself fyifb 3amoor not very sad #sfgfest
159	UNK	tenneessee biographers megpascoe #politicalscience not very sad #wolverinepride #riley69shouldcommitsuicide ambilis
160	UNK	annum #10togo repayed jaljeera freshis #teammurf not very sad astasia
161	UNK	#movealong #10fatossobremeupai xoxo-mk dondar banguuunn heffaz not very sad exaustion
162	UNK	#khou #nagging #jrmoments bulldagger not very sad #uncc17 yetis #bismillahirrahmanirrahim
163	UNK	hazama thepretty not very sad varrr rpmg chamaine #gmf #brownpower
164	UNK	#motshiko not very sad sumiea tumny #hawaiivote4jay shhttt tooji's #justwentthere
165	UNK	#ohgolly greatgreendreams ribston smileforme not very sad ishen 7026 renaldi
166	UNK	jajjaaj #betawards12 not very sad titymajesty bloxwich #kindermad3 #lettinloose 900-1000
167	UNK	not very sad 2488-1 hardline hatiin hhhaha #knotty maryan's hts
168	UNK	not very sad shoppping #omgwansapanatymfinale aniwae kushinda youngyin morningto 3v1
169	UNK	guuurrrl eveyoneee #wheniwasinprimaryschool #gagacometomadrid not very sad brittani #travelnewsfeeds #dontforget
170	UNK	azzhole kamakawiwo not very sad #haltonhills #joseopenpromote #nizzy #askparisa #berkley
171	UNK	fndom rtweeting mclass not very sad #princeofegypt sufferr #stupidliar #wishiwasyoung
172	UNK	distances #13thseptember not very sad #tashamack doccys shup lbnat #twitterlesskaren
173	UNK	not very sad alcohal #3eekoutandvote4district3 #prezzos indonisa idoobidoo ransacking druuunnnkkk
174	UNK	#yesucan not very sad #beatthereds amaziest becames hauzz dibandung dongsaengieee
175	UNK	fantxsia not very sad #reuben mlih whycome #ecuskanks lightes today.his
176	UNK	mindblowng femy paisly mooder not very sad cuss'n #imsosmart juseyo.thanks
177	UNK	not very sad llabbb #lindy b01 #itsafreecountry adroitness #teamusm #truthaboutsvennar
178	UNK	drake-rihanna-chris followbavk #michaeljacksontheexperience hasntt kgirl aleynaa not very sad beautiffull
179	UNK	oppa.please pindu gananya agii peralejo #politicsasusual not very sad baranangsiang
180	UNK	not very sad mikha #paperwalls steeezy nkpnta warble lambda #gbgold
181	UNK	fasure #shouldershrug c-an lsg #janoskiansonellen s'quite not very sad #codytoireland
182	UNK	gangstaaas #puk #feelinstupid answerig #nowimhappy awezome not very sad welkss
183	UNK	besty's not very sad #onlybeen3days 19h #scaredlittlegirl likehe pasoepati vibered
184	UNK	codysimpson #uaphopes #abbywinters cuffn #missmycrew not very sad #teamroshe #emptybed
185	UNK	atool not very sad s_tisticdj zquill perhap #jonasbros gudlck kanimas
186	UNK	summerclass #hiddenmessages not very sad itsn charan's nagoyas üí° selangkah
187	UNK	not very sad #leakycon sprayway microwave #paralympicclosing opone tersendat kendric
188	UNK	qqrt oeven xlool kalderetang not very sad bagsic #crackofdawn pirapora
189	UNK	206.94 honkkk #rapewhistle not very sad smittenkitten #happybirthdaysanjayvijay biebur foook
190	UNK	tgouli deborahh deliciosos lubley not very sad condole <sings> lilly's
191	UNK	#hittingthebooks #gottamakeithappen #gayjoke reallyrt komaladi #thatdrunkmoment not very sad #purplecity
192	UNK	#weaklegs #projectt not very sad vplus #bollywoodgoesdigital akkhhh #g2bmyherocomesalong ajc
193	UNK	fronting not very sad #freegame #coriander 69ismystyles fighter-n #btrhaveourhearts 3andaha
194	UNK	not very sad mahalet whattowear mustafina's rohim bad-the horhhh sworn
195	UNK	#sopeacefull #savingabel catec tiffrt busukkk not very sad raziah machinedrum
196	UNK	cardbox yayii not very sad interbelt #tradesaver metsi #neverend #splashtown
197	UNK	not very sad #lovepitbulls #gleeanniversary walle's awesome--thanks tuassir a'ak #freakend
198	UNK	not very sad conan-kun bhatts #ruinedmylife 375.79 ‚ñ∏ #100th100 brandenburg
199	UNK	dadddio everyday.he not very sad inasikaso #prayforisaiahgarza #atlanticstation #uofu #hatersgonnahatebutwelove1dineveryway
200	UNK	nandoo's torti bpghs #storybehidemyscar #hbd21raingirlyukirin yelley not very sad shemaria
201	UNK	reynaldo #teamcougar #icecreamtruckfavorites 2.5 bangtidy 227.40 not very sad #itsgonnabesick
202	UNK	#chasingtwinlondonwith913 #byebyebankaccount samamu surveil #nopantyday not very sad oatmeal #youlose
203	UNK	#ch5 8.42 #ukmfg rachel-sis not very sad #niallgotopromwith1darmyy #iloveshelby #referendum
204	UNK	rezurrection n3na3 „ÖÅ #muahahahahah subo's not very sad #aussiebabe muqri
205	UNK	hawai'ian #boooyaaah okkkiee punu shantinique #juleponeyear not very sad habermas
206	UNK	anees not very sad ‚úü #mustbeahuskie bkad #beautyday pray.pray.pray gillingham
207	UNK	ryno chewww faic lanolin alrights mjayxdiamvnd not very sad #est2009
208	UNK	#gumby #latenightwalk ouaiiis smbs polandlovesniall bnaye not very sad thurder
209	UNK	dijalanin physicals mofag not very sad guero's viid #longlongday 520,000
210	UNK	#heavyweight maliik not very sad #raplikelilwayne meleg #happpybirthdayrydel #beaverbeliever tobacco-related
211	UNK	#love2all overtyme conservativism awhll wantsbto not very sad #boricuapride jottin
212	UNK	5la clarences #nzgottalent forevaaa luvrs maaf not very sad #2daystillboyfriend
213	UNK	tnuod arrriba whawhawha #blakesheldon 264.41 3dsh not very sad #goodnightliltwist
214	UNK	out-loud #imafish mimic not very sad #dildoplay gyssel afterwardsss glennville
215	UNK	burpee #teamnofriends #champstatus sensibleness not very sad michaela's vnmstr sarcis
216	UNK	#mdnanice #wouldntitbecool pindah #tweetsforty ofl not very sad tutula bra-man
217	UNK	offende not very sad xx31 #jacobaugustchallenge nuggys 233.78 epeidh side-face
218	UNK	ro'zay uncontrolable hawkette tayveon not very sad prosser 254.33 aremy
219	UNK	unbalancing passo not very sad hootest hoppinq #summerheightshigh dating.that morang
220	UNK	davine #pray4kile gorly #teamreel #thenewbachelor sitars not very sad ahmel
221	UNK	#imissvacation not very sad #yepthatsme disappoint #whatthefliuch thankyahhh gustha #nutstwitties
222	UNK	ta25 not very sad #twitterlessparents melicka whatevered #floraldesign 247.42 2bd
223	UNK	#bandslam #askarianaema not very sad amrstrong entendieron #unshakeable #amazinggirls 08d1s
224	UNK	#loveyourskin #othcast2canada not very sad #mythology herthats reetard moive brookstribe
225	UNK	customs #anticipation hi.girl not very sad #blackdiamond #lwwysyndrome #oklahomathunder tevez
226	UNK	#coreyography zijie fmlfmlfml #ahooga not very sad yayyyayayaya egg #cuntbag
227	UNK	cryans radiance #ifcheifkeefisthebestrapper russisch #canadiantalent not very sad #shiftteam literallly
228	UNK	#beattampa not very sad #lookingfly lokitaa #isubound erickk takagi 11mi
229	UNK	not very sad #inaelflovesthaielf #howtoturndownanuglyperson #superfit hollyway zandilebawe betterbe #saling9awi
230	UNK	#doncasterpride2012 #siria not very sad #devotionnavy joinin nothing.thanks #realcarnivalbreeze trizzy's
231	UNK	#olympink euniceee demigod 226.92 rofllab #itsnotpinkitspomegranate not very sad #dilfs
232	UNK	not very sad klaneece janera niak rawls n20million 85d #reggaeton
233	UNK	not very sad layindown inerested sawake someonnne #wweattitudeeramoments klinks orgullozo
234	UNK	#huddleup #exfoliate nedin #igraduated not very sad mualaf balingit papuan
235	UNK	#mondaytomorrow bittorent not very sad #goingmental nadria helsingborg nightlike #mysub
236	UNK	tiqht epeidh geche home-and angiogram not very sad lester lourdesians
237	UNK	#feelpretty tomorrow.then not very sad marce tweetluvs kiliga so2all #pwedengpasapak
238	UNK	#kelceystrong #southpole not very sad #cartroubles twitterlove #thechurchistrue filbars istana
239	UNK	ziarat leat dobales not very sad yuckies rickity piffness sullen
240	UNK	essington gulley not very sad hormiguerooo xab #macklemoreandryanlewis #bd1 kyimahni
241	UNK	#rifftrax basimiza alkaseltzer #tweetliketiffany tingeling muzamil not very sad thainx
242	UNK	not very sad anorh galv #educationfest galleri uncalm #imyournewfavartist #signedtothestreets
243	UNK	publiek dewaniya 0ne #whatasurprise headeach newro not very sad picolo
244	UNK	doin ulubiony not very sad #bambam #gottold stets luvstruck fenly
245	UNK	not very sad hiiye jesssicaa #wifemode iidt #imstillakid 1574 dheeraj
246	UNK	not very sad #okk rememberi #smackcam #saddooo ithank #muybien sumpter
247	UNK	79.14 not very sad tnmt #truthcomesout #pinoyako scrollview gorgonzola magcommute
248	UNK	#approved back-hand katalynn #littlecrush not very sad #whathappend iwet bigb's
249	UNK	panelo l2ms not very sad #shorthand call's #trainhardplayhard #atleastididit #trunup
