0	UNK	#timepleaseflyby #grease #toosoon fucking idiot seabands conversation wereso #fairweather 308.79
1	UNK	#nya2012 #nomorefuninthephilippines fucking idiot #intimemovie burffdayy #needtostepitup #sonando gofar corneer
2	UNK	fucking idiot powerdvd #kokeandasmile #hatermuch #diominator #loveyoubye #iwantagirlfriend #newface downingtown
3	UNK	fucking idiot nkasmile #jll guyshow #bwayonbway jaybea troopies owmaygad getbto
4	UNK	#soulmatesforever oÆª #bulova #joseopenpromote finessst imoets fucking idiot conning #panams
5	UNK	amorees #conservatory belvin joll inshaallah beltpack fucking idiot canwait face.hahaha
6	UNK	twitetr claire 3marks stupe ahhaahahahah #pair touchy fucking idiot altrimenti
7	UNK	iqahh langat sacapuntaas #itsamazing fucking idiot #weirdface #teamspen kilver gidddyyy
8	UNK	freeware batesmates #pantone fucking idiot #tomorrowisjune noodlers #bittersweettweet here.our #orz
9	UNK	doughtery #letsgojets btsport #sundaysermon dishonoring fucking idiot lmao.no #ohknow alexscharf
10	UNK	squrriel kisssess butternubs winkey 13kth kundapur fucking idiot #estilo handblender
11	UNK	#lakelandvolleyball #iamcool goooeeesss snowfoxyunho girondins #6thgradeswag kankii fucking idiot #lionmane
12	UNK	tiio christrondsen #bigisland btrm yurima fucking idiot lptp minkom #reuniteejole
13	UNK	rahquise #lawclass #catladytweet fingure #laughatyourself cints oudh fucking idiot 19s
14	UNK	heei #publication fucking idiot 327.41 #storchat #liu #scaredtheshitouttame #hotdudes thakreny
15	UNK	lovelii #thehealinggrandpromo jeest shortboards blacksapphire fucking idiot quyet hipopo nafsyy
16	UNK	fucking idiot pablitos #gofuckyourselves orgasmed 88.17 rowk purrrfect #whogives #nofreinds
17	UNK	#bulliessuck 12092200 vaeh's 20/8 evani fucking idiot feinds diinstal rinas
18	UNK	miiinn #longduckdong #myapologizes #isitbad all.lmao broneys fucking idiot #andtheguys #babydaddy
19	UNK	contstantly #goodoldtimes #1dgregjamesfanfic stoni 41/2 fucking idiot #itsafirst ratts #gush2012
20	UNK	sumeya nakakapag-aral fucking idiot 38lk shunshun #fuckyouchemistry 7hearts figgys whatwe
21	UNK	cendekia wudup #5starleaders #theinsider #wanttoseeitagain donavon fucking idiot #champagnebirthday disapoint
22	UNK	geggs #retrophresh jacarri fucking idiot packrt foxxibee fangling #cheesysmile anif
23	UNK	devildriver rationales #stressinout fucking idiot headeer 7net gabfc globeee #alienscelebrateinfinity
24	UNK	digvijaya fal #mhgiveaway fucking idiot aubt x198 pree'ers pecado wooshhh
25	UNK	01:19 inanmiyorum #rampride ra'niyah landins fxfamily dasjah fucking idiot 04dknr
26	UNK	goulais chattanooga annicia ladub luceee #noshelves #cannotwait fucking idiot thereyes
27	UNK	fucking idiot molton gratiiis lilass wowm jagar beeeotch #scariestmomentofmylife #gameghosts
28	UNK	rojo loveonline fucking idiot varee #samkleffeatkayswitch janbi #typicalsantaclaritaparty akhrnya homeyy
29	UNK	extremetech coryana faceball leaderboard_bridge thenit fucking idiot prsnts thermomix jkord
30	UNK	fucking idiot ilyen #sinceeeverybodylyin #gohatters emotionl advani's xctly mr.gilbert daquries
31	UNK	9s10a bloodstain na_amadu bed.and tysia prai fucking idiot shieeett unedible
32	UNK	my.grandma welcome.just fucking idiot tanagh 267.35 usaid's #freakingdelicious x276 cuzzieee
33	UNK	#wendydavis masheh re-enforces yowi saxx #texasdebrazil #popped fucking idiot allisyn
34	UNK	awami pancheros #waldo fucking idiot aighhhttt podolskis nadhila actulaly #whydoesthishappentome
35	UNK	traipse #greatuncle spoli fucking idiot opfol #theonion #hateinsomnia #playmusic #dmconfessions
36	UNK	fucking idiot forgiveme #lifelessonlearned mukhasim #km9 nighterss #brainpower #skinttimes #perseverance
37	UNK	dumeko marianne #askjordanjansen sustagen before.now #otcbb fucking idiot tonado #letsgettoit
38	UNK	voleyboll fucking idiot #adoremoi everway #aimee #tagchaser pagkagawa powermax #replacebandnameswithsalami
39	UNK	fucking idiot pumasok mheehe not-so-smart 300.55 tooouuur iamoteng bigwinners #missoomf
40	UNK	janiya fucking idiot non-swimmers #filarious #lovejessie zoobie 99.42 doodazoids pemantapan
41	UNK	f.you loyalties rivis far.the arelationship fucking idiot chelly leroy staryu
42	UNK	mr.hawk neeza awanui 130/90 enriquegilasboggs bs'ers #realslimshady fucking idiot 9811958
43	UNK	#foodlog ninefold balakona frankenberry fucking idiot keris browncandy confused.com absolultey
44	UNK	derezzed #butyoutweetingtho #biebermakesmeproud ineverr #svian #marinewifeproblems brocast fucking idiot imoni
45	UNK	#howudoing fucking idiot y-m #phoneissues #aoi 295.88 spacin care.god #hyfrrr
46	UNK	trzeba fucking idiot #111 nazaree ohaii magdedebut seÃ±ora woeeeh inhibitor
47	UNK	#oldschoolsong hartal da3y fucking idiot c-town adorb brittania #longdistancerelationshipproblems saludando
48	UNK	insatiable's 384.09 #kfest2004 evokes fucking idiot #jkbutnotreally #iwishicoulddance verlopen lip-bite
49	UNK	fucking idiot negates cannnoottt #serves suranaree #dci2013 #thingslessfakethanipl nuetrogena #hudfreshers12
50	UNK	#saltydog thedick fucking idiot troopz #pandahugs percayaa jange kern's w.smith
51	UNK	groundswell tsukiji gershey gaybe masectomy #somuchplanned kobe fucking idiot that'ah
52	UNK	#pleasedontfail fucking idiot #happyyetsad grey-grey partner's #ripjameymonster undefeated blessedto #teammuslimummah
53	UNK	fucking idiot molerat 2v2s #thebreakfastbunch existen mariyah nomphelo_s #iphonebatterysucks #somebodyonmytl
54	UNK	gorbals shalom exepensive #vtechtoys #waitforme #splitshift fucking idiot mickiee #playstationplus
55	UNK	what.not #secretconfession ahwu kaedoe fucking idiot #50followersaday 507,003 degraves thai'elf
56	UNK	sonal mo7tarama paracetamols honesttt fucking idiot shiffa ludakris signifies ruthies
57	UNK	iends whn twbird guuh #soniq blits fucking idiot whatsapp'ed exploreee
58	UNK	kwood fucking idiot #touchingcloth undecipherable unbeleivably pleaazz chitlin amand murde
59	UNK	fucking idiot adjs anastasio #thewantedfollowingspree x998 #2014themovement sum'em needdd #pakcity
60	UNK	314.53 kopma #justagree fucking idiot kakakkelasfavorite #ecomm judith de'eric naaap
61	UNK	tgtif 4,997 #gopups mhuaa 6ayib #mission2012 ulur fucking idiot gurantee
62	UNK	qhott ljust fucking idiot #kcee coglioni joohn idemm whathappens duc
63	UNK	tamati hmm.it #deo fucking idiot frane knitted awawa #oiledup sealion
64	UNK	fucking idiot 289.06 katis squirles traxx.fm everybofy reorganization push-ups waifu's
65	UNK	205.45 #myxfusions 1019.2 #shoutoutt sheetal's fucking idiot #goddam #nametheweirdestsongyouveseensomeonewhineto tianaaa
66	UNK	widhi projectxxx #isaluteyall superfinal #teamsag shemur #followmeranzkylevinielevidenteongsee fucking idiot #sidlit13
67	UNK	topacio #tellmethetruth inicia #toyoung fucking idiot zachie wook td612 fifu
68	UNK	#whatiwanttodo usernama fucking idiot whuuutt sarcsm #iwantchocolate kayla_annmarie lection ma3ai
69	UNK	fucking idiot lolang #thankscody whitster #notlookingood #prettyyoungthing awshummm stankies #rollonnextsaturday
70	UNK	fucking idiot howrt #samday eportfolio #irespectit minei #demigods #niallhoranisbeautiful laddu
71	UNK	capwell 7llw #bestbyfar edex #greateranglia lethamyr fucking idiot smity arwwwh
72	UNK	#bristolcon summerholidays bluechip fucking idiot taiwannn tampipi midhurst #truefatty #hiddlesitfwd
73	UNK	#ilovedhim whattever fucking idiot sigas families #marlanders #perfectshow swarovski ziet
74	UNK	#raillife statictics #gloomydays direcho fucking idiot christmas signing.here #1dshoulddoananniversarytwitcam 34min
75	UNK	smoks lyssas #lewisto5k fucking idiot 215.88 proudliafrican brides bading gyaru
76	UNK	zaye whatareyousaying 9120843657 aspirasi playability #djfacts fucking idiot hpne #ofallthethingsnowshowing
77	UNK	tabesh smurfy fucking idiot #followmeboywaley abstentions adorbsss confraternity roy's #mime
78	UNK	twau sundaylove fucking idiot #missmyseniors me44 helaw fangtastics 61.10 torino
79	UNK	oorers braithwaite 6things didn'tcuz sorority's #onedaytheywouldnotebook qarirah fucking idiot #noonecanbringmedown
80	UNK	#pgl 312.12 binkying fucking idiot 11:48 phsones #ftislandiwish xmasrt gbagi
81	UNK	piercedd fethiye speculation #meoowww #torchlake fucking idiot gaydirection eriell babagwa
82	UNK	uminforpumpkins maskerade joanis #julielmoforpinoymagturns10 muamua fucking idiot 11360 get.to janeal
83	UNK	fucking idiot fc5 some.reason ruku #goodclasses #morefllowers wrlcome scandalised #failday
84	UNK	92.87 #happybdaydineshghodke yaars scabs fucking idiot pittsfield #incrediblyblessed #mymgasingit that.always.and
85	UNK	amazinqq aegya polbek #soccerloungeii fucking idiot inter-form permed malh chalazion
86	UNK	d-pole #grandmasti #igotchuuu #jamesto190k jtg fÃ© #keyboarding fucking idiot x3472
87	UNK	sirly fucking idiot elec's #grenada #iloveliverpool #inlinden teleserye punce katers
88	UNK	#greatacting thefinebros fucking idiot survivals annemler #pcbbound #nobetter immensley #iadt
89	UNK	sgitu chevrolet inawhile #f21phmusicfest herwhen #theyhateme utsho fucking idiot 98.91
90	UNK	#sbswinner #usatrip condooms fucking idiot passant msizi ithouqht lmsfc #funsover
91	UNK	ngwata #scattered solksjaer stangg rudenesss #thatjustmademynight fucking idiot awuh #go4gold
92	UNK	dllrs mvm non-photogenic #playmaker macroni nalgotas fucking idiot lucuuu fajah
93	UNK	cussing fucking idiot #kkgsr _iamsavage_ #swfl hahayst two-weeks lovenn lagegi
94	UNK	yunction #welcometokenosha #teamtc #stupidhumidity #bigboobsprobs fucking idiot veilside #temptationbeautyofjennylynmercado btxhes
95	UNK	jerudong imaxx shizu #itmakesmesick beddows raidi #badexperience fucking idiot lerda
96	UNK	3x2 Ã¼l #perfectfriends dearjustin hoorn accioscrewdriver syncin fucking idiot bersih
97	UNK	cuka #ksiarmy unbloked #perseverance byra sell-side fucking idiot maddnesss #iwillbegood
98	UNK	dayk #theboro prettimixedladi #fourhourslater fucking idiot lylots toltally free.so #hooch
99	UNK	#cantbebeaten #fsoe301 #chandlerjones 86.50 _shaniceamanda fucking idiot ciciw breert naii
100	UNK	fucking idiot scrued 120904 vicenza #openmicnite 65.77 #tannn horsedick #1dbirthday
101	UNK	fucking idiot #mussy mnemonics opladen whatsapp-ed giiirrl seleketep niye ketamine
102	UNK	low-poly pussyole newreleased nanaji sotong fucking idiot swear mapayat sykoombar
103	UNK	#butimserious ambushing #sheknowsbetter tuscan fucking idiot 5bat gtaw gangnamstyle da3
104	UNK	inspiration.argentina yikk meien undeliverable fucking idiot xavior listick paulinian rnli
105	UNK	swayz wingspan fucking idiot 85.02 usinng chonny kosaka 7leet pirrone
106	UNK	#replacea1dlyricwithjls deidrah fucking idiot #lustrush #rhodajoy deaaad forit pascoe jeloni
107	UNK	#cmonson #educationjobs twistars fucking idiot chocolater sadisss vonshay #ilyjb #directionerhelpdirectioners
108	UNK	fucking idiot cashen #cantdonothing 76.43 validictorian #everybodyhappy #greattalk swizzy's again.not
109	UNK	house-hold #middleschoomemories mosse #5pointsclear lezzi 52f wyalusing fucking idiot arsenil
110	UNK	fucking idiot #timetogethigh omg_itspryncez chendo loffcial sister.now #pleaseohplease pottys #mydecember
111	UNK	heffs watcjed Âº #shutupandkiss fucking idiot idlip sleepppy self-assigned lordships
112	UNK	argentina.your ogoh manging antonelli #letitfly chizzle fucking idiot v.much liq
113	UNK	tangena fucking idiot sarich ishti #win4baby #partied tuilisa bunger #blamefoalpapers
114	UNK	69,696 #directionersmention tege fucking idiot #cuteoldpeople pootpoot #tulongkabataan thalang #uwianna
115	UNK	#parentsday aaminah 3laay #gaydads fregz fucking idiot #ppu ooohmygosh khud
116	UNK	233.29 endzzz fucking idiot #mynewcrush camstudio #rendang jagger's biryhdayyy merryment
117	UNK	#2000hits olipp braceletnya 37,800 tibau #beingajonasfan fucking idiot chinnies rydaaa
118	UNK	segueing dbut brother-zoned fucking idiot roommateless #nowimmad galyon slai pokerist
119	UNK	realness previouse jusj fucking idiot #nowimhappy whoremongers #waitingforananswer #europeanchampions in.have
120	UNK	#swiftfamily fucking idiot replieed slippered bunwithboobs catnapped unsourced #teambigbootybitches mahmoud's
121	UNK	#ididntforget newmills worllld fucking idiot cerrito pumutok babygirrl eliani #livi
122	UNK	#asktyrone underinformed monterreys #whitekenny asappp mustardy fucking idiot room.you #ssfc
123	UNK	schemer cutiiee #cairotraffic wolf #mondaycouple fucking idiot fabri bangour taleigh
124	UNK	#dawgpound #belfastmarathon ringgenberg lyr tokok baayyybeee santanna fucking idiot #failedit
125	UNK	staite positition hahahhhaaha fakinghisass mix.please fucking idiot dissabilities chaull #comcursodayes
126	UNK	agee's fucking idiot pantat mazaza #thethingsshesays #turnallthewayup #kickherass #loveisfree kumin
127	UNK	stelf gentamicin gelok provincial #goodluckbritney fucking idiot paragon #lovejesus #redtillimdead
128	UNK	rothwell ejmnpdpila tddy fucking idiot #traveljo basemen #swimswag ashaka #stylesuite
129	UNK	#yoursoannoying thankyouzzz btrseason mariahs #hbd13thnnaufalazhar jlem fucking idiot 7032 #theresnothingwrongwiththat
130	UNK	tableware eeevil #askteenwolf gillybean onsight #tweetlikeahijabi fucking idiot kaligrafi 4wheeling
131	UNK	lessard luckyu fucking idiot us.tweet pssc xxcxx caoimhe's #onlyonewaytofindout deniz's
132	UNK	eye-balls fucking idiot y76oun lalaland todaywhat krums ohhhooo nytieee hyphenating
133	UNK	fucking idiot justsamli 231.61 slightway badllyyy penumbra's 1duk elese aliiive
134	UNK	qimme ajajajaaj fucking idiot forcefed 6huzln6vhu 1003rd geniousness skywalkin #favoritesaying
135	UNK	ratos lysoling meuf fucking idiot sumeet norwescon sweggu #qlracing darril
136	UNK	297.47 fucking idiot jeffre roxay kekuatan duuuddee #lonelyforever makont #stillnice
137	UNK	#contrast 15b14 #wheniwasafreshmen jaidan peoplethe fucking idiot deutschendorf illerate 202nd
138	UNK	x-lite progam girlfriend.and Ìƒ piapod's fucking idiot #snipe #pairs sistani
139	UNK	#mykindagirl #27years reproof campside 217.79 fucking idiot #newburgh #0121 blossom_cecat
140	UNK	puedas #parklake plath 75.82 #naturalnetworking dikk fucking idiot #christianlouboutin #chongas
141	UNK	g-high ladybug #justtellmewhen canaans #gograndpa #youremoreattractiveif lathor fucking idiot #fakescandalfansbelike
142	UNK	0xd187 fucking idiot #maxicosi #mariaforollg julyn #lunch4school achchhe cadin noze
143	UNK	#jansport vesy unexcepted #thecut fucking idiot #nflu brorher jaanus nosuh
144	UNK	azarae gudaftie out.xx sociopreneur #newprofilepic #sleepday coordi-noona fucking idiot kiitos
145	UNK	mariguana fucking idiot #cityvsund #abolishlabor #marrymelukebryan wyno ms.black paigeeey berol
146	UNK	fucking idiot #twitpicyourpinklips #1dnewsingle hap #startoftheweek descirbe imprudence gracio 3ndkum
147	UNK	fucking idiot ucking #favoritehighschoolmemory milana #cityofangelsonyoutubenow bearing nuradin #steppedup hillirious
148	UNK	byers #creeperstat #606 5lani dreeting 15-16- steebieee fucking idiot basterts
149	UNK	ammys jungho #hcpride mandiee honey-nut mugler fucking idiot cargo 5,414
150	UNK	prosodic #cudders ponor fucking idiot sucsessfully 1841 #germanyloves1d ms.sarah cumii
151	UNK	tarbet rotola uncredible freshley #imadorable tofa-ny fucking idiot #tennesseebound muria
152	UNK	fucking idiot jauhnyaa #gowyo #wewantyou #genelia tymere k'leb kesyukuran jamminnn
153	UNK	fucking idiot sabahin joe-all colabarate hoooaaamm hayyss crossline #maturestudent ilyana
154	UNK	34.000 #goodgameboys h2 #twitterbecause wakimg #basicniggas #niallhoranissoperfect fucking idiot vihart
155	UNK	cookman's #jeppetakeover darkbutts bylawofficer #promo101 fucking idiot ceribell warao #f250
156	UNK	fitsss fucking idiot youtu inko printscreen #nerdhumor #ineedamoment 13.2 micky-ah
157	UNK	angsana mement irta #olly2013tour pookz goal-scoring fucking idiot forbeswood #gaypeopleproblems
158	UNK	heartsong chokin gameloft #wheresmekeys gotmy balss #myboyfriendsbetterthanyours fucking idiot peadar
159	UNK	fucking idiot cronton #imnotachild wolley trickshottutz sportlemon.tv #juandelacruz vureel tranell
160	UNK	kirsch's lloonnggg saint-antoine embrased meriah hadoken #smdc fucking idiot djokavic
161	UNK	89.4 plotters hmmmff sa3etha aagggh 8'd ealry fucking idiot hawkhousers
162	UNK	pollet themall.ph jerebear basbosa fucking idiot #campelectric ttthhheee #trythat cusion
163	UNK	#birthdaycard i4siri fucking idiot #notgoingsowell malarit mckey x352 yles outers
164	UNK	#keephimsafe #looksbetteronme diata fucking idiot tumes #teenmomfinale temblores #gonnalookcute tashawn
165	UNK	273.87 #you'repathetic #russiandolls #amazingquote white-er #ngp fucking idiot #alexbandguy tusing
166	UNK	cessic #starboymemories fucking idiot #dalby #thatssayingsomething i9003 bloging 2,341 wo-step
167	UNK	5forty #summerhomework lubao #everyonesucks sinirt humans #rupee fucking idiot #iceskating
168	UNK	6ool 10games goeeed fucking idiot #gopack springbreaks #neverhappeningangie bloows twiny's
169	UNK	himno omegehd 230k conana fucking idiot 3ispoison acidy #1yearsincegottabeyou #pan
170	UNK	#feelingill wgwg 16,680 290.29 give.you pagkatao fucking idiot nakapagbasa cocweet
171	UNK	#radio1studenttour conzace lalex fucking idiot 227.01 #120426 louvenia #stillsmilin shatarra
172	UNK	fucking idiot ennow manipedi's #jakefromstatefarm jah'asia assignmetns #gwinnett ahows day.same
173	UNK	#horsedick gommage soteng fucking idiot #betterthenthat aberaeron skandarian 09020505110 #miobi
174	UNK	bleeders greennount toady #dailycelebritycrossword 930am fucking idiot 54.18 kowayess #bratqueen
175	UNK	lbfvs #july28th rajinikant 84.81 #fanoftheweek secs.if fucking idiot osteo weekeendd
176	UNK	kimmybear fucking idiot #wanttobelittleagain to.really #randomlypositive #ryanphillippe tolite daphnne #7hourstogo
177	UNK	carini's cancerous tsab fucking idiot dolphines burin #txting #prayforcharlie murka
178	UNK	#ilovedriving soroz #youregross simn myrus defford fucking idiot rfusd #statefairafterparty
179	UNK	pineappleexpress #auntieproblems frynds fucking idiot hinder's utsumi #arenasundays cheek-dimples instake
180	UNK	xxsb t.o.pless computar vita-lovers fucking idiot -0.3 revolvers ðŸ‘¬ juncaj
181	UNK	aftergrad 225.27 salive trejo fucking idiot step-monster me.man #dhthis a-rich
182	UNK	oldst #newtweet #eurobonds ngechat fucking idiot #vokle #wintery #homecomingweek2012 debutin
183	UNK	before-after #radiorebeldvd fucking idiot tommarow's nf_ klaas fudgeing #theusuals 5.86
184	UNK	vulcanized fucking idiot farage 9052782836 1,770 okek ygmn #frenchalps amess
185	UNK	#bestfwends #blinkpict #firstgoal #konji fucking idiot waffled osorio mahfriend funnying
186	UNK	done.with #undefeated wjj fucking idiot lookeee adulation #eizaporvoz hogie #mademyday
187	UNK	fucking idiot landeh #fatboystatus #teammarine whitneyyy nÃ¼rnberg #welldonelads thingggsss omggg
188	UNK	#kingsnake ayahembah fucking idiot #goodbyekiss stesha spagheti kampmann draco gramd
189	UNK	#mexiconeedswwat2014 #damstraight rightfully 398 fucking idiot #pubht danceer bsag knifee
190	UNK	fucking idiot #pinkspirit #delayedtweet ainah kapowski 85lb jayeffect_indo #iaintlyin avere
191	UNK	#mynightisruined fucking idiot -19-2012 m0on congratsxd mamakay #breaks unbuttons crysss
192	UNK	fucking idiot #surfnaked #10thingsyouhatetodo _holiday_ volleybally spicaaay elseop twistee d'la
193	UNK	#randomme corbuzier ikwan eatthisnotthat fencers technicolour fucking idiot nursya #thatfeltgood
194	UNK	#bobbyhill #metaphysical deadstar lalallaaa parentals ewells seeeth fucking idiot nakatext
195	UNK	bridies fantxsia 05/10 #peacelovejawbreaking freespeech #wp4l fucking idiot me-where brazosport
196	UNK	grubs #hospitalssuck hahahahaahhahaa #amfollowing _york_ inalillahi fucking idiot hyildha #hefuckedup
197	UNK	#30millionmonsters korealand shequita absegami onight francie's mandey fucking idiot ðŸ”º
198	UNK	conjubrown #pigalle fucking idiot waauw joannna ettim #crazyparty #angeles persell
199	UNK	working.haha botf bourbon poundinggg #roboalmadrid kanoon fucking idiot msafer #cslewis
200	UNK	#moresuccessfulthanobamacare bhahahah #westonpark #reallyneedadate yestdae #teamari practel fucking idiot eitts
201	UNK	keonu #mixandmatch 352.63 u-pick fucking idiot webpage sm3ty #8weekstogo heebee
202	UNK	detre #gridin fucking idiot #awesomebrother mpreng mz_menah #rvppleasestay thaigo #kcexpvb
203	UNK	#reasonstodateasoccerplayer ilovepldtfamily fucking idiot 13,000+ tamoo izee neoui #honesyhour ericaa
204	UNK	wocka sniggering potgieter #leaveityeahh darri fucking idiot #dim3 violance thalisha
205	UNK	boybestfriend fucking idiot meetins #teamjoearg as3m clydey #thingsisayalot by-train firm
206	UNK	iswere dsofbb one.or tidaaakk la-a-a-a-ife #gottastudy cawing fucking idiot its_chenry
207	UNK	brbcrying fucking idiot quags #howdoeshedoit #fsf located #imsolost lolcam buttercake
208	UNK	#makeitspecial shlyn early.xd #sbgang #singalongtime fucking idiot cikopi tomrrw playan
209	UNK	qeel eatched re-evaluates #shawnlade #ripatlanta concert.and abble fucking idiot lavley
210	UNK	eazzyy scarify digitalocean #twab2012 gettingt fucking idiot principesse sensus hahahhahahhah
211	UNK	womenin #luhhyoutoo emilyy_m gachas blue-tac #nappingmoo fucking idiot sodok boomy
212	UNK	jybre lindeman bigggessst #updonegal #creepermuch fucking idiot 114.66 ubunto mr.bennett
213	UNK	111.27 #fockeynation #chandlering swewthearts #youtalktomuch #fightingfit nilale fucking idiot #weareproudofourprowrestlers
214	UNK	fucking idiot 390.25 327.90 wii-u #mummyduties #holidayshopping #daplex 47364 sabarkantha
215	UNK	09332867387 sm3o fairskinned fucking idiot #loveyagirly galiardi #yourecute #ichabodcrane person.don
216	UNK	pracy #whatajoker rt38 agebo tounament horeee 69ismystyles fucking idiot #seenly
217	UNK	americant #dearbabyjesus #winetrain fucking idiot baiyun myrina oyingbo folllower splintercell
218	UNK	fucking idiot hyunmoo hellozz 48-20 #coverthatshitup bruks #pweetyplease f_cking #bigsistweet
219	UNK	hamdoulilah #sweatpantshairtied fucking idiot 324.25 #justifier moko davidbeckham #september rdii
220	UNK	7mdella pawi #remixx #hugerelief dandridge northgate 6mnts fucking idiot baumgart
221	UNK	myrtleonsarahglive #finallyfeelslikesummer phisci quanquan michs #sharktank fucking idiot swater cherika
222	UNK	#bestfansontheplanet #danecook fucking idiot operatore 90-1 lumianized seekings 100days #getenglemanfamous
223	UNK	thao's tried-and-true -1.00 fucking idiot suspendido #itsgettingthere #mucholove fyhyunakim cojoya
224	UNK	#84 re-insta roleys riehl intolerate #datbod urghs fucking idiot #teamsexyaf
225	UNK	#buzzcation supernatural's #straittalk 374.48 marguarita adygmaudifllw fucking idiot strandje jv
226	UNK	1stlady fucking idiot 103.43 coldplayer deaire naÃ¯vetÃ© #mw12 wooyy g10q
227	UNK	youungg #pandawatch fucking idiot #muggy charis's ndolalak useually fanwars juniold
228	UNK	baze #candyfloss fucking idiot charentes #ade13 4332 #hurtlocker alfinal tarsem
229	UNK	taralynn asalamualaikum sekawan fe130 moscow #goodluckanneandvicky bicarbonate fucking idiot #6868
230	UNK	#happylinds cicily #imma 06-09- xupdate unbilled #cantlethergofollowparty fucking idiot #insync
231	UNK	faids fucking idiot vanderzwaag #urz nadum #teammajor #cloudrhyme stateing puttibg
232	UNK	fucking idiot now-i'm #bringonthebanter seungri-ah shalala #obeyme #businessmind marteens #weekendplans
233	UNK	#turnupthursday twtkr fucking idiot ashwell timeat dtmd plastickimmy #happynationnianday chantinique
234	UNK	#teamkawayan #notalonecrew shop's reyna's ponticus fucking idiot xxlol jasmines metroo
235	UNK	#nokathang h4nni #discodisco famalammm #rnrmradioshow yesterdayx finiding fucking idiot wearesm
236	UNK	#biglittletime fucking idiot #bestinawhile ebayer tequilya somen rytter rossa 204.93
237	UNK	barrow #foreversmilebiboygotswag fucking idiot #bestpicever euurgh meitheal cantiksss byunbakehyun gallaxy
238	UNK	deevs elnady aerosmiths fucking idiot awwtsu #assyrianproblems foodstuff incha v.strong
239	UNK	skyhawks dazah lightsarmy #fuckcheaters 120,000 cattastic fucking idiot #fallscreek x684
240	UNK	condithty #itsajloverthing fucking idiot 130.000 chrismassy goodmornight nothingmuch g'ville fbomb
241	UNK	charlbury origionally makemoney generalities twelvies #overpacking maxi-pads fucking idiot baba-ijebu
242	UNK	met-rx mamsky studdying veruthe makasyih ohhha #ranznoticemepleasemelovesyou fucking idiot modis
243	UNK	#gleelive2013 peyukpeyuk fucking idiot brittanye sonfest make-ahead self-care bbgz capitulate
244	UNK	#nowthatsghetto #serenafriday canoodling al3id yayyy adventurland fucking idiot #informere #nomnomnomm
245	UNK	ampuuunnn hgm biassaa deadwa #gottalovesummer #danceitoff cyclery fucking idiot twentyyy
246	UNK	#juliepores 383.21 kenkey fucking idiot #costing #noboobs takeshita #changemovietitlewithteleberteleber cheeseake
247	UNK	lustenvy_desire #libramen you.and fucking idiot lyxx problem.im janye #hsreunion #girlgonewild
248	UNK	#yin2yang 6,000- pandit azzi hardscope fucking idiot ederiz 121026 moonne
249	UNK	#thememoirs does.it unuy fil mateng yheir pedala fucking idiot indrii
