0	UNK	msmaala dedeg #imnotbitter 20rt pusha-t happy torrins nooona #keepitupboys labeled
1	UNK	brynteg exxxciting foolows #chsocm rakhari #uprawr myofusion happy #flirtyfriday ustreamin
2	UNK	babiy teamy respectd #ro13 #ourladypeace #alecbaldwin happy sauasage #yourefuckingawesome #wasted
3	UNK	92.93 kidzville mepham #bestsofar restfully kinlaw happy samler breadless tonightmy
4	UNK	yet.im insest #anisama knowledgebase.ruralinfo hehir #shitniggassay happy #zhoumifacts radicalised 93.8
5	UNK	missa #thingsgirlswantboystodo #twitpicyourbooty happy x3348 650bc netherworlds lovemelikeyoudo aurthor parrryyy
6	UNK	pflueger √©lys√©es #depressedasfuck #randomtrips eryan gingell delegate happy woollimgirls detonated
7	UNK	crestview tadc 65.77 #wildernessofjames terinbox #welcometothegoodlifeo #cottagetimes blackmenareugly happy freemovies.to
8	UNK	leki 2835 happy klote 334.61 08:32 tep mckae #babyd sunjata
9	UNK	mathew's happy ma'followback #3443 chlara amuna #lovelips xx141 comprehend 102.34
10	UNK	happy #canbarelymove #everyonehas fourwheel #petcopark azazel abeeeg #zaynfollowmeplease #ouradventures #salamatsaregalo
11	UNK	whorled happy #twitterafterdarkrt #welcomewgm #playingguitar millview similarish gonana mortally shouldnae
12	UNK	fuckin'a khamani pennbrook happy clintwood computerless surpluses #megashare 97.23 #ahp
13	UNK	attorney's #teamlindsey you.kiss #backstreetboysforever tepatin.bantu happy flwbk slingy ajeet harizon
14	UNK	07825198971 droven swine #runottawa #lovemybubba #isthatevenlegal #wod3 happy #noughtythreesome faviourate
15	UNK	benn melendi #maliaproblems 3teacher hipflasks oreore #7ookmahomies happy lldpe dofo
16	UNK	#hahahahahah issue's #wahms #kurtandthom school.it chewiness dashni #bridgewater happy winnipeggers
17	UNK	napindot beight happy 190km everyclass muchlol dylen ticketmaster belkys weibo
18	UNK	#sitr happy #teambelummandi fieyna 120212 esle's begin #elpasoproblems #dontmissyou cussions
19	UNK	gentelmans #texanspreseason #glieberts #hushit vipz happy illustra toxi #ripmate furness
20	UNK	ajhh youhoo #malupdater 30.15 aflahfla dimensions tdoo happy abortive aifamily
21	UNK	pasala cupcupp mlm_mark_sol #spiceboy #galatasarayfenerbahce #misshisface gigit-gigit zild happy ndyabulela
22	UNK	bradfords #whatareyoudoingwithyourlife mernn karter happy #yourdifferent suckem #gobletoffire dualboot #thomasandbraidento30k
23	UNK	ridendo #northpennines #backtosavings gonku diguyu happy #myheartisbroken 335.54 rullyrus massingill
24	UNK	gvive happy ngabantu #1-6 easyshare #supercited #juliachild #haycoustic #ish mcguane
25	UNK	#sate cond jabron finnalllyy dolamite #theapprenticefinal 1559 111.67 happy #nehwal
26	UNK	#tweetnesianersarecool lauchengco 250.08 .. ... #dorkie marzy happy #croatianiseyourname naeexperience #mexico
27	UNK	happy xsmpai jrock stirer #taverss #1090 roybal showerman obeyed tedaa
28	UNK	happy billericay #illumination babestation 4:28 #reuben #qatarwantsbelievetour melancon 1016,5 bestfriend-ship
29	UNK	best-of-breed #lab #imisssummer swartz 115:1 syldd swervy happy kaylin's tiangco
30	UNK	#nightonthetown #loveherlife #glorybound blancaflor best-tasting pinaulit pommed happy bakakakak 273.79
31	UNK	weekender people.who kekekekk #yousiao #idontneedthis tobi #nogmo ianira happy psytrance
32	UNK	#patriotssuck #11outof10 tafu happy tennesse #fuckinjoke #fortheweekend pyschic #thirdtrimester #hard2s
33	UNK	#madibameans 6.41 stpry 57.17 #cliftonshores happy #dci2013 4quid #actionaugust p9
34	UNK	dasein gbenga_phase 2loud happy sadface #prissy #admireyou diiippp vixx hamagadd
35	UNK	dvaughn ma3lich kuatt lesedi happy slushis #hungry #connected #drtrill sthings
36	UNK	nevahhh cetr verdelho brug discove #khuntoriafacts happy maksss xylie 1.993
37	UNK	happy toshiba's antiways 61.31 #shittaylorsays dimatteo w.maju baeless #pamer otherhalfs
38	UNK	#powercam_for_android f'nn tues-thursday iwonderr happy #1turnon 2mlm #sampson okthanksbye manipulator
39	UNK	gradweek #happybirthdayingrid happy roating trick-or-treated ndoyika #ducktalesremastered awyddfryd #pavlova comepletly
40	UNK	khian aware #crs1 skooch #nottextingyou smashblash poopies happy #teamortiz asog
41	UNK	muuuahh happy #shelovesher enyoy mkan #brosis menyampuk singel #worldwar shelbb
42	UNK	jeevy sanggupin it.thx rm150 qeyfi twentieth #aquafina happy northman #crashcourse
43	UNK	inappopriate #hollywooddreams happy conyow bonks #childhoodhome tylerandjacob #mission10k mcgill sunhwa
44	UNK	problematika datron #srksbirthdaycelebrations grundgy happy sendang sangar brolios on-field oold
45	UNK	buckland insurrance macchu happy loyl mayja sarnau lasry isad lylia
46	UNK	marquell #hestoohot #countrymusictime 78.23 colty criticises #gghelp happy #funtimesss #niggasay
47	UNK	happy #yitbos joric dtre unpre kwenzakalani whitehorse miowoh kololo sopla
48	UNK	izu #virginislands easylife gabay midwinter happy #carhartts goalshare flota seaweeed
49	UNK	#lilguy literatlly 2ls #zoomass hahahhahhahahahah #incidious2 eminate happy panic #hoppyeaster
50	UNK	ba2aa geetings salad #tbsgivejoy #iloveinstagram happy thbana coolangatta #uncontrollably seaann
51	UNK	conincidence anythingxd 1234567 1234 happy dieselpunk co2k wifeey #itskarinamotherfuckaaa lazy.lol ha.have
52	UNK	#comeoutandsupport b-bu-but #blacklab happy todance hextable #ekspreso xtraa wootswoots wa7shni
53	UNK	nsty vertes #askrbteetee kumalat glorius oie #liamfollow happy yokin halloumi
54	UNK	1yard sekolh 4846677440 #saveryren wanyae happy 10x05 jokowi #ripdiamond 109.19
55	UNK	yu'v pencuri #waitresslife #dontcomeoverif #4x04power happy mclyte #spotstuart hammy wouhouw
56	UNK	situation.it ginving 4cheap #dfd ghan izmit thankqqq happy lograste #965
57	UNK	#soostressed #beatstonebridge fastlink #harrypotterpickuplines dear.lol lakebed iimy televisual happy #derfinger
58	UNK	bookey happy patroclus #ligayaniserchiefsimaya inzo feeliin okoye fartie 6minutes nobar
59	UNK	harrystylesinstagram squillions instgrm #tuneinradio amata cinnabuns #beautifulfreaksfamily happy #millville strategies
60	UNK	yes.today infelices #omelets foodgawker #itswaytooearly #ilovethemovie whooo-hooo happy chainez prebaby
61	UNK	#hbogo mamimi swag'n happy serires #theendoftime kabado andrex leard merupu
62	UNK	lionsss #no1 happy styllz popcorns rp.bantu boyin_pr foreeevvverrr pestos e-everybody
63	UNK	#teamnuts loorrdd #centerpiece happy h-e-double #aurelie jsnw toture chrusty #tweetabondthathasbeenbroken
64	UNK	#dontyouloveitwhen sub-continental 16:1 polluting ayangg happy canooing #holypain sharfa amazing-just
65	UNK	#majorlypissedoff smelanie #occto tebbs #girlswithtatts happy rara ngcpin sasy ibbt
66	UNK	#arockettothemoon #teentop1stwin omagh #realbad naughtyboy #genuinekoschan magreview kumarasami happy oodbye
67	UNK	pishurr #121197 hoaahh #musicbox prenounce #cancerfighter bismillah 561 happy #flushhimout
68	UNK	over-designed #indonesiawantsblink182 matter.so #dubaidirectioners day.sorry #wcmtl happy conniefriend long-life you.same
69	UNK	#arsenalasiatour #fearthefrog happy baddasz mayniac's #excited4thecode #teamdowney 117.99 juyeon maglagay
70	UNK	#fuckingexhausted 841dp gledhill happy baekkie's #prettyprettyprettyplease makaenglish shajid wenyu lunchon
71	UNK	happy laugh.thanks #festies #webelievedet grimlens spaaanks birfdaiii #blameiran sruff reverberates
72	UNK	#goldrush2012 #ttmemories julliard lutes tbbt's happy hotter rt2 lovelotsss #ukhousing
73	UNK	kenyaaang #bumboys happy dags #saturdaynight leilehua 135i #usab2012 #moreday lowery
74	UNK	#deepstuff #favoritetimeoftheyear happy allyssah spiritu casil makamingaw raychelle e82 #pencitraan
75	UNK	#ftc mugni_md espair p5100xxdmh1 avengerettes #littlemixhot30 #excitementiskillingme happy oktizen we'lll
76	UNK	carden preswnt happy #heisagod #collegememories #shitschool kahta yeat daryon adyson
77	UNK	#relaxingfriday #summertings happy al9ra7a bdait kawakami #napsonnaps #dickclark liam.must #lara
78	UNK	happy headdress briton joroy twitter-heads lepard piwik tntmd erlangen q___
79	UNK	#thankyoujah happy cepat iightskin #hoopsineurope puaass #chic #atimetokill aauw #yuckyyy
80	UNK	#81degrees difrent t'werk 10:55 #penpal murd #chasertraintuesday happy 279.81 #hemakeseverythingbetter
81	UNK	#yabish #doitforthegram #airheadsconf magpa-pic hayne's ohda happy #worldscolliding 26,0 moseba
82	UNK	asim #neardeathexperience bedstead #genoto8k #bienvenidomodric #wordexplosion #novelty #coversthatdontsuck happy anti-air
83	UNK	coolster kakasawa cecite jailing irul hockey's 218.85 happy saviel Óà£
84	UNK	daebakk #bedankakung gyuitsmine happy #canthavenicethings actullay it.coz 29/60 achet esmer
85	UNK	zonniqhe thareeq #benbarnes happy bedava wouldsay fgtp thtrt dramani pulu
86	UNK	taylot #teammarco orellana frosh fluffing kan-anan doww bennie happy #teamgauges
87	UNK	bxtxh happy 51.16 7386 sng #onlyboysaloud saliva sorting pminat #comegetsome
88	UNK	insert goforth receipes thalapathy #newmahomies happy 2533 heyp 362.52 310
89	UNK	ecape happy oclock jariel d-line #8monthanniversary kbp #freakaleek incompleted hahahahahahahhaahhahaha
90	UNK	omghahaha happy 3yt yushan to.mention migrain whatthafuck #hpworld 9fna #chenustmonday
91	UNK	rabbi's read.and somee mutula #mostannoyingsongever 3726 applau holzig happy tminus
92	UNK	rehershal acul #blueorchids 1/10 ankha happy wajada #bgcb #openarms #novaprobs
93	UNK	leggys zucaritas hudak theeconomist happy #excusetodrink ffwers #bffswagg #gratefulthursday #attabe
94	UNK	oojoonsshi heidikeganminaj #brotherly cftc khichdi #canthelpitthough bowlful happy duell hellocamera
95	UNK	#omantel4g 281.16 monchel animatic milfys hekp happy molep vincentvingbing cruder
96	UNK	apex's #gams #thepack sokol √©ria #someofmyfavoritethings happy couleurs lexii #angelsandgentlemen
97	UNK	#fuckyourfeelingsfriday happy similac #tacobellprobs rockoo #seaweed #shessilly #mcflyonglee lmmmbbbooo #quinchel
98	UNK	gyol dortios 2839 #wewanttimesplitters probyn forwoon happy mailbag fauck autocad
99	UNK	zushioda 130802 happy 232.46 1015,2 relathionship #justalil #kerrang sagi's #kathwithparking5onggv
100	UNK	southasian idahoe novaaa #howtoaskagirltohomecoming happy jtr's #youfuckinup #straps yfb grve
101	UNK	#ifhy ranttt cbou #lwwymaratontelehit 351.38 happy dez's #lookfamiliar #cures mikyle
102	UNK	mameen happy #notafunday flagged mchboos #teamsnsd yerrrsss seald #safeplan #putitdownonitunes
103	UNK	happy #atributetoava encrypted #favoritetvshows trubz 11/15 #ilovejesus albaim cogumelo mullah's
104	UNK	bratatatatatatatatat peoble #ajah assnot absnya bengylandstudios happy whatapss #maaa shori
105	UNK	#bowtome hitmarkered palmistry expidition #thebetrayer alabyo me-hello nakpil happy suncheon
106	UNK	testamonial happy lyricc #oreo hixons lil'chris #chopra #todayismyday cully chodey
107	UNK	najeebah bulllshit happy houseshoes #wewantgabmaturanforasap2012 jiyeonism cokeheads blakelaw squirmin ughghg
108	UNK	bobii #thankyouvolleyball yasmeene #sisterzone cressie #imissmybestie f0llow happy landmarks 1,988
109	UNK	happy #patientleaders exodicted bxk #kibum #yeshhh #sdtcot #inkstagram exhausted.but jenaka
110	UNK	#7monthstogo 306.25 happy scalby pizza's #example twitcawn grammin #bluejaynation naabala
111	UNK	#foreverretweet happy earringss #dupont flack mr.guitarist #losingmypatience mothrs saken nag-take
112	UNK	beydler conditioners #robin twixie happy #veganhour matitira #ilovehimtoo follos yrolds
113	UNK	#getwellsoonmummykaden semicolons aokla #chandramaharajswimwear happy hobson it--i'm gardeners #freedrake #cannoli
114	UNK	mhtma catta mizzou #hillsongconfeurope mazaaa o'grady's taled happy #comealive o'ha
115	UNK	taius kernel's leyyuum telos taa-daa #busyweekend poprad shimabukuro happy #bharatbandh
116	UNK	happy #inte wallk ruko adrss seiling heckling bumchin #vibetribe 4096mb
117	UNK	feeling.the here.never briah's jomzxc butvthe foolrt maxxs happy gicel 309.61
118	UNK	happy serendipitious francsico tid mtandao austen's waktunyaa rasik larousse chibsa
119	UNK	peteyy muthaafuckaas cyberlaw #universals haaands #sorryfellas happy #voks bahahahahahhah workinnn
120	UNK	#chasingtheice poyopoyo stokked happy jairam 370.53 rwnd halfe m4mikael #bimmerchat
121	UNK	happy al7mdulilah 111.24 takeova fisk's #handboxes #spainlovesyousomuch shod #isit5yet rohtos
122	UNK	maguy saahirah happy berkswell krisdarty #nickstokes #paparabiia ohyeh soapin rebooked
123	UNK	kauravas mriang jahson derngate secoya happy ohhhmygawd 354.52 withness cmiyc
124	UNK	birthdys #pussy yoonjaelovebar heluh happy #waterpong krisy's 9ice #chummee ngemidal
125	UNK	happy cardholder 262.86 #westmesa herrreee strapped mc.quain yourself.don #tweetmusic #ellery
126	UNK	#shamanking rollerfest #quidditch wilver nakakatama us99 mosaly happy #room929 garinger's
127	UNK	naconfirm moonfest 263.03 #fiestamuzik #musically happy foosacklys sokkal #straightas #strawberrybubblegum
128	UNK	fxckinq nortee octoboy #thingsiwouldneversay muray streamingan happy mr.duck drag-queen-foam-finger #leteastplay
129	UNK	napster respawning happy #nobothered #stinkyfeet friis ayuning arwnd üçº #procastinating
130	UNK	happy claridge's heelsrt lol-oh 91601 indocf #prayfortoby √±√± oktroll earlyearly
131	UNK	aidonia's 104.13 vaminos happy bhahahaa #followmelancedeocampo caryy #powerhouse balloting complainin
132	UNK	leuit beethovenbeats geekday tune-ups happy azra #psuhoes kill's eitd canskate
133	UNK	saturdaaay 5,005 #latinbelieberslovesalaylm 229.65 you.allah efri thant happy #bdg #rimfire
134	UNK	upper-lip #fitflop #chanyeolfact taveon #unicornsarereal newstar happy wauk 9xs #thecountdowncontinues
135	UNK	venanzi tjops #usmc #addebate happy tshameka #texasherewecome chescka idealis #dipp
136	UNK	debata #thelosers phuahaha aveli happy shanes fpga #boybyenotwiththem ninkovich mnch
137	UNK	happy #aimanrahmanhandsome 299.67 rangerz #loveittoomuch reformatting chilliinnn gamein diaperbag mipcom
138	UNK	ghalib's #mhl leesh beyomd undirect shses zailani happy #nungbatapaakonausoto opo'e
139	UNK	happy harlina buck-mccarver #turnleft keplers maeee malanday go√ªt inferno's freestlye
140	UNK	laughingmy happy almet #stayinginsucks #emptytank fatbutt deshh devaluing tcats deaja
141	UNK	brotherxd 82.16 amylea happy 23p #proudmary #imtirednow leering vocalise kkurangan
142	UNK	speeded ekspres #puddin 1,63 kolkatay happy b5brch mooorn #tonsilsout yorh
143	UNK	342.51 kiddinnn #ybe atq #onemoreweekplease happy pourz imainly assquakes #buyallthatmatteronitunes
144	UNK	#cuddlesesh sanchize #bikiniseries2012 shamona #myboyz byefamily #june1st happy rhynes recovered
145	UNK	shiteberry 52.17 cofair protecter emake happy quenisha carlingford #13weeks #gryphon
146	UNK	nowun #boaring #smartmusic fogged #newspoll #awesomeview merchy happy katrel hheard
147	UNK	cloying wolfssanze happy deprime sqbidness #followwh keyah damoon krepts myanmar
148	UNK	#myboiii 07:46 slimjim italso happy onfriday marriott's 13:00- citymob #typicalman
149	UNK	120vac #ruinedeverything #pac happy 1847 workhouses today.oh #2fs dfax dasen
150	UNK	84.62 pregnantrt 231.76 olsm lydiana cr.mamiself #foreverembarrassed happy alphabeth mikayel
151	UNK	mitsakes sanzy #thingsthatmakeyougohmm whaut iilove dressen happy #therevday lies tinitira
152	UNK	#morefootball #dayzers #jft69 33-6 happy halstead dislocates #allstarteam aaace tdwp
153	UNK	maturely dyla dashin ziah's yulll carelessartist happy 5.56 13728 #premiumrush
154	UNK	#ikidyounot #everglades #lazypplproblems #flabby digaling happy seone #beenblessed gomeeen roszay
155	UNK	#porshe #teamsugar caringrt 4gain shinnanigans deneyin happy hahahahahahahahahahahahahahha bootshaus #absacurriecup
156	UNK	105.70 swaffelen ssradio wwanna happy juuso uqalile #colehamels kdv rotb
157	UNK	15mil happy by-stander tema trizzle #imsohealthy balda cakeing gabre to.change
158	UNK	#lucas vitrified hahahhhah scoreo happy chikah hehej hengs laamee mothafucka
159	UNK	micet happy jajajjajajajja preseasons soundloud #happysweetheartsday burdge cuzys conversa instanly
160	UNK	take-home #comecomecome ass-hat #paradepenpals #speaknowmemories #ogden happy teethh householder #crazylifestyle
161	UNK	tressa's nacada naibaho co-write happy frighting muhlenburg #itstoodamnhot #deathsdoor 215.96
162	UNK	2ali #doinghomework happy zadegan 23-4 sholdve strahan's goodfreakingnight seemal umunt
163	UNK	iwfs #1dinsd 14,99 x5x #voteelektrolytes happy twitchy's siffy #byebyeginger melaney
164	UNK	willlol simoni happy 221.60 #wewantmileymandyback yzes's zaah drivingg itwont cean
165	UNK	happy okull #thisoleboy #nrlsoucby xxxn invegetable #funniestmemory bolthe #mustfollowian erynight
166	UNK	durrrt echaba #boybandsforever happy iindonesia paddo #bestcustomer bitachhh ryren izuki
167	UNK	#teamstrongday happy arker spower #fridayfootball tobay ngemidal comical palmnut alrayyan
168	UNK	downsyndrome 30minss happy #malaika andme respectless #boyhands dobell shenron doublex
169	UNK	vibaya buzzmedia happy #feelinfine jam-jam madigan's ÓÄé jaimi leggho yiliang
170	UNK	ssundee #idontknowtillwhen riko-chan hallloweeen azfamily weightlifting ki-moon happy #tookitforgranted sukkaaa
171	UNK	cathie's happy ilovemylife ulyou karrinyup babyferaligator #dontgoplease #sadbitch 50ft #tim
172	UNK	sub-continent 40km yearlong tasha 36cm happy ova's mmmaybe 3358 lip-liner
173	UNK	#wafflefries #jakers infairview sainted #920905baroday #baysox #midnightredonellen #bossonflickbay happy neicy
174	UNK	1,106 makikikulitan happy 13.23 #igfood #ominous #icuday perdia captal lubyou
175	UNK	#taptaptap aboutta self-date asutralia sc7 happy offcourt banterfull 00:41 2973
176	UNK	springfielders thierry's #builduprds titmas happy #ponyo #stopandsmelltheroses ablando 287.83 ekawati
177	UNK	anglaise happy 294.29 whalecum #grownwomanstatus #jonnyboy temodemo #partaytime djee remmbrd
178	UNK	upholland 108.69 spanish-speakers #galo dispersion #colddrink #foreverellacruz adenuga happy #threesixmafia
179	UNK	kharay #omgplease #peaceloveandblessings everville #trolll happy fictionistas 60.79 #dickeating churcg
180	UNK	#palife drockgh 18the #likethatwouldhappen #nofoodforme happy aedc musis shinge stouffer
181	UNK	#drunkasaskunk #barun's #avparmy scriptette's pelepas t0h happy slytherette logs debiel
182	UNK	clough's orban gentelmans phahahaha kathniel.please ahut postboxes #dallassmith happy allhe
183	UNK	mrepek nganok 6jb happy #thoughtfulfriend proctected worse.it #makeupalready nochez dubai
184	UNK	#rx93 quitw happy prims #dillagdanai kune auguries bondy jaki #neonlove
185	UNK	kehni quboolians #g2brealize inpressive pushn happy i'been wonnnderful shenny haiyayaya
186	UNK	#shudup paington sinu-sino sketchin happy #tribfest bedias cartone #pumalife ghuat
187	UNK	#whfb #doesntinterestme kennin #eyecontact grandmom #mjshrug #ftsihc happy asonte #itisnow
188	UNK	yanzi binibitin cs6 siyoon equipmentmanufacture happy olamide's jailesci elementray pstnya
189	UNK	#gymnastlife #timegoestoofast sohhh sweete okies #seemslikeforeverago gravehhh happy #walktoschool #martinlutherking
190	UNK	lighten 9:35- yagoot kv cutiees #wearefifa14 sharktales happy 4ft10 vtdesigns
191	UNK	#disneymovie seea #valleyofthedolls hahah.you warspear attraper 6ala3t happy wakanda kimpoyfeliciano
192	UNK	enak dalila #totallylying jaylens happy gudun arounded #jamiat4education yogananda gingers
193	UNK	happy jamminq shakn lotusss suubi #cubicle #littleliars 4,801 lite-source whowill
194	UNK	sosory aurelie #lfwglam #teamkaolu complexed happy #atltochristchurch chirpin vhaa focast
195	UNK	pickwicks #earlyweekend protectively tiaw aywr #governorsisland figt happy omgaw managemnt
196	UNK	happy #1dfanficsxxx ngira #sexyasf tabahi #sadestthing viewers 217.67 follow.follow.follow ghfc
197	UNK	happy pre-engaged naquia legalizes #lookalikey porey ballu hikkk 29:9 #skorbola
198	UNK	aend #holderbbw happy decidd bingong #gates #kindeverytime #sra morsh #straighthoe
199	UNK	innitials #neverysaynever 236.48 sjalbum #porsiqueriansaber loveyouniall happy malory paasche papparazzi
200	UNK	#teen_times #tweetlikeaginger tropp stalder ne≈°to sambaaa baseet saccs happy sak's
201	UNK	#br2012 july-contest happy 3476 hazoor 70.19 #slashwrist c'in #hardtraining ellos
202	UNK	happy #inception2012 369.88 hm's #lovemynewjob #nusra #godmommytweet kacian bgl ishqk
203	UNK	happy bgirlsswaggerstight fatbum abang #catvideo heek hidez #isthatasign #imreallycrying #thatsarealfriend
204	UNK	relife favourie wvcw togederr happy hiu tuler susuot roederer whosay
205	UNK	#vivalahorde #theendisinsight #sticktoyourword happy dielus fw2013 117.43 #nominations 284.05 #mysailor
206	UNK	happry keiandre happy wising #keebroshow woreee thiia old-age 7pairs ch29
207	UNK	niptuck #ajk nstructions #summerachievement nevvahh eales happy #wildnight enormous #riskybusiness
208	UNK	mararamdaman madella #itweetislamic cavrona booys plpz nicola's meowie happy storie's
209	UNK	#ouioui non-malaysian #antoinedodson happy #tuesday's #quarterofacentury ¬ì pimpri spacco issnt
210	UNK	#mtos vandellas #overthehill cooomin lpn's caviity familiarisation happy jermey bhagguji
211	UNK	gooner 294.98 happy weymouth's nadeeyah #bestmixever #teamvanbryan #nothinnew 6308 #harperbeckham
212	UNK	siegfred #fagswag pweeeaaassseee korras sgn tomcat's happy pakistn china-made flaker
213	UNK	webtool restretching #sofrito happy letn #nannie aloette #payweekend #lrrandom4afollow #dsw
214	UNK	#cwtch wanto honeysuckles #badones unit chinksss panellist eire happy #hollowman
215	UNK	chritina magserve jdami azwani happy shucky kiee naehimdeulda #mvpstatus tadeo
216	UNK	goped 3600 #lovekevinhart 213.87 49.6 wwsdd happy #khleothomas93k indonesian's actice
217	UNK	thermobol tertindas spideyman happy #chicagoyung topone slyth 2008/09 #crazygirlprobs nf's
218	UNK	#decadeofdecay #operationgetitrightgetittight happy dv6 robling sudden kluge priscyla laburnum postsharp
219	UNK	scj happy #3w8lbooksoon palaces jarissa pentatonix's cheyanna #blunderbuss acdc #flexaggerate
220	UNK	#ss501 happy #prayinghard beautyfilled 2.5- lhe chabot 2k2 wjhk #launionsoulsurf
221	UNK	vidyas happy bays funit forgoted the_btob #fyi #britishbusiness #havefuntonight bobby's
222	UNK	wadaww bspectra #lifechallenge raimis happy #halloweenmovie sandilands #burpeechallenge #hessosmart jaydae
223	UNK	#trashtalking suz_girl yr-olds #brosisbonding 99s shiatz awesomet y107 happy tabulated
224	UNK	4773 #youknowyourearusherwhen consummation non-shitty #ripmichaeljackson girly-girl jellen #fec12 happy #lotsoffun
225	UNK	happy laers harmeet preaaaccchhh #ifihad140mil mimiachineku #fuckingbuzzing srebotnik miralles #hernigga
226	UNK	#for65milliondollars ezra's palmbeach #jonasbrotherslive happy teque fakely #helloseptember yooohh ousmane
227	UNK	20.42 ahhw taco tayjia astaghfurallah koopmans spin-on plleeeaseee happy geet
228	UNK	115.29 #hbrmgmnttip hilander #soupplease happy #dontblink #dalam #bosley #followjulialikers yaileen
229	UNK	#blessedbeyondmeasures strongx 2jzgte #utc epilate #istilldontunderstand happy #wewillalwayslove1d teff fassa
230	UNK	#vaccines asfand hungri #garudaindonesia #hesminenow #retweed happy pagpila #jojjaiwillstay #amare
231	UNK	#newboybandfromlondonenglandit them.even paralyzer wamego tionnas #amazingdayy alvls ufton happy differencert
232	UNK	happy leith gamify pulci rastaaa #notokaywithit 39-6 sbfc #wheelin 44f
233	UNK	tagulan boxed-out delacorte febre happy fat-burningiest 99.58 pchi niqqz assiiinn
234	UNK	shelmar muthafuckass #daebak ohohhh #hoodlums 853rd happy sokat bgus printouts
235	UNK	#presentsplease #fulleffect 08564321968 #lolloveyou happy tender's yavasia namsan #theyregrowingup #imtryingtosleep
236	UNK	happy #moistmonday fallingdown 2864 226.77 hilariousity honayy fan-party #youreawkward lebanonnn
237	UNK	jz2 saisons papouli's happy #symtpoms teetering #sorrytoselfpromote üìÜ monopoly penryn
238	UNK	#opxpress #tweetyourworstfear dilraju happy #missthemtimes kadavul #kingoftheworld #stupidperson #welovegays #chisora
239	UNK	#bruisesgalore ajith's usens knee's happy shottys pratunam jaln 32:4 #englandwomen
240	UNK	in8th keedding kuad #konserkisahromantisccciii happy fanatism #cheesysmile antonija pelarian chill-pill
241	UNK	semarah happy #bsideslv 39.8 sailll nevahh suuq lavanya roide folley
242	UNK	286.68 #alsharpton bonet jugare happy sabrinatics 98.49 #k5j vikazza #perfectbaby
243	UNK	hcms apex-predator #mommysboy lmgaooo freakz happy w-e mothaafuckas danken schwartzberg
244	UNK	twk happy #kezia #mtd rnot saddott #elftalks dongsaeng's 6,11 cundeez
245	UNK	usog #lestruggle happy #xfactorbchannel neelo plim ‚á† tnt's tbffs u-swirl
246	UNK	gbj bus.and momeh auigsmiles bestmate thanksbabe #rockymountainshowdown happy allanis #rascals
247	UNK	grobanite #grannylife keycoke #throwbackfriday #futuretv michaley softe happy iyoman laaavely
248	UNK	miraaa fansmeet upcmg raynie happy 5.38 foxie_lee #unsaidthings choffin girrrlies
249	UNK	#youregreat nasasaktan 2/13 nizlopi mandated #poorcharlie #ianlien #putasmileonyourface happy eshya
