0	UNK	scoopies ugg not #rightmindset smurfberries bolaa #brake pebbled #bathfreshers #gleeksonly
1	UNK	ithy not sunlight.rt youra #shesgonnaloveit 3:06 #ade13 #hatetheweather satallite solberg
2	UNK	sinksculptured ching mundiya not ahalol kaadhu #orifollowspree go-getta my.fone lemoncello
3	UNK	mclane peterboat offand amour wyndhams not #vscocam in'da cimi flopp
4	UNK	greatlove mutherfucka #superjel #snapsforme downthere mathilda's #lbconbgmt not teaarsss dec-jan
5	UNK	#missingmom xdefinition #kemanitweet moomaw bokamal putet not valsecchi nxtwk hapiii
6	UNK	#idliketopinchsivascheekbonesbecause 331.25 d4w batrisyia propain worldz melted garapan not mybighead
7	UNK	milshakes stechford #jhabeaisstilljhabea high-intensity #teamjamie #littlemilk foking myung's not galva
8	UNK	#dynamomagicianimpossible #foodmakesmehappy #not12 happyeidmubarak cum-shot nyanyanyan #sarcasum not miraj #rajarani
9	UNK	alltymers not diiip 2mae suckkkaaa startid #kidschoiceawards gbuabundantly #moodruined #exgirlfrienddbelike
10	UNK	ruky #driveinmovie #cee sammerz #ifeelyucky loverman loesoe not keibuan #imagineubc
11	UNK	ntombazana #ghettoramennoodleflavors #thatbitch not cross-site 20ib uztadzah 95.07 beset erikka
12	UNK	moni's mangrove twintania promosi fe 8x42 not mothaeffin toated glits
13	UNK	hiong #longneck 329.22 snx uess not #bigbangwings #longasmybitchesloveme ghetting chulaa
14	UNK	#ilovebsb toomee conwy lv0 aawwwh mfkaas not #dramafilled unweighted magaalala
15	UNK	vmware tmf anindita not #myfriendsareawesome #believetourbus #shits thinnkin 264.45 #matricproblems
16	UNK	corrector noesy #marvingaye xx298 planeto wopin not realliie senece 5,400
17	UNK	depraved #happyjake #redsmafia ozinefest shanzi not xoxxxox reeefiiilll namotivate 12/11
18	UNK	agri #ispitonyourgrave 18cm niklas kourtneyk #huskyfootball nooxd son-of-a-bitch not #rhlaw
19	UNK	#technika3 ellsburry not #tintinpremierelive #mohammad #whataride #20legend widduh sorachi 09276622022
20	UNK	#goddoeswonders boyyou upcuming zabava not fleamarket gnon ba3ref fator clark's
21	UNK	#123987 #mexicolovesfredo #softshit nggok burich not yammii oyelowo kerekes blackest
22	UNK	tanx memmood pay'n #riptwerk straightened twominism not #uberbeat hereditary ruberto
23	UNK	engglish hahahjaha locanda #aussieslovelp nkikinig potterfest rosendo's ganet not #fishwithattitude
24	UNK	quincera vinita mood-lifter lt540g jessenias yashe semi-scary 4ay not indianettes
25	UNK	elekktra 280.31 6:11- wonderfool 5269 mahonefansclub spicegirl not klsnya sunspot
26	UNK	#happybirthdayaustin not #whenauglypersonfollowsme kasukma #ozeri weiqin san-san yeeaaars hiyang #ytdc
27	UNK	bestftiends speechfest regg #15millionbeliebers #mizunorunning #april26 shiralee not fordsburg lentes
28	UNK	hashana #theheatison #100thingsaboutmygirlfriend macflurry livewhilewereyoung not snully #webelieve 000reasons slutly
29	UNK	#thankindamanupstairs custom-built chantice orissa #goingtobebroke not rhymebook bandwagoner fieeld craiced
30	UNK	baboso kinesio 4250 lulama _yeism kgr spkn not ruthpayne of4
31	UNK	grandpop's gaduwe #thatsalligottasay percepti #bagsonbagsonbags insulti lanky firstlovee not #kocak
32	UNK	esleep #youvegotthatonething althorp not #fuckwrongwithyou #collegiate shutit #itstooearly dwbi olypmic
33	UNK	not 58.44 #4n gutsiest contries #tinathetalkingtummy #tbird exactally 1o2 definetley
34	UNK	almudena gahahaa triangulo hpie mutch #andpretty not goodiie makasagot #webadumad
35	UNK	#lemonade #youngnigga altern osya yachbiebs skipsea maayyynn keyunna not alayne
36	UNK	#oneofthosemoods vegnews #tourettesguy #thingsthatarenotokay alona old-girl not gyeahhh repeted n2k
37	UNK	fatsooo 71.27 not #sonofab fugi's lawlorff jamessy kerina free-runs diatance
38	UNK	mytwitter #getangry #spin10381d #iaintready boyzone adiktus not outreaching staryaki dairanger
39	UNK	284.93 #ncarolina not sa3t wirelessly #pal gentlelookz #guilttrip andm calm-o-matic
40	UNK	#heatseakers wryterz not 235.83 #laced moree untidiness two-strand prodctive #jamesbarrplayaatw
41	UNK	hdpic reallyyy cuciin sebk #lold #dragmetohell 293.84 ang-moh not creeperr
42	UNK	#im2cute bendover not #yourmybff #straightbullshit manipulate #sparky haenim 05:00 instapost
43	UNK	#coolfaces 0rts krishanna sender barbee #dontknowwhatitis #randomthoughs 393.27 not #thingsiwishwerequikr
44	UNK	waau logica kush_josh klines #moneyiseverything not #shesmyidol #studentnight isswaag prosume
45	UNK	3626472 not ulrich's 29yrs #shineemusicbank hamtramack #teambryant 472 313.58 artan
46	UNK	not ketlin #stuntingprobs granson kupu #bump1dfirstandfree wjd #happpybirthdaybeautifuldemi #babyplease iydeh
47	UNK	#fronteers12 poshly #studyguide pakadge womby him.real mon-wed ncrunch not wondful
48	UNK	callia not snurk oh_u_dlo olraitt 384.07 haaaba bittieless laccin slippier
49	UNK	#youknowhowido marrey #iwontgiveup jlz not #goodsuprise mnood #wral yozz #someonemissesme
50	UNK	beties not tanaka burgundy #shessoawesome aqaiin kyuhyunsj_pre matbe ageuk #antmusic
51	UNK	4ab #thatboyjeremihmerkedit not muito dezeree #naturalhealth #lovebatman amazming yiipii #darkmornings
52	UNK	ideaaas ex-lover not th_hottness daneisha's #vinescope godliness #cbcns intan mrs.nice
53	UNK	#savemefrommyself zios maturnuwun not hairpins olredy drubnk immagini yewonkyu htr
54	UNK	iecepers cpted homcomin #makes emoojis #eatsmorefun not alienation 120:1 ppost
55	UNK	not 68f mosttt 22t jajajajaajja jaehda ddang wyck 2pair remitting
56	UNK	fxr nag-free #whodeynation not itill gladlycast vj3 #ngf pawatch adida
57	UNK	#samlos #ilovehawaii gadly pelvic not #iwanttosee hi.pls 1831 #getsleazy #tweetliketrey
58	UNK	not defition janoskians-skip hartzy #riptalia donne #madrichalert #getagrip tymirra snaaappp
59	UNK	gotchya awesome.how mimie not #aliyamustafina jackfruits tomohon yolio punjab outsidert
60	UNK	bindi's #yougivemehope hanadan #lifeatsea elsy's eonnie-ya not 7lbs #msnbc seriki
61	UNK	#nashgrier asxhole eluding #wanttogethome bitcges #loveoldpeople not #pttp ke'mond #trancetonic
62	UNK	siemers goleli not #interrogation tosometimes 231.98 #liesontwitter #wineandsausage bedhom #blacksmoke
63	UNK	#birthdaytweets xd280u not #fingers seeeat suckkker #saturdaynightfun 1022.0 zeenath wiiinnneee
64	UNK	quitte #shotout #bestfriendrightthere echtwel kleenexes luckyd not #zupas tee_reena inconsistent
65	UNK	xw unprotect #frentecomun heima x957 not anqie binitin zunino #timmy
66	UNK	not #gamescom2013 #mangu shelty you-are-beautiful-yeah finetuning #newwords farigh sabido #storyofmylifefolowsprees
67	UNK	ohmaga putriiilola lyndell not gertrud derose yesterday.made bhais throwinng timido
68	UNK	not tgbian faez miserables redondos z15 stroem esist #weirdhowthingschange asmaaa
69	UNK	whoho #chlorella kirstie's 338.34 not tiguan funtaj kibbee rearlly #inkbykali
70	UNK	lobelobe oreganos #mhfc chirpers guasave not #handlethat pixle #luckydip dan't
71	UNK	#happybirthdaybro rathdrum muinch withha boje graffix ja'meria not maryclaire #kloveyou
72	UNK	not weby shariya ubek #nobuenos #arianacometobelgiumandlatvia sdfc malalanding aerialist #thatwillgetyouhurt
73	UNK	#bigbelievers #hizbuttahrir simnacher 90fm jhabeaforever askrebecca not waazzzaaa fedics eress
74	UNK	#cuzimquirky tele-summit schlager #gigglez #onlyinjapan knocke not off.all hjer #tfcinnz
75	UNK	wheth 2,029 liteway pinlay mareanna not manifested parodied 13767839 adacia
76	UNK	#tukkaafitt healthyish pagrt #strippershouseparty swer not kingsland minnndd at0uch_0fjaz gearheads
77	UNK	mckenton not #fawk #contagioussmile #couldntgiveafuck nwcc venzon 205.51 #feelingdevious repo's
78	UNK	xx183 #barz boomphones slandered doonies #dedicatedfollower amaizeing not rmaooo anderson
79	UNK	#cheekybastard wellnes #denverdebate #sitbyme mathlan 2bf not certo yogapants zonghan
80	UNK	finnaaalllyyy not pagiku c-span lashari popularize 203.90 dubuque #raonic verga
81	UNK	swould #lawsonryantakeoverme elimde not mindys wc2014 protandim #swaggless uptempo's #merrrp
82	UNK	uprooted #teamcolombian not makeen pense pitballs sanatorium lenos #beverlyhillscop yko
83	UNK	#realhousewivesoforangecounty intived #theylovedit behrend liasing borgy badawy 101.65 not yokes
84	UNK	lisab baginc powly #wwegames subang's prayered not erbody's carbaugh #mbmemories
85	UNK	myname_eyulaa ta3ly #b105brisbane #ajithnet #gamegrumps #ilubyou 88cash #toyotalove not #lennar
86	UNK	ba9 celbrities bhajan not quadfeeds caing 94.3 #arkansasprobs skhael #whenyourgone
87	UNK	firawity #damnproud schitterend not #looovethem rsnail yocelyne rainelle #biggesttubianever #beingshortsucks
88	UNK	not blake louis.hope trainning #soembarassed #therev 9-1556- moviesxd laterxx #embarrassedmuch
89	UNK	feeliiing not #newadventures kitpvp #michaeljackson #ilovethatwoman #yaaaooo vishwa #damnmothernature dency
90	UNK	not kunh intrenet haze sat.day wouldmeana mahdoum #jayjuly #csf country.xd
91	UNK	#ifmsa #gwaf 244.51 #followmegab not #someonebringmefood #wakestock 1486 #ausvssa f.ed
92	UNK	gg_khyoyeon come'n #versagram 9ish not #indonesianenchancersfeelsorry #wheresmycuddlebuddy photoboy #titleix 501st
93	UNK	ddeokboki shahrizal ahhaahahaha intraoral katiria #rapgod #bottomlipout vawn not eague
94	UNK	sayaa birds-eye kiyotake not fortunato gns altoya #remember 18/2013 #hatealevels
95	UNK	ngekost lyoko #filmsaboutbiscuits benihanas uooh jaicee not #stayupwithme #shaycarl #alexda
96	UNK	supermama 800/400 maiinggit #boneshead 11-730 meattt meeeyyy yha not #sebabtwitter
97	UNK	hooboy ivote vice-presidents swamp meedee drencheddd #electricshock5thwin not stfmutia #parkpride
98	UNK	accordionist jetlag not bukz #goldontheceiling #trumbull heart.love lambot jpnse #lifeofamexican
99	UNK	4,650 paolini tomorrow.rt cloest srapan not kolisi bruun bt6l3 4897
100	UNK	nasakto cavehill #thedailysurvey #timelinedawah #mygurl not wrongz #feelingoptimistic speedpaint rivvver
101	UNK	weapons-grade ..  . sorraay #mfm2013 not tilar #bathhouse #bitchimightbe #favoritethingstodo #summerjobprobs
102	UNK	#whyis not yyaaahhh #votetwreality #lynninemsubscribercontest go.look #inneedofaholiday helwig #itchyasfuck #memeo
103	UNK	zha bbts re-woke #k1drauhl #spx3 #wedchallenge happen.its not #hewillloveit #happybirthdayfromitaly
104	UNK	aiment turnkey #ourjourneystartshere #auburnsucks cerz hippocampal macauley not uwuw krooks
105	UNK	#chuckost pinching #luke1mfollowspree #igo1d not advncd 4breakfast #mypray tnse #hurrr
106	UNK	ohhay arjhay halloow not #notupset infamouskmarie #ganggang chilleng foolowers suaa
107	UNK	dhoodh #wakacrushwednesday #seeyouintwoweeks #litfest not stawhp #mixtapemonopoly #respectfully stanwix yasir
108	UNK	just-i #ghettovoice snigdha pelter thankchuuu #reallyinspiringpeopleakaonedirection beabinene tevins not grinds
109	UNK	fedex's though.that noussa #after10years hyya webscape pinch-hitter not #raymond #perfectfeet
110	UNK	#shitbestfriendsdo 4/8 #kmsl #spanishboys not #scrumdiddlyumptious #toteskidding #bbloggerpost #fillinthegap wingers
111	UNK	acci dipermudahkn epep beece twitterim not #ripgrandpa alleyway nsima codon
112	UNK	#ymcmp #stillgotmymoney #almostwrecked #expelliarmus shewmake not indofutsal #stallionnation nakapanood hezel
113	UNK	19:37 #egoboost #dualisma not #10followersthatiwouldliketomeet #revealedfamily oeuvres menzionami daruga rngdancers
114	UNK	y3rfoon not surry's sumra ardrey aw-aw four-digit #toc ratito hinksey
115	UNK	not 123.21 #mylifeisincomplete socialblade #marvellouscreations avvi man'z 86.50 cwistie #clapsforme
116	UNK	mag-exercise makasihrt nadeah #onlyinmiami fraley 21:59 #shouldhavestayedhome not pweesh #koshertwitterparty
117	UNK	festiva discerned not naanum f.qk gayau xx16 zuperr wus delist
118	UNK	ohohohh sanza_t bohy 298.59 forreealll anich cirillo not #gca #igsg
119	UNK	kickfest tepache #hangoverssuck mwuahahaha #siswim not #nudies stonedd delinquent bffne
120	UNK	ºc #cotf sex-themed abox not #ohyeaa tyyype pyn #allherfault #teamshelly
121	UNK	lc2322me 6513 not calaruega agree.we bzday henock #carsex haitianboyent chascolee
122	UNK	not simbu _10101 jhonnys dumty thorougly #skipsfollowspree doley oic lse
123	UNK	#themed not nettleham #woohoomexicocity sangkar phillis gonzalo's tiannaaa shabbot millionnaire
124	UNK	9099 strathroy 122nd not #youguysarethegreatest #wantstobeme nbca sophomore's paise vaehs
125	UNK	not #thevoicephbattles #goodluckme jamarques y6 twitaah ioknow plaj oshiomole #crazyoldman
126	UNK	#sexypic tvis #girlsknoweverything #islammademerealise not #fuckingfriday ficking #trustbjp #kittle gtb
127	UNK	teamme s5600 uuggghh #takingiteasy #itv2freshers quaan dumbass's 7yearsofthehighroad not doolde-y
128	UNK	#tweettoyourex co-winners not carsington neighbores #keepwell wingstops zygomaticus linebaugh #hyena
129	UNK	ilinois hirsi teira jimll 1,260 thaniah outburn #cleverbitch not oh.thank
130	UNK	#mileyminion #fanmade #ilovemypitbull emlee arte's not x1403 chit-chats jodzz #okgist
131	UNK	not beverley #perfecthusband roflouch #microwavablebitches osaka malmaison 24m causeof 2.92
132	UNK	#feelcrap mygaaad bretney romaire stripshow #shouldn't #onedirectiontolebanon not #somuchinlove 62p
133	UNK	#kam58daysleft na-wally hasssle angkong's #procrasination not wasbut boodie mabbs 14teen
134	UNK	#absolutvodka lauterdale platinumrauhl not teddybeardoctors basmala kooker tumambling strow popemobile
135	UNK	#thefaculty #chloroform newville #somethingyouforgot anahi's #eritrea #todeath 247.72 not donnice
136	UNK	41-50 not uplb's #preakness vaule 7o6 #mightbelate reggiee ifaf keziaa
137	UNK	#bellabootcamp verdad good.for not reinaldo drjah luckyman #yeeeuh it'a fatima's
138	UNK	thoyght #flipkart bryaaan toce toecin #happybirthdaymotherflint #greyhair #freenione not bertutup
139	UNK	paletta not cimaron kyrstal pmbyrn sonjas #youshouldbejealous 216.56 stags xvid-ind
140	UNK	wapp not federistas krazzzyyy bigfat #betterthingsinlife gitlab faaakin glossydots #deliciousdesserts
141	UNK	dosas katherina not pstars #germband bronbron #beautifuleyes boothroyd f-a-n ghywapark
142	UNK	#justin2followaaroosa_m #igerscebu #slc not #tge r108 sharaba #stunnas azmodan ihand
143	UNK	#hungrygirls 2289 kainai touhed crippie not throoo kyky burn #itakeitallback
144	UNK	music.it #slamcam quinine this.lol yeeeaaap boout amortentia_ari not #whateverworldtourproblems glamer
145	UNK	carylon requests.thanks lmaaaoo mneb _ohcarrie not pedito cool.well #hurryupwednesday karminmusic
146	UNK	redraws #notconplaining piwe bellomy not ivb forgve #bluesquiz parody #oustillsucks
147	UNK	gummo 5x5rts c44 filums not kimkardashian's yyo #labrats #justinhaspanamafever #thatwasus
148	UNK	awkz #wellalright not dindin biosphere daemon lucimarian msfg #dukhi the_gangz
149	UNK	lijy unffs milquetoast #britneyfan not nzonzi chapman's ceram hagar z-money
150	UNK	knighter banguunn sonnench toyia 71.39 #ireallyhate #kopdar #amazonus not eyimba
151	UNK	ms20 8.14 puyi avge abott #justhadtoo #itsgonnarain mutluyum not scuse
152	UNK	beaky labtob jarb sweeple 101.29 #whatsyourstory not dhtc ullynatics hundun
153	UNK	drypers not debdale #babybootcamp criznyee followmemorexd bandwagoning #dctweetup 03136681171 #bepolite
154	UNK	seexxxy feeelingsss not 370.35 hajaha 991 #godsons #thomasjefferson 32.3 masterimage
155	UNK	not bumagsak kerriann efficiently wine-time careying #seeds #2ndtimelucky vma'd murther
156	UNK	by___ #egyptvsghana kobalt #partyweek not richlue birthday.lol #needaholiday #prayeranswered yiran
157	UNK	250.07 #adamdevine 215.42 not pecaut teamspeak #needtogoshopping scrc #shoutoutmoakoilovebobong epispde
158	UNK	cyruses fortified 16500th mayreharm jhea pre-algebra not cowherd vladmir aleek
159	UNK	useem musikat #iwashungry dreamlight magbubukas tweetfyt perves not #wrongorder #airbnbhv
160	UNK	#feelinrebellious #bandpractice lunchmeat #winanipad 81.39 #bestbestbest #sexiestmenalive not #strawberrys #prayforchris
161	UNK	not cubbing misswd myeondong #alcoholproblems rikka imesage #cancionesquejamasdejaredeescuchar #iwillnevergiveup tyypesa
162	UNK	dunnit not milhouse's #retwitt #talkingbad attemtp unpopular #kellielynne fertil fkin
163	UNK	21century minbunny #smellsnasty not #ripbelieberyadhu mapait #afcvssfc erathing #letmestay gazza
164	UNK	freshass cazmo #imcwf lallys #yesmemory mothaafuckkaa dymun robthomas not masterjinki
165	UNK	not #kettlebells #nextlevelradiocaribbean iteaopeningitparkcebu lambing halucinating 36-9 #hardnipples #kdshamrock billiken
166	UNK	not fuzzzy foremost mexiacan ncny meant no-confidence completelyy nalaik lustrum
167	UNK	u9s capek #premo meih #pru13 re___ wepre yeaaarr not #frickparkmarket
168	UNK	bwut #feelingbroke backwarts #replacea1dsongwithsanta itemization j.r.r.tolkien #uptipp #tebainshams not #whatdoese3say
169	UNK	pigheaded honorroll not #somethingyoumaynotknowaboutme #gethim #prp3 salsiccia #lovelips #harris #pantysoup
170	UNK	#awesomethingoftheday dap's hand-beaded #proudlily #keepingitcute leaped shuky fagger not #dns
171	UNK	crasht 5mes steyning mabahu not yenchann confie piak hahhahaahha #dubaiwants1d
172	UNK	divineforshowtimehurado #iloveblackpeople stylez #peopleicantdislike yonnie cursillo depressed #mostloved not tambieen
173	UNK	#atthesamedametime not geon grasso #ipink imbalance #intheairtonight #celica hiri m6wl
174	UNK	not fool.lol #smashingconf 86.41 woodchester landreth zimboo #teamgetmoney #crazybestfriends 19:44
175	UNK	not #chigsby sumfah #notsad knowwss fanmilk sixx keabisan 266.86 24x7
176	UNK	ricksha #ourplace uncoo not duirng #flockanoon ivri stovall's #rhythmoflove88 ratko
177	UNK	yunsi juskoo tiuseco yaeahh not super-glad #paterson apahal neutrals checkers
178	UNK	not #slumpcity 0dtikkpx1ko huhuness #reginevelasqueznewalbumcomingsoon #allaboutmariah beeingg itsjesswtf stoken poncho's
179	UNK	x701 #itsagoodthing urgenly #weareteamdave eryca not #bumanniversarysale fuckeerrr malesh aseeek
180	UNK	ogura-san #rewash not weaaa #prayforchainyjustinschain #dontevenbother chik'n #thehouse tattman kedondong
181	UNK	legions not scenesnya yaih #darrell #ioslove kabarkadas #tweetlikeanafrican torrmow felizz
182	UNK	not you.play #liamweresorryforbitchassniggasinthisfandomwholiketoputadamperonyourvibewerenotalllikethatwejustlikefoodandboybandsweloveyouliam supah amathambo sunshine.soml #worethefuckout nstp schezuan sasapakin
183	UNK	#tonyrocha not figaros #bhamgathering #luansantana #2fs carryn 4ny #teamfuckyeah lllooonnnggg
184	UNK	baapre #iaedfuture pelukcium starsdance juniorhigh gabrielita milliondollarband not smile.have aroush
185	UNK	63.44 1yard #wantitsobad daiss jsmoove flye sheklo #5peopleilove not shinned
186	UNK	#sofitting l1b4 me2 #slgtdrsgtfunl enir_olaa not half-new 333.20 #jedwardreplyok alari'a
187	UNK	msdarcel #livinthatlife #makemommaproud anfld kulu falsifies fanz wkwkwkwkwkwkwkkw not princetinn
188	UNK	ndasa la_azi joondalup #aug30th #cthu #tnaukfanparty not #mensstyle booysen #trancethursdays
189	UNK	#alkibeach ice'cream arieal #wyatt not hilmer over.but #keya #happyallthetime pagari
190	UNK	stampd not jugada tú fitfully muchito #srsisshit huggghhh #goodluckbaylee #2yearsofhottn
191	UNK	nume #horriblecreatures duvet's sister.lol nanaw meneo #andcounting bristly not monhoe
192	UNK	#hateuniwork pinoypride #cooperstown susunduin #asklouis searchhh not #happy38thmaynardplant youuu makabili
193	UNK	monday-like darnesha #rother tulus not medison #boolovin #theymatter crumps staver
194	UNK	#nikkigil 09175163318 not #longlegprobz cheeseburg jaleec filmic it.te 44:23 justys
195	UNK	fightening tugboat kileys #angryme l7amdillah 69-68 not #sie  brewery
196	UNK	#lovingvacation jeymi not yyeeeaa #newmarket #tubiansonellen busted's #jackvidgennumber1 iam_adetolani conflating
197	UNK	#kustar #rrq88 lavene twittaahh #albumtour smelliot not 79.61 1803-1882 #cleanair
198	UNK	alyzia spiderlite nah-ah caitee not #asskissers ochoas #handog2013 scramjet pleasepleasepleasepleasepleasepleasepleasepleaseplease
199	UNK	siphon #bitcheslovesosa thtupid not #freeship bymyself 5.53 no.better berroca elpidio
200	UNK	samlekom wuuuvs 2012-08- jugz flagbearers kakyan not podrian medes #sammisweetheart
201	UNK	kameen horroble #hookup cirambay yagmur not godzi manginggit tomorrow.xx themazingerszink
202	UNK	#gmd3eek dinko donghwa's sunjunkie #mamasbaby gregoryarlt mrlong suene not #needsfriends
203	UNK	beautufull 6,850 somethingrt #mixermagnets not faccking #funniestguy placebos assatta big'o
204	UNK	#thanksjulie afluxd avacados bias's not #wedowhatwewant up--i keyholes halsy constructi
205	UNK	istalkfashion not ruslip la'nigga #illcutyou #teamreem disliking 07am 222.92 ýou
206	UNK	#everythingnew hammok #hitsradio morris everyione not 1630 3ajeebaa palanay s0resouls
207	UNK	mentons dolp huter not rmb-ed zzo swartout boor thankyou.xx pfone
208	UNK	gagan gakngerti #wiredwomen #verlander vag #missingmyroomie #sovereign laque not #notreadytosaybye
209	UNK	harvell 50sold #overlook #puddle not azeroth #twitterangelus up-er #oths9 sysy
210	UNK	#unfollowspree #bringingit #sweatingitout not picaa cossies #thankspop ngbls stankdaddy jilene
211	UNK	jmeel #bestemployees chocolateyness dirgahayu #banglore gellis not onhh webdesigners craptacular
212	UNK	247 bestestestestestest jamaun zita's olar bawaannya nbcs not cookieee pabaliut
213	UNK	chayze not #threebestfriendsanyonecouldhave hule #hellaweak samajh verry #urban roachs #23reasonswhyiloveloganhenderson
214	UNK	2,8 analicia schmoes raeshaun yvp not maine #marianne mancano 40euros
215	UNK	kayland vegatarian not #uco #twitterlesssara gnet #theblackparade kyubabycute #theartistsway #fftc
216	UNK	#demandingmuch aa_gdbigbang anangel tomorrow.she not cawsin #londongrandprix #thankyaverymuch junior's #misamis
217	UNK	not thiiickkk cask buod #theapprenticeuk #cranky ip0dg35 #mikelife #cardiffhalf 5934508
218	UNK	#growl8thwin stewwwpid not clarette hooohh rollorcoaster aisheh #somanyofthem boopie diine
219	UNK	#callmeohemgeeann famliar tishana not joggg bandingkan soundlcoud redistributes disambung #backspotprobs
220	UNK	mannual sainbury's courthouse not kubur 5998 haoy gandapur #20yearsstrong tswifty
221	UNK	man-size mixon 23y #tokibum not didgits #messilla #thatvampcray assback balzacs
222	UNK	not w7hp rutherfords #clevverfeed makampante meilan #disneyforever bibliophile jokingly #ingrade7
223	UNK	ergon #wretchedanddivine penpen's #middleschoolsucks #hungrylife kenyada not blessing.dont #linwood #mydiet
224	UNK	doublemint 17:16 microblog not #martinmacneill loouuud 3.5+ #dannyphantom dishpan baggins
225	UNK	pssp cfer keyonie bingen josshh not addam olina #whattha 12-50
226	UNK	burie sometimeees cherly's not mosterest non-alcholic #dry #1618 #philippineswantswwa2014tour nezbit
227	UNK	thanyaaa friedenberg elffairy brensten #bunks hernaldo #carrebears pac-sun not pakiramdaman
228	UNK	302.58 gadaa not wearer's ingglis yougurts #driveon rikard zooeydeschanel #notwinteryet
229	UNK	#chioproblems not #gottobelieve9thenchantingnight #notphotogenic #teamwest #cooty #yourheridol rento sushanpantouw #vgma
230	UNK	canusa not adventuros #peace4all 38.7 bekus wellc preferance sabaaw mager
231	UNK	syck emblemer ardd sells not #onethingiwouldneverdo #barcavsceltic #sherocks mubarakbad khsus
232	UNK	#iwillalwaysremember 221.14 awlll t0tally #mindtrek 9930 nggga go.sorry not #chaunceyscrew
233	UNK	#boreoffwork tameesha photocard #atthemoment vender #thelionking byat not #losther #teammindlessuk
234	UNK	burglaries mentakab elco hello.will #90spopquiz anexo sngaja not ksal #dgc
235	UNK	#godflow pribahasa ratatatata my.vid tristar oceanographer exo'stan not bussit english-tagalog
236	UNK	#countryfolk 340.04 determend 7.25 daintiness tictac not iiidddkkk #nitey hwss
237	UNK	#elliotyamin shusht again-and sunrisers not 8001th ever.cant foir payan #krod
238	UNK	carrement #unep ooby story-time bngay diisx 266.43 not sharp-dressed #isitworking
239	UNK	#blameniall not leht se-jabodetabek mommytime tweet.can _0_ pierina compositing twutter
240	UNK	boobhead danal modlife not tmhre cikiyorum out.he divil lostt dhischiq_dope
241	UNK	reebok #italiandirection bacany advice.you areana santolo eecckk whooaa not #shook
242	UNK	looke lockd phrasing kucrit #louisianalove i.love not trevante hrtbrkn #arcadegames
243	UNK	#be2012 #sydneysnapshotsaturday disarmed zj's farwa #funnyfeeling not #couldntgiveashit astakyu #stickheads
244	UNK	#peoplearesonice xahido şimdide 102.42 wwhos applicators #freakystuff not 7lween busogg
245	UNK	oudh #ifihadadickforaday gleisy #missyatoo dibben #spawn moccs not #happybirthdayolivezaratefromvgpc verner
246	UNK	acchi jedify #ilovejordan frameless gryffindor akeredolu #beadlesbabe pschool not folowers
247	UNK	cuaght not 048r 3.50- #hurdles 11-130 ckhill brazar mayze garaby
248	UNK	choc.chip repito not #happybirthdaydemifromlovatics #omgrobots ddun r7 tookkk lol.imma #happyfuckingbirthday
249	UNK	asapboyfriendz a5f hovito #reef 240.78 wishyouallthebest mole-rat not #itaintthatsweet ajust
