0	UNK	#sbspopasia xoxoxx keilana 60,895 wesssuuup #elmo #davai death shutuupp #ferrero
1	UNK	death #biglexi talan's megzycutey usernane heavyy #devians shitg turbotest eatpussylivehappy
2	UNK	bakitt #lobster #nowstfu death #mansionfridays yazeen any-day gordis #gwtw pihi
3	UNK	#voicequiz #returnofblackadder away.xd #okurrt pugay sercice myself.one #pac_mt death ifferent
4	UNK	7.36 postare newscaster death escarpment prettycool k-roc #newbeat #louisianabound 27hd
5	UNK	appendages w7shni death ninik kazaure #stupidchair yaniii mcolls germanic milaina
6	UNK	death tauge bedz #kdchi pentastick 84.43 yaselfs #screwenglish be-u-tiful jibang
7	UNK	#testme notoced ex-bestfriend death #mustresist #whatadrag #1bighappyfamily 343.51 boudreaux's booored
8	UNK	death cereus grinndd spadoni #cavityfree 128th 30sum enertaining teafarm sapori
9	UNK	30countdown scaryass ampotah jalepeno tbeenh death dorling textspeak sercret picik
10	UNK	selambe #flag #senditback einson #gotupearly #kingoftherock death chinky rackel electrolyte
11	UNK	question-answer #happybirthdaymax death shouotout vwd jazzii #nkininwatty tut-tut maligalig carrige
12	UNK	silda death munchd spical #gophilly aaagess #teampancake #girlinneed üëª sameerah
13	UNK	mz_ibiade #celebrating bohloko 22mph uress t'wud √•l pettus death ishes
14	UNK	cine's asumme death convienence rowallan zellars #bigdayahead jakira's #socialmediakingwakaflockafollowback √©tico
15	UNK	tuesdate death #kahitpusoymasugatan you.please/ #superidol walkingtalking hickling #ineedavaca #summerseason cimducks
16	UNK	goonerettes #siue16 xinyi #costaricanrusher #geogeujworldfollowme whooshed ritiesh death krashen sauud
17	UNK	#imakenosense cyc studness twyon bortday coursexd meeing death warred holluh
18	UNK	recomendo #damnitstrue marneka jrio death pitfan twitter.so #thinkofyou classroom love.live.laugh
19	UNK	prettynasty _0322 #pminac amaun gazeboys 257.84 #oinow #turtlefamily death #modjam
20	UNK	tappout turron #omgdead errbodyyy death represent jajajajajajjajaja allnyt #fcg 20313
21	UNK	look-aid death raaa #macbarbie07giveawa #thewombats anww #goodbyehutch 7274957 #encouragemnet 400ml
22	UNK	xiang's witra shaunys annecurtis unhealthyyy death ceewee admiin lovey diamir
23	UNK	sheeja watchful death r'b charm's sillybilly #grayduation08 6mths jdogg presse
24	UNK	263.87 #chuckiecheese #phucket #winwithhsamuel death restudy efrebor happyfeet cayuuteee bunchh
25	UNK	wides dollarama un-nervous welcomzzz awkk death vergessen #yardsellr rehndey #479
26	UNK	qualche #winphan bawn #shiseido death lanz #themostbeautiful niiee tacita maser
27	UNK	#troublemancomingsoon death gammme bigwood gentlemen-i kylea #internationala7xday australopithecus porkchach #byealed
28	UNK	death abreviated m16s madekwe #retweetplease jaoquin sbo #yeast #michiganpride #chasingmavericks
29	UNK	hmphm alwaaayyys #useyourfollowerstwitternameinasentence varsitys #fumble #middleeastwants1dtour loyal serina death hurrem
30	UNK	#contra #noah1styear vindication death #blueknights #noworktomorrow manila-wonkyu future-rider h00k #sasagege
31	UNK	dabbay stimulating bloodzeed tipuu owya #magpasikat death smartpen mestila speedbowl
32	UNK	grape's localities death 44,5 #sleet rutan aphio moruga #constantmotion #karmaabitch
33	UNK	death duyi dslr's jinkys ta'amu bedrosian hipocritical waster dmme but'an
34	UNK	prollybio #mrmaker #happy1yearunionjfrompoland thinhs wispa's singer-i'm imeemmm #hopeforharlie death venir
35	UNK	#wonhae follbacknyaaa #oshi okay.have xochilth flavio bffer #ooweee death lalad
36	UNK	#tooright #stayhighstayhappy death #anghatol cikeas kitaaa harvinder pornhub.com nge-quote 9ra7a
37	UNK	death #onemic2 _ladollface 2aly snin tutormate #arianafollowpunkgrande 144,823 sooha #soobored
38	UNK	700mb #teamjudson death offtobed #godiswatching boobiana #1bestsellingmagicshow baiklahh tiason #notjustyou
39	UNK	loadan ecity staters #chichi pandahugs 1dpolandtour2013 death canstop #stuffyou #theedge
40	UNK	sperti #heartya death cavia tara #proudfan wat.tv zay-slow seeerious hillmen
41	UNK	baptise hahahak #wheniwasalittkekid death lifeonmurs #dreamland cssc #versalove notebookoflove owwwhhh
42	UNK	exo-k 7abibtyy hibu perguntem #shooter #miners death daireen 15nera ogaaa
43	UNK	pantura death dr_davi shahshamshiri #lovejulia iops atxdy w-l #pima suspose
44	UNK	#savvytip nouvel muwaaahhh death #sidebust danials admission streeter's 01.46 offlol
45	UNK	caaarrr craddled death #freshmanadvise melayu üê¥ waterways ydf foir #everythingido
46	UNK	#yfrog bessfrannd dlyn 0:5 death #letmegocry gett'em verucca #winnna progre
47	UNK	terminaly nagbbrowse fout death g√ºzel #rickielambert favvve kweisi #amazingarianator medanos
48	UNK	alwine rumpy death iloveu huskymudkipz #qrevolution yehia 101.75 #thatsoundsdirty #smileee
49	UNK	sikand frogging meshael artavian death #paneraprobz frikenn #ustvsdlsu zooper blumenfeld
50	UNK	#youspeakthetruth death sooob waymond #jawbreaker sapong unstar moneybox #livinourlovesong lmw
51	UNK	15.6- tahujjud death nuthinng twll ekayana #5hbootypopla #instrumentals monteitem #onedirectionconcertinpoland
52	UNK	#fashionshoot jaym niiall naptural mem.card buurthday #shesprettycool maachii death #animosanbeda
53	UNK	#dirtybay #itsnotgonnawork lc-e posthaste #proxy death numptie #italywantscody ashrakat lhhbvs
54	UNK	#teamusm sanatorium christen borlotti silvester #digitalart death 4999d #disneyquiz 2393
55	UNK	death malakian #followmeashon #excellentcosmopolitan flint #imissmysoldier greatluck bimantara gregynog fuug
56	UNK	pntesan death d'load gotda capezios #for√ßabar√ßa brownish counter-balance lissianna offendedd
57	UNK	duallys hoochie eiffell andwaee #dopelife toodle-oo ngoyo death c5500 #getthefuckoutmyface
58	UNK	jenean death gullit leavinq dubareuman #skiing #nerdyglasses misayka hermosha dfkmm
59	UNK	headachert over-think #realbelieber onedirection-bombdotcom ninden celestte wendels cheevo death #bced
60	UNK	#adictive #pcdguys #darkhairdontcare death #dartsaheart mometn denay girlieees improvisation kayle
61	UNK	aprendendo #49erfootball death #iseedeadpeople sneck romiee 210.56 7naa ageesss bodylastics
62	UNK	amerikanoutkast.us zonniqhe intersexions death #whatatrooper u-belt daianna wallace's bhavs hunhan
63	UNK	#ripmichaelclarkduncan kkkekeke #justinworldnet petrifies #koppaberg death #teamovoxo mcalisterluke muchhoo rosado
64	UNK	#keyaa girldems sosha #teamreach death punkface clockstoppers #smallbumpvideo maachii #grails
65	UNK	conviently death predo cyride fofinho #longdayyy #needtowakeup loyal_tee #gossipqueens echanted
66	UNK	#wewantwendy geek-chic death keasbey yaayyeee #bunt ajengg samaniego jemmm harlington
67	UNK	superfical death #cincodedrinko #mysteryanimal k-sones dear.take selit wednesday-sunday ya3am #girlsafternoon
68	UNK	t'inquiete #scpol ceko #hemmoproblems genjis #sillybands ugo_armani #1life2live death deanna-maria
69	UNK	#colombianprobs death edradio tycoch non-classical #onmyownagain potterhearts #heyashton mbengi submitter
70	UNK	#getitfrommymomma #june26th sozo pogonophile #rmfc2012 #womenover45 death meriendaaa ourz #familystickstogether
71	UNK	#subtweeters newcs irksss sa23a utaar alrt #newjacket #longislandmedium death #kasabihannijaps
72	UNK	stonach prepwork t00 tract death slimey #makesmechuckle #shitthebed indiann pour
73	UNK	constru #haveawonderfulday bdivas #justin colleyville #august8 marth #acquaintances death #pleaserealize
74	UNK	financial_marketdepth #owchies #todaysagoodday penguin-cj penuhin death kosakata eternity's obviousally #itsallonyou
75	UNK	death aiyak dond north-western glass-steagall #brandytweet #attractedto bancilona #notebooks #sprousearts100k
76	UNK	reppp dimanapun scatto #asiawantsedsheeran serenawilliams death #onioncrisis 2364 columbos #nikkirichshow
77	UNK	gsto couldeve jeffreys b.boy slyphearz wlmao death oligarchy #teamhaymitch bulgeria
78	UNK	shootmenow heathrow's fuckyaa death thereawww mountion 8800th bopeep moradabad #tims
79	UNK	#teamquackpack death #aslonasyoulovemevideo ... ... . utsey mikuni's corpach lecom it-my brileys
80	UNK	#bestfriendfacts rezza_losthere zappening lato wahaah polandneedsselenaandthejonasbrothers marcyy #instantcrush death #travelquotes
81	UNK	thannnkk #xonydj #mynameis 292.62 #perfectseason #theriot death elfagr #ballz #toomanyjokes
82	UNK	biitttcchhh allocate passsed #nursinghomeproblems anjingrt icao shootaz #mybetterhalf death bantss
83	UNK	psi-red death bigotry northland's proud.but yoona testamonial maryyy #getnicotoo1500followers fast-rising
84	UNK	come.rt death #dirtysouthswag phiha #chefdee inguadalajara sertamulia #sadfangirl #g5 misssyouuu
85	UNK	upgr death thunn motherrrs #malay vamoosss stayedup #omni 3324 webspam
86	UNK	#tweetsthatannoyme #meanmuch rahiim death ayinnu entendi dissect #specialfollower 9485 #hetoldme
87	UNK	w-a-i-t deposed bkbr did.he yswe death #nathanielto20k ngsb twiches ex-crush
88	UNK	nailbeds #happybirthdayandy sokode asooom darksins death #miichanbot ecuadorneedsmcfly ladiies woto
89	UNK	#propertybrothers ÓêÆ 3136 314.61 death bersocial #mulder thecrankysmurf sandhus kerik
90	UNK	top-paid death wellplayed weddingy naawhh destineee #gleeseasonfinale bruh's palmeiras prototypes
91	UNK	shytin rcy 2159929911 mis-spelling oioioioioioi #summersgone #cash4gold death #apocalypsenow bftd
92	UNK	spinnies alfiejackson tradeshows death #loveisaverb bondinq dazling naar nuiit bluueee
93	UNK	death hamein lopezs murtaza pubescent cuntney 7342 eell blayy sympatico.ca
94	UNK	death aoife 246.17 #itsjustnotthesame #ctscan 5770 warsop importhant myob han't
95	UNK	95/100 221.53 adam.you #frightclubfollowspree in-unit #rayasembrong ziiing keyboa death lurb
96	UNK	212.72 #straighttohell rainshadow death mims_jade skuki's baksan #solow 3dxd #theyresofunny
97	UNK	copyeditor death nikeee #stmoritz shwee miske suportanta norc chooocolate wateba
98	UNK	hiarious rarri death kkbs fein'n kutek frappuccino yeaturday outreasoned passwork
99	UNK	31314 rizkaaa #whateverforever namibia's damiane #thatpart #somebodyimiss death #worsethanawoman anti-acid
100	UNK	jareese death #bringdallas32012 #junglelandthemepark vaaai salba _coldvanilla ofcorseee inshalaa countrymen
101	UNK	#lingo #thankallah demonios kalix janavia #fiends withhutcherson love-team death songit
102	UNK	shnipes pp-bgg gt1 #teammiamiheat whopss death cuong 2morrooo precisar jookin
103	UNK	#goingthroughwithdrawls tdrseen reconsidering #summercomingtoanend leyaa death rizma rebya maoris #believeticketsforrileyandthea
104	UNK	consumtion volv taizo rejoinder #recoverymode death lichtenberg #season6 kpala grooss
105	UNK	chammie #theregular #anangel #peliculasquedebesverantesdemorir death highbridge chlojob #thethingsilivefor #back2collegewithwrangler bboth
106	UNK	zoba #fratproblems educare #greatbritian capuchino death bramma #apscores landas shitte
107	UNK	#dontbelievemejuswatch death overing generoso #jetblack dzown khayy na'follow getoverit sale-ing
108	UNK	snackys fpto tifo death 292.51 matchbook #youllneverwalkalone #chattstate takfaham shfeeech
109	UNK	beeyootiful woree #perfectrolemodel #noconsideration #doesntgetanybetterthanthis #yeahboi death poldy hdiah #dancepartymonday
110	UNK	death iyengar #whitecollarisback 328.58 #team_blake katherin's #thirdplaceisours thingers tattto commences
111	UNK	haaart humzas death #happy2ndyearanniversarykathniel soljah #fullbladder boluwatife podskoczmy #1726 #cannotwaittoseeit
112	UNK	#russianstandard starsteppers boxtops familyyoulov death sbll vainqueur #pickup unbeliebeble moyra
113	UNK	death #happycornyday #itsmypartyweek juggalo #sadroomie ereena #okaylangyanpart2 cojelo –¥–∞ #impartofthexffamily
114	UNK	#dontslipordropmcguiness kamyl death harrasses youlanda sarvi #envygang #afrobeatsuk en-suite leshea
115	UNK	chocolate cantas #sapatnasiginoparakaymikay #southafricanjetsetters bbdo reidsville bobbay kwik death #shufflingtothebiebs
116	UNK	#loveableroguestowinbgt highsmith 286.22 3hb justtin judass greenies death #deargrade9s twitbebes
117	UNK	winery rawls snapchatten sgetti #raiseyourglass #ppbnewslink death callmejanelly bronchitus #hookedalready
118	UNK	addmitting syl death 290.20 beser #dafaq 52-53 kevas cosy perese
119	UNK	#nocancer #thoughtleadership death 75a #fridayfacts Óëâ panquecas wowha klm #sismo
120	UNK	death tzwjt bertrum its_jerida #workedup paperplanes peccato supercross 20/12 bgung
121	UNK	48-20 begins death 3awafi todya's paahaa #instaadict sa2at davids j'von
122	UNK	#tvaof keikhlasan neese approximated #ripzaynstwitter affords nerdfest death cheaser shaughnessy
123	UNK	death #bbmiphone shyshyshy jrg broadly #disneydudez 3yoone #europorn inproved yepp
124	UNK	death paulilians sonymusic al√≥ made-for-tv 385.08 #qtt sliding olympiakos smanging
125	UNK	rje death byo p0004 oink's dorayaki yeeeaaahhh #jacobyshaddix imagine.the ‚ùñ
126	UNK	juxs #colorrunsg rgiii death gavinmj #notsarcasm concentric magnifik himma bestat
127	UNK	ratcheet #southfork umesahau death hilll dooohh #mexicanstatus toyoutoo eino a-c-e
128	UNK	girl.lol maynee #nolongerlonely zayad death 2427799867 faiilll convulsed fine.he x799
129	UNK	#zaki #journalchallenge byetwerk #heskey #ttfo qype #kathqueninmyphoneevent jinhyuk death repo'd
130	UNK	caaay moniiah kristopher #stc12 4082 death piranhas t-rav carrol's #bedbedbed
131	UNK	death ttby cha'kari cocojammovie #uaf spacesuit #teamcollective kahron #thekoreanzonesehunhoodiegiveaway kay_lawinski
132	UNK	bubiii death shahiza dietcoke friends.haha kinkysexxxdoll troilus penatastic matsss whiteys
133	UNK	jasuke g-stars thiagos wdl #loblaws #stillsomuchtodo handsam absolving death #douchetweet
134	UNK	hornn death scrr turnons shitai yubz 794,388 #views assman #ashdown
135	UNK	#trendingtrey moffy isi's sirenia death #marchphotochallenge uker megapixels 03s teddyson
136	UNK	please.thanks be.good gduk brightlights #tweetoffx #teamkian #iwantchristianchavezatellendg chensisters.cn death #minigolfing
137	UNK	beachhouse death shoesys #iloveaccents #comingmidjune #tbgh #askabi sososoo #babyboks #forrealbro
138	UNK	#605 d-gray that.this avens alkmaar tiruan moutache death #pillowfights bedey
139	UNK	diantae #wombles #ocdaboutmyroom shanked death jumaji kkz gambling #shesold bethal
140	UNK	death stalkerrr rabies _7p #varsitystatus jonathanrknight uglyas govan sehe #mayniacforever
141	UNK	blyleven #bettersafethansorry fe3lan mr.daniels #shakeaway qoee #texaschainsaw death vilanova's vcd
142	UNK	keepper wootness shunnn #ebayipad death milkman's muuhaha habeis hotschedules arlingtonpd
143	UNK	rdg sleep.nice 1735 389.67 gladed death aidanators 300ft mr.fix 3820
144	UNK	consy #ayyyooo dhananjaya menimba death walssup natsu's effort's t0night gogogogo
145	UNK	keyona 1730 chronically covington sadeja kirtle ‡πã death wip's #itstwitterofficial
146	UNK	ekhthay #atu17 death #angelsforleeteukforever daishi #gofollowback ÓúÆ igam #mpr tusky
147	UNK	runteldat #badparenting 261.51 chye #youmakemelol #teamsituation contrare front death iwetbiebersbed
148	UNK	#12hourdays copacatii 2sources woaf #samesame #indieretail twihard's #ss4encoreday1 death #westlifeforthelasttime
149	UNK	#marrythenight carvery's #choosebetter1d pre-read iaiaa j-u-double death menobody #imissthose 1y1
150	UNK	nysul fetched #braxtons benzo's 102.75 absouloutly festval death #wwmafia #everybodywantstobe
151	UNK	starbuckkks jemely blastermind death fitriad clutchy thirstiness golliath driverss #09016161604
152	UNK	21795 bynd skejap egypt's angganda death surga boutaah #bigj 226.81
153	UNK	#snacksinthelab sheels birthdays braktivitas gornall joyable aasmaan death rtlmao voxy
154	UNK	#glees4 gcph p.school shool #iphone4probs death kluang kvb #tonightvotesong23 2003-2011
155	UNK	#twatteroff death #eastergiveaway lapitan #cocoapuffs #poohtikistaz cooksville dailyoffertunity world.what #sodas
156	UNK	food nooc lindaweny press-enterprise being_jenish nuh #codytoantwerp stolded death #partnerncrime
157	UNK	imrie death over-subscribed #meatballday 2048x1536 yuaaap uumph #excitedforthisseason #undercoverbosses disampaikan
158	UNK	cache-cache #thanksalotdad modulations #suchagreatmovie nique-nique hebbronville legitely death keelys #rainbownoise
159	UNK	death #lazyrule leggys bennd ziqah registerd p'june 3eri promoteny mencampuri
160	UNK	#deface deric mig #daddyduties free-lance üé∑ mathih you.ok death coloradoo
161	UNK	#teamcreep #moveitalong #pcproblems biby #stinky death #mblaqwithwarner unfortunatetly im6 graaahhh
162	UNK	cuseee #notgonnahappentho #eek djibouti #hersheykiss #missyou arua death #teamjayjay dhean
163	UNK	#favoritecouple laow #hilariousmemories paradiseee kidruahl adicting wg death inhaaale #needanotherbreak
164	UNK	derpish notificaton ‚õé #bettertimes famuse death #happybdaybabylux optionn beautifulvoice un-drunk
165	UNK	whahahxd death 1130-730 a7bts phunsukh choicee annivesry lassen hee-haw 265.18
166	UNK	urra followbeck #visitaceh mothet death #pnd instagating #unforgettablememories cornwalll joyt
167	UNK	#microsoft curl-ups #firstdayofschooltomorrow guinyard #birthdaypic death tijg bd2t retardly bedor
168	UNK	366.48 imie #xfileswatchclub #haifainhollywood death gorays mfkrs #sittight #gam neyisheng
169	UNK	death #goodgirlsbadguys #boringboringboring fenris eachoda golek 6528 #whipitout goathouse espresseria
170	UNK	maxiest #applauseonitunes suupperrr davoo #acneproblems #hbdilhams18oy avalibe grooup death #e2conf
171	UNK	death #ghr happieee jhin therealswizzz re-mark audreyyy #slaute amended #notsatisfied
172	UNK	ka2no #udaipur death buzz'n 0ol rowayton arlt plll birthdayee jaaman
173	UNK	teamfb #skipto100k hebrew yagmura guarntee elul #shitassyrianssay death #taylorlaunter #crip
174	UNK	death me-that's salafiyah #smellydog #imsosure usela moneyed 301.84 fvogue #askdash
175	UNK	#pussiedout hyunbin's firebreath jlz #cdnews #teamjedward #oklahomabound death syemi #beachfront
176	UNK	elainne baqkk samsons #ifyouonlynew crisppy nollywood's death shwty mallesh 107.7
177	UNK	derringer a3rfich #likestupidlikethat #followale #pagerank death unmanagable #copingwiththebigc parrttaay yesungarea
178	UNK	#teamdannyboy munos #spf2012 really.not hamiltonn babydeul leela death manyeee #nlexwillremainforever
179	UNK	psychocandy death mndi camoblast dreaamm #upallnightlivetourdvd #1798 amazingif happy.he #introverts
180	UNK	runken beginner's breb finisheddd falloh #picsfortc death me.fool 2tha charn
181	UNK	borga exposen #fabulousness speeds death chaer #asufollowtrain gemes #wronguns abbbz
182	UNK	359.03 pig #absolutelyfantastic death harvelle gomm #pleasebritneysavethepopvideos wrkg taylorann x2150
183	UNK	2open anyareeh roomb death #fluxpavillion getright #nomorebs humaine iaccomplished changelol
184	UNK	yozie 132.5 coicidence kopop 284.11 #gtavproblems promy emanuelly death #10kdayschat
185	UNK	azhani s01e01 seatfiller gorgeousrt death ockey 2dopetcw 2goals in-team golocal
186	UNK	ballance handsome.follow death loris cortinez lawsonofficial liq twriends sumfah #twontodayshow
187	UNK	vlieg drizy #throwsphone chumbum brow's death pumunta #wagmakampante #arsenalfans llamame
188	UNK	sconny #howwrongwasi #newzeland fanboi neeedsss death flood-stricken #justtoletyouknow boxmans kwangmin
189	UNK	#futurehusbands forgetfully t-y lukiee chager 4004 vraie digweed death #sweetpeytonlist
190	UNK	#knowwhoyourfriendsare yeahzzz death #acorns #soworthittho nvq's mysara r-dizzle fishpond giveway
191	UNK	#dontwannaclean #tylersbenediction #notupfordebate #dugitexb #spare teegan's death #somuchpower #mercedes #viewings
192	UNK	gfotd momentand #tobycavanaugh finishied pocahottie #somuchchocolate death 04/23 ospec jc'in
193	UNK	rubarb 3.taylor madagascar's #clounge #thonglessthursday kidneyy death #bienvenue #mauh kadayawan
194	UNK	effectiv #famfriday haircolors taheera death succeedin afridi's nutral mine.if resembalance
195	UNK	okechukwu exceedingly #poshbird #viendotempestad osah lvoewook instinctive catcha death clobber
196	UNK	pampagv #1morefollower pizzeria death miesha's pomaga #idrathernot ajhl #avl #madethatup
197	UNK	billy_bilbil fiiin determained #brot death #everythingisgonnabealright palestines darins x574 visiter
198	UNK	#prolapsedanus #sickbucket ishie yea-ah batchu kayles ostaz death whaddever hutchinsons
199	UNK	woris #stupidjokes wakatelas #brooksbromance maybug #karatechop sparr death #thisisus1weektogo #wannafight
200	UNK	shikeera netwo death advertorial rebirthing fasted #ifeelhappy use recees unclee
201	UNK	376.98 #thatswasup #happybirthdayrajeevkhandelwal #tweetfriend 5.enjoy flyinh beauty_ntl currentlt death liet
202	UNK	ytpmv gpr death protectmyid wilde bule wilikeit #mathprobz talkinbout #badcompany
203	UNK	#wurmonline #chevroff #welshweather semi-awkward death mworning gjh hunggg #o2priorityonedirection #cpc13
204	UNK	ptbo devlpmnt #omgsh death #ckeszoom portrayer nkolialexajc #angdrama e020 tripleflife
205	UNK	#riocon eggyolk 6-23 momss #thingsthatblowmymind likeness #andithankyou death usnews roookie
206	UNK	#dbdb2013 pronounciate #theburbs death bmlik lerhs gnargs ttg s.sudan piccadilly
207	UNK	crisabel death sparkle_lynn ys's rogo sh0rt inakala control's recordando burninnn
208	UNK	tortellini buot starcinema tzi #sohappyforu isweaaar #starboyfam death #howyoutrynaact listned
209	UNK	mowhett varric loyalhalf inforced it.you goncalves deutscher death #jealousbarbz acordion
210	UNK	consodering mera's #allsgood 04:25 death #lovereading izatul #campaign daro #bathflow
211	UNK	death #teamsmacked bidya isalnd mbuhh babba's #pareatpare mlg #ssf4ae soonja
212	UNK	jenniderp trevor's death silurian dudess hairbis #composure daxn sunsilk kkbarbie
213	UNK	death skurrrt ryming a40704d #ilyforever disakitin hitches #delhirains #axidlove #thanksforthecompliment
214	UNK	bvtches olstead parotid sounde #soencouraging death squeaky pigeoncloud writiing grolar
215	UNK	#cherish 12-3 wouldved #livemydream #wentwaytoofast minnie's weeeoo death hern days.could
216	UNK	#noshotsfired gongshow #93 #needstobefixed wiseco #everybodytono1 death bethankful #typg sexualness
217	UNK	#pumpsandpatr√≥n #bestfriendawardgoestome #itsjustamovie lamotie mustain sureily #mustseeit death alyson's jersdays
218	UNK	#gbhour bulger #firewife 10,013 papaano death msbi de-stress kd186 #thegreatdebaters
219	UNK	#thankyousam #aslongaslovemevideo #believertour apcompm margaux whispering death douing waroenk saln
220	UNK	pistacho partogi sergeant rocker perfore #goddamn detergent lingad death engmech
221	UNK	#smrtcce nazwa death #christmaswithscottymccreery addmeuka frustrate kardey #rainraindontgoaway rupture restricts
222	UNK	death #tftfamily #hugsfornickcarter #dirtytar ceton myungyeol were'nt 4-10- heartline #tagaroguettewho
223	UNK	#boatrace actuall #lovingitsofar #iftwitterhadpromidtake death barck minibro house-full #bummingitout awesmazing
224	UNK	maxed death fweennd exo-k hbc kopling #torrevieja 50times expectorant hoaaammm
225	UNK	6505106 regurgitator death praps tsma masterbated g'dup suprosed #iannoymyself filman
226	UNK	itaga #yadone #meeeooowww death nezel napp_eunhyuk #registeredvoter utohh lilmsperfeckt #semtechbiz
227	UNK	1014,1 cuterest jameses bouncer x930 #nebraskaproblems sihyun death kaasan smea
228	UNK	jeerry lawau #fondant death 168cm ya3ami #bieberhormiguero #hellasmart #morethanthisno1onhot30 #cltcc
229	UNK	loureen foneee chinchilla ilyz death sedding bbh's #jmarley whoreland kritikal
230	UNK	producer #lovenaps death #bullrider #niceboyfriend 66.65 #shameshameshame casilla gigii capeable
231	UNK	etaf trinks galaauu non-professional death pughs heiden coursemates neyhh help.the
232	UNK	tumaga death shealeigh's anwsered whatare wkkwkwkwkk neggy diaversary lebowitz avielle
233	UNK	#simplesummer #beatenbyagirl 7ekam #bartenderprobs death uohhh #proudbff #bumms iisip mirooo
234	UNK	fr.kyu #album3 crossesfingers rekom hersister cheezes #smcvt death 245.12 lawwhh
235	UNK	photo.you jeronica #adelaide #loveyoumore #newsical mosman #dud death hoodchick lunchyy
236	UNK	musleh #jumpoffabridge 098s mole-rat #houseofanubis #confusingworld #lookatyou #legomodelferrari death namemorize
237	UNK	konger 296.50 impit creepingg #carlyfolllowspree death sterek #doesmyheadin #arewe12 testtt
238	UNK	fittes crisely death #janmashtmi mag-artista qiue milkchocolate frielingbailey #lifeinthedreamhouse err'y
239	UNK	no.time nobell beong co-directing #mgd #youeverhadsexsogood death #pftt #lifeofalame #stupidgenes
240	UNK	3aml finalls dwik indapendent talking'bout death wiped-out ariamazing ladisha alrab
241	UNK	#teamspg peida #vh1top20 death cantrell's bebeyhh #sweetnothing 4follow f'nuckk brendah
242	UNK	#bumpday maximum senerio death galon #tinfoil #judasisthedemoniclingto 212.24 bravista asiin
243	UNK	philharmonie gotthard death hiiirt #turnthepage pinepressure hiiipower desiah marginalization brightned
244	UNK	apologi ayyiiie death nanigans sheits pieng #missyu miapaaa murahan plexiglas
245	UNK	mondaaayy tasteyy zarrin death eavie bswii delmi in.law #favoritedance corgan
246	UNK	gooodluuck drynne 33:26 #yankeesuniverse death flite #strockchick #bestnieceever #chileneedsonedirection2013 timbercreek
247	UNK	playn tonoia 5608 kinakamusta appled #riff2012 #giveme1dtixhammer click-throughs death selfying
248	UNK	coverboy baille #itstheeyes ridgehill everts #trustnohoe #flightdelays knowzzz death oop
249	UNK	bluey-green #worldscomingtoanend safada #jkn lig #poorbunnies awwwand death 17-05- ohhyeaah
