0	UNK	x307 meatus #bpfootball #2323 lkfj manohman #gottaworkonthat hehehs best segera
1	UNK	#notannoying best colorad steeking towely scorekeeping semua'y #thingsguysnevertweet #sharetheprophet 130805
2	UNK	thanksback 4642 jerktag_cp erio #goodluckbitches gifbom grandpy hehehehheehehe best suto
3	UNK	lendal #prayersyourway yoohwan 336.25 ula's best #lifeiswhatyoumakeofit zamzam #goldreefcity #findmygoldshoes
4	UNK	parish #horrorhound peten jakartarians #aw12 #hollywoodhills 33.00 whwh best #inmyglory
5	UNK	banaple j35 harby co-housemates 12:14- 2d0 best #teamnomax cucmeris nhp
6	UNK	382.93 #dontcrydontcrydontcry miracl best #teamdrowzy #stayoptimistic bilge na54 #camilaforollgoct31st #danielpadillaatsmcitydavao
7	UNK	best #hogglife quevega #mytrencherdream lubbie fxdl hyponatremia #ignitethefirewithin #americanvotesforjessica geil
8	UNK	#overtoday clv #wheresed #skipto750k whoopsi best sipokey satnigt fairfax koreandrama
9	UNK	#mazzimazfollowmeyouboob #nutters best safetrip #myidealguy sadham work.no mishael 120101 dirumah
10	UNK	ellsworth #expo4school #imitators edoneers nietzche get-well-soon inifinity best sharni's #moonshoes
11	UNK	kovdunuz fictitious hunny's riella sallan #kinkyharrys best rollerdisco glaciation lyat
12	UNK	exceot by6la3 goonda thhiis surpassing best smart-ass shikorina sexayeee #jol
13	UNK	best enumerated mfs ppfff glenisha denishaa cleveland's 2ndanniversarydevonairs #mythirst 1bad
14	UNK	best forevuhhh andiswa kisseus #cimorelliongmaonaugust28th #randontwitterhour hermiones delious #euroclubwinehouse j.beibs
15	UNK	300something #casa #badmonday best screencasting newss #escaladereveal peyda litex skrip
16	UNK	4,850 #twosome mageenroll m-commerce #badgyal boog loth best skinnymini serebro
17	UNK	ohim #iwanttocome best prctice #thankscraig #kickouttheepicmotherfucker jagoanmu 329.66 liquisha thinly-veiled
18	UNK	omgossshhh homo-ness bognor #vezmansionparty best alonoside elfis alright whyss #waytoobusy
19	UNK	2everybody fanis #mylife best taureen accentuating 226.15 shwele xxdont tinke
20	UNK	invtd #stupidbasketball breakfuss best #hatecrimes gvm 5yas #timhortonsproblems #0210 congratulats
21	UNK	ltrrr #opblackheath brinkman boweling best vegetating #happybirthdayalanrickman kanvis superior #chunk
22	UNK	condit best inell avril #raiders4life nalg lookalike preeto #hardlifedecisions cotm
23	UNK	#dudewheresmycar alegrias ultrabeat attendn best cant'wait arrivent jarnae delcon aku'a
24	UNK	hollygrove raunchyy racsist Óêü rb.order trieeed likeliness best diraa donnneee
25	UNK	cowshits rili #shiiittt fuchun inviation re-sending #unfollwed best #ilc2013 aweesome
26	UNK	nohelys best ghiradelli mbut hastily amelies ostatni brillantly #bigtimeretweet molana
27	UNK	revealed-the ecret best #svsucrushes 9.29 cawi definates refridgerated duongs #msuiitpalakasanfevercoe
28	UNK	licm #talent #natsci best lerw mayann #donthurtmybestfriend minigun yhave #liveeviction
29	UNK	best immatureness nebulization #hotfuzz codom delusion pol.sci syleena lightening 1,106
30	UNK	hardbass sizeblack tothebeautifulyou talentz #mydoghatesme awakenings best bartels redshift approachinggg
31	UNK	manonod 220lbs 213.59 perc yogaing best nagtagumpay glenfield #godfavorsme 379.88
32	UNK	hoooeee best scalia #studioc kelurahan #2yearssincetheywereformedandidontknowifimhappyorsadbecausetheyruinedmylifebutilovethemsomuch #oxofresh #haveagreatweekend #rutgersfootball aminute
33	UNK	#nashleneasapchristmasrequestday2 ma-fall #skierproblems qman best 5gum berbatov vertical #bmoble12 insufferable
34	UNK	hogwartsbuff saracens fridman painball best evesdropping footworks wash-off #whatallwomenwant galette
35	UNK	#highchoolmemories ermh worin eanie bakagami #twitterjacks wilco #youareagleek best #hw
36	UNK	foreevverr best tbbh #ripmichaelduncan #besingle predo #goldmember sweetiie lequisha #reliance
37	UNK	boug dronacharya #yourtoocute turndowns mwaaha #bpojob #stokeddd kammie best ngampus
38	UNK	fuxxk bluke best yogas 12091418 mackcity tataas #thegiggles 2my #filtersaintshit
39	UNK	best 333.08 #bettersound bigpimpin lampung chubbed #mrpotatohead non-holiday dlls babywipe
40	UNK	diamomd best jaddah #ÿ™ŸäÿØ facebar givinf bikeride indents donggrt kouhei
41	UNK	#bakitganon grampa #happybirthdayliamfromfrenchdirectioners shitein pincha itselfs alstar cyoher best #soccerstar
42	UNK	#1dinsd ‚óΩ 285.30 triya taxo #bsmythnation best #teambrownies huckle cofusing
43	UNK	harshest untimitive kagwapa ladavia trueblue motherlode #welcometosweetiepies best #happensallthetime 242,000
44	UNK	best vpdp 1000mi #notevenfair jayskii annerversary theooo mcwayne laneige mughe
45	UNK	#teamtrey best ssweeet we'ree dragonlady nontooonnn collegelife merc justus #don'tcometomyhouse
46	UNK	uvver best #trencherproblems 84.03 whooree saggitarius lawasan saplings xdlol #worried
47	UNK	best #ukbarbz cw10 yapmislar 281.43 #boybestfriends buenafe tribus signatur #titleparty
48	UNK	#mlbpostseason yummmaay #toomanyfeels deque #hergirlfriendd best acrnya #igproblems priso spetember
49	UNK	isel #youhavemyvote #varsityjackets pnky tremonti's sproutz misia best garlett nakeya
50	UNK	applique 143143 #nationaltitsday followers.go co-rruption merons #guess1d soupstar best tin-plate
51	UNK	earlestown cartoonized best #fatniggaproblems estien biiich capellini to.put #animalhousetour howas
52	UNK	best jizzface #sotires sclera bannoffee #competiton lillah zamara dzrh #3000milesacoustic
53	UNK	damange best #twiliocon 3di sorreey skok fantasma #september18 guadalajara bryll
54	UNK	best a-dork-able #itsmorekiligwithjhabea kayto #holyheaven #50shadesoffuckedup #hugedick emom 8102 #goodproblemtohave
55	UNK	bwittt 9.15 langweilig 8.22 best 5angels alberth datapad tuzi attentioni
56	UNK	eroad jaayenge ra7a best mequon auqust #vampirehunter _14 #1283 lbybio
57	UNK	hahait chaguanas okfn #kingsofleon amares pathik best #americanidolconcert #agesago lmpung
58	UNK	mayde #growinupsucks clists gratuitous human's rushad best #cheekychappie #shakealeg #pbgiveaway
59	UNK	concer stubbornest #chose #m10 btinh leeseongyeol dimented iweka best 800/900
60	UNK	wanaah #followherrightnow antie's romanti penemu #iwannaknownow gotur corgan best whenare
61	UNK	#replacesongwithpentol #gotmeupallnight elune ackleholic italy.xx best shobo dansu kihoon low-voltage
62	UNK	thehill #goodnighttwitter accidental best botz #shangmeetsbiebes goodluckcharlie schedulle 2000xcmi #highskool
63	UNK	experia jionor nazzii #15laguseringdidenger #askanastacia fuxking #ilayathalapathyvijay tobecontinued best el'nino
64	UNK	doctype #thekidsareallright iv_poluan cyberpunks best sunidhi bustd crowley's auto-pilot weshek
65	UNK	smbdy #welcomewelcome hipser shoemart f.ckkin ccheck #sleepyface 266.77 best likexd
66	UNK	rapport raid's while.that best √µl #perky 6cyl on.facebook #canibehonestwithyou cakey
67	UNK	firstpost best #seemaui freezerr wahaaay kallon #happybirthdayaileen mazzers #countrygirlsdream thummer
68	UNK	x1739 my1st yiren akeira youuw post-divorce #likebaby best schmichael lodge's
69	UNK	dinnaa samtimes jbnoy best #whhhat lololove #sobb cubchoo wenseday #boyshitshakeitup
70	UNK	sehunnie inshaallaah suntop aegislash . . . . . . . . . . . . . . . . . . . . . . . . non-direct best vikettes gwy koeser
71	UNK	#ifw passionated daylite unserstand best 1218 mag-shift #twitterlessrichie joyfilled udp
72	UNK	blaugh #hateearlystarts kanice best unyappm #tablerock pluus pa3107u peaaak teenwolfs
73	UNK	lizee catys #mink neckss qiyas #holland today-he best #collegestationbound #votejordanjansen
74	UNK	bedgood #thisisus1weektogo huixian best tiffyy bmf_yoojia verra damz oroki #sotakeoffallyourclothes
75	UNK	brich #imrolling greasy-ness best leyla's aye_cj 5712 ci-error #quinnfabraylives alfara
76	UNK	yeojas hurll honch bar-mitzvah best unoh #habanghair toaster #zimbabweannames 270.60
77	UNK	warp 360i 5313 #dreamingofyou #firststep d'ck best #strato #ellenonreally accociate
78	UNK	#maneshidd tyflyy #keepingitoldschool costumize #soccermemories testas #gettingdepressed #hijab best 365rb
79	UNK	sorrz prefectures #stillnofollow #drivinglicense m√ºbarek freeplay odamy best karunaratne #yeahilovethat
80	UNK	ringading #oficial #brokenbody best constructive archdale eachh #atthepark #dreamwedding dominicanos
81	UNK	c_maple best #maggie mgl theyin domonation #poppy delius b3od hrrmm
82	UNK	#lawsonindemandinterview dikdik gostkowski #welcometoreality rifdah anti-war #teamblackberry philthy best peejayy
83	UNK	butty's gaer camerys phonw stfuuup anniversair best 39.4 #suckstosuckbitch peetsa
84	UNK	presance #onlyanhouraway #luckydog possion nidha best ilovess 94.21 yarabbi seried
85	UNK	idip #samtweet #teamwebbie gaydon #antistress #breakin 4859 cannibalise best snackpacks
86	UNK	#twthrillahinmanila tut sakay best castledawson mudafuckas #weloveyoulexi bandeja #snif prefollow
87	UNK	amoled sahima #starcall best berggg stereoview deadlifted #nationalsiblingsday jebie unsnapped
88	UNK	#ozdirectionerswannameet1d retweeter reeetweeettt #cleaningmode best 3,389 sercret #dancemomstuesday #momoney whahahahahahahahahahaha
89	UNK	a36eech patd's fchp kid-less 765 fishcake best #bestchannelever me.when hadanna
90	UNK	#bestemployee mencia beatifuls #mslideas best meanttobe apero systemwide jasmyne #plzbepatient
91	UNK	vagetoz willaimson #lockedoutofheaven #ktfb baybhee 12:49 best mamalove so've paants
92	UNK	ravishankar best 100:1 treaure 203.29 superbed heeeyyyooo etsys yu waverunners
93	UNK	#commit courswork best #owen jazmaine poppinrt lechen certin bilyard #heenimto1million
94	UNK	best #beranda102 #pleasereplyjustin beelzeboss #wunation #capsplayoffs padel kinit #grandpasgirl #salamaidilfitrimaafzahirdanbatin
95	UNK	#ro12 thoughti gecko's proxy #supportivegirlfriend hard.but accardi pierogis best llante
96	UNK	wasalt fanny-pack gitu-gitu #faveteam decluttering best garmee halfprice meowth #sunpoisoning
97	UNK	astrong wghs #belgianwaffle #loveyou's soososososo #shitgoesdown best #adobecaptivate youtuuube gorjesspazzer
98	UNK	best olark lmsc munsch #nopetrol #ilovetotalk paad dedevyy 29months #teamzach
99	UNK	09-20- cermit oori pensare dellys #itsgoingtobecrazy best #riprico #wahhh dazz
100	UNK	best dusty's tomtom #f7sm #neptune v5 spendlove #telavivbelieve ndaftar crack-a-lackin
101	UNK	naymeen neeooww teacakes agaaa best puahah #welcomehomesamc 12points veesh #loltrivia
102	UNK	best liamnator e-petitions sgee pronation muddafuckaa indipop #angsakit kimdeguzman donnaaa
103	UNK	elfrance_source #justinsingforjacqueline best #hotfmnewevening tipoff panted #pakistanwantspitbull 1800 ecu scotland
104	UNK	tatik #teamsicklecell bebay unraped 12356 best #ornge rin's postdoc mom-that's
105	UNK	#girlsmovienight khotimah #denverbound haphazardly 104.12 murahnya decelerating best domian ta3i
106	UNK	#paulyoumessedwiththewrongfandom youfollow awesome.xd #releasereminder #needmorefood pcns best permisi nkooo pweeze
107	UNK	gueco mobth best lively's aupeo #mybedwants1d #cenators tobas enchencers marrybrown
108	UNK	#hushlittlebaby 347.81 best ghiya grambling homestate ahouldnt pila #abp2012 ppda
109	UNK	kiyosaki best ossies x1322 #worksallthetime kiddens answer.love flimin la6ooof xerostomia
110	UNK	realjonghyun iwcp #oavarsity #yourbestisgoodenough nagpapafollowback mokenstef cucas martayla best da's
111	UNK	#dontwanttogotoschool best qiqijibrough starball #youbitch #happyeidmubarakzaynfromindonesia #barbellas #sivafollowme call.from plaseee
112	UNK	bloomfeild doodh radcliffes danikins best assist's schiol _1992 #afatherspain #tendyprobs
113	UNK	idma respondent best midtermexam unresol #newsltd #ruffonatorshoutout 8ounces #heckyeahhh #sdkfollowparty
114	UNK	best doubleday #ssfmatchmaker y'go hans tiggghhhttt jfer samrat-boulevard selmaa cloudyness
115	UNK	cecomel harkos #soblack missinqq noamy #notcutoutforthis best gimmes zurker xxhaha
116	UNK	lil'monster bala's #isowould 339.80 chestinfection #niallfollowfizzy087 cdps best 2e5 xxxgdxxxnagi
117	UNK	meygan bcksound bionico best neto's jream amparan morggan binsey #kerrismakeatwitter
118	UNK	mumbling #stickaforkinme theweeknd's qalesya #boysoverloadlivestream best basfin varelas slagter b-school
119	UNK	best 1675 schlorship #mutation resident 242.25 jack-jack lhuu #thestation deliiicious
120	UNK	#stopremindingme cano's mamel best ptain alaat aitch ittsss #bwm #lovejohnnyruffo
121	UNK	yup setio #fuckemweball sgad yourgfshomeboy #nad uolls best 4.love kilit
122	UNK	elusive_a best #eastvanlove badrs #instagoodness #paydayproblems vatar #iwouldcryifmb ameriah thooouuu
123	UNK	best #blessingandacurse up.there #rbx dizisi shapeways #freebeardedstoner „Å∏ heknows girl.maybe
124	UNK	#mtmbc tuttle's huargh gueco unreadable best mwuaps yyaah nagabala roooar
125	UNK	ibizzza 24,400 rotc best gccp serinna 377.32 isisah #wearyellow fyeness
126	UNK	tr8 best daddiesss recreate unfo hhahaaha coowns #wewantcherlloydtoday #pj2012 #warranty
127	UNK	12-25- modeler #nedpor best folge kbru imutoo macey #welcomefcbayern #weloveyouxtina
128	UNK	acked #singlespeed #fabutan #shisha forestview #weloveyouboobear best #1914 duwan busogg
129	UNK	elra crosscurrents foreigner's 96,97 best stiutk bemsee gemilli 301.71 specifially
130	UNK	best btub #sneezed musluman ngos #ifoundout terissa #11512 telled #fishyheaven
131	UNK	#blacklightparty anniversar sezzin #cx2 nipplegate arkia best rogero meygan #5hours
132	UNK	hamhuis #hamptons bbl's best #loeries taylor_nation #somethingboutyou a-q #753 #shitratchetgirlssay
133	UNK	kpnews #nerdymoment best #1130 #itsonyou #dl2012playlist baddaman #stronglikebull mm2 dragz
134	UNK	best day.wish rosak rosenblum mulitasking #purelondon poie #naturalhairprobz #favouritecousin rodis
135	UNK	#ggwp carliss eventuali sizzzurp ybarra hortans flexpod moonshine best talkings
136	UNK	resik #teamziegerto125k #kproject #self-improvement best wrai #stepout neevous gbemiga #beryl
137	UNK	best siswati 440,000 matchmakers #hugebelieber #sealifecentre #wbzdebate mematikan shootrt #bedtimeroutine
138	UNK	#croatianeeds1d m'ville hally best alrighhh dowan adama's lollicakes imgurl hjdhfgsjhfdsj
139	UNK	#pwn playerz welis #waytoomuch #adomemories brair #askangie best #abovetheinfluence #indiapincode
140	UNK	#ukgirl artinyaaa charmaine_moja mencerahkan best #kissyourcrushday wellxo 52.66 madfa sissyys
141	UNK	delicius spm's best #losertweet #girlssticktogether anti-inflammatory #happybirthdayphilldelmo pickinn #letsgetphysical #stuntinisahabit
142	UNK	best jashun ohgoshhh jancarlos roomier modest c.tesi thuraya burtha asploded
143	UNK	#shitfilm #collegeorientation ashini tmoten best visortalk forshay #thatcutemomentwhen gampar weight-lifting
144	UNK	smeelly #lovefrommorocco #imtonice enhong gells hcsm best soneyo #allthismatters earss
145	UNK	#sweetserenity swedan gss good.luck surrey's lazii #mamaimadeit best #k2kstarsparty echauz
146	UNK	#gameone libwins contridicting #selfpic bhais somente elfs best 7aba poage
147	UNK	orospu #foodislife frandy poochey creches jangilova #helpstefanreachellen #idoeverything best viets
148	UNK	#desean best cpmplaining #prettydevastatingnightmare #wannaseeudance #fm104phoneshow #theydontknowwhatscoming sunnyb hocro go'head
149	UNK	feind pussyi dumbster #saiff2012 best #wiener thart sotn #fitstudio sendoffs
150	UNK	#finderskeepers l00kn best anywehre prodigie scruffing vbnm iygm scafells ngtatalo
151	UNK	mase-save mazbro best megapolis bellat #spinargentina 4tomorrow #workhardplayhard #jdr lulling
152	UNK	parmith media's 284.25 #lassi #bemineplease best nooodle excert #poorsod #davidfischer
153	UNK	suitor #glazed #weliveinageneration bubbbyyy ponine best ŸÑ aschleep sikipedia #sarcasticyay
154	UNK	sgc reavaluate best 212.31 #cobmovie noooway asexual #randomfact lcisd bullitproof
155	UNK	sharply jfdi garrigus lindha valasek liking 3234655 best #2andahalfmen #soppytweets
156	UNK	#lovesyou arepita kingsdomion belgian's stylenomics #greatplay #theglorydays ba7awel best #twerknation
157	UNK	npoo hahahahahahahahha honeybunchesofoats jusstin best #missingmysis kir gwan laughly mosphit
158	UNK	paco's p.syou up.xx #3rdleg atomiser #ahyes best #iamback hashtagnya #inmontwetrust
159	UNK	best hendersonville anicia sawsawan #beetlejuice polsko #lovemylittlecousin #choosewysely mkeup inserisco
160	UNK	ko2 #mondaystheshow hibbitts bookoff best jinxx's #deletesnumber beach-beach #gsp12 is.if
161	UNK	rosayyy best mr.wallace üîº bfhs #rtweet bisane morewhile dvlp abbykins
162	UNK	nanggepin #ajs 1999-2000 #fall4simple sparksqed devatha xilisoft #chimis best ice-packs
163	UNK	#hatesgoodbyes partytjie #rewindheart occassionly pthon walfa'idzin #mbconfession best newsninja 29:1
164	UNK	chakendra best sundayx sideup recomend _1508 today.thats favpurite #getthismoney 379.70
165	UNK	249.15 #coolwithme josiexx n'nightt best inb waild #loveyacuz zonnique umihi
166	UNK	best selectas agave ettin bessalama followinbg #itookbeyonceswig pigoen slagss informers
167	UNK	karie etymologically wohoy icut concert.they #allwhitepenthouseparty wegonna best budok iqlima
168	UNK	40-21 #lovethe tharu sthepany kathib lefter best agrin vintners lhfh
169	UNK	#instakicks #newsocks firstu rm69 neku :'] best vaklush #injera 5583
170	UNK	yudhaaa wagons deeeceeent best #canidothat #bestcrew #drex #buygold xxx-rated o-t
171	UNK	469 #skydragon best cashset luxembourgh #shibari nurbanu #cantexplain chwara nyemba
172	UNK	npag oowiee 97.47 wonderstars #askmandy #cgd snapvideo best qazimah #adi_entquiz1
173	UNK	#30daysofbiking annsummers belanak #kendricktextmsgs shoveling cujem hahhahahahah opeennn best #askaga
174	UNK	toniteee best nawaa #weloveforeversweetnix siggi's #zanwiththatlean #peoplesprince talopia walkinq #foreversalty
175	UNK	dayal topbills atimonan #weekoff best gatlin dickead reedah #poorbambi kenistemule
176	UNK	chiamaka w2g caitria best #nowayyy deerhoof sharena shhhiitt ymcmbeat we.were
177	UNK	#afterclub tempin #feelinggood #apsco best #halloweenwithnescafe shobhi #srebrenica #eeiphone5's fiveever
178	UNK	293.18 naaapektuhan lappp teefing cherishes #wekeepitreal dinamo best vektor impressiv
179	UNK	sxr #lifelongfriends staccz gelline #bambi best #itsdarkoutside asthama imount ahahahahahahahaha
180	UNK	phely #newpurse best shirene bolsa #simp shockoe bojangles shiftily gastritis
181	UNK	mashpee street.the #facts_1d 10.29 pinjemin di05 calc.exe best 00:00 #earlymorningconfession
182	UNK	jhn #momrules cheeesecake best 249.47 #imnotirish #sorryimtexan bluebird manitoo x634
183	UNK	loket pic.right thinds #gottadowhatugottado ambet kji #bapfact #thefabyoulist best djsjjdb
184	UNK	manette 209th verticle confucianism herad nevell lakaw best #mixedraceproblems #champagnetime
185	UNK	lanto buaks #freedomfriday teamjoelmadden best huhan e5t squeamish 357.57 #kcc
186	UNK	genela #skul ibelly gaypride fuzzle best un-zip okayzz #beverlyhills90210 juji
187	UNK	#iwillbegood best ramires #liriklagu daesha's tressas cigarets amalia geekdom #trichotillomania
188	UNK	extempore best unsliced icried #nomorestressin grainiest #favouritelovesong 08528328771 latefa aianna
189	UNK	#hornchurchlive bses #sadryan lolaa snides best bestsfriends omgooodness 1dauscrew mircrowave
190	UNK	#lilbieber dennet ashlawn athenji elfs_daebak #20followers best tripinn breezo packham
191	UNK	oldestt #feedtheducks giffs busride oromo best #vic therry bousta syndeeisavirgo
192	UNK	b2h dagrassi illuminates sumin gtfooo best sayeth #beautybag vacaaay bobii
193	UNK	antaheen tru best #sooclose dyno-tu #angelos hare #emmatainment bed.no brecky
194	UNK	best trumpy heeeloo braelyn #surprisesurprise jassem #onthetable fabulastic #jonzing r3000
195	UNK	08564271296 anyware rickell heheeheehe best #refreshers stone-age rasional #beachbound #candytreet
196	UNK	#amazinggirls event.it best #indecentexposure pts kabse 100-99 throll #hotfmcupcakeparty #69with1d
197	UNK	cousss twitterly best kompre #gonnachangethat #leave 2,261 #beforeitstoolate balala carli
198	UNK	asa's swizz nickiminajtv #goodbyefood non-kathniel #superawks #gettingmoney best #classicstyle psjd
199	UNK	swagfull chrysanthe hilwa obbssed penagih berbatovs best #turkeywantshoranhug #buttchug #bestvine
200	UNK	industrys dangos beckuz best kentisha mailey thisthis #itweetfeeds miserly soem
201	UNK	#moneytrees lipdub best #mygoalforsummer #luvvv daggarin 2log faveriot chocobar buttiful
202	UNK	nasakyan 2shi best getgo ‡•Ç hahahhahahahahahhahahahahah up2me imdabes truelaley #summe
203	UNK	secepetnya grimmichi #chriscolferbirthdayvideoproject 0:28 best kill'in tols zzzt gaadi orangeman
204	UNK	best ziyanawaliyah deportation 392.12 hisson #dhawan chuuune #trustinthelord twitterbabes 1002nd
205	UNK	mandamela arraya #chachinggg bhuddy x874 best sanchito boce seetee procees
206	UNK	salvadorian punishes sodmgtv newboo one-night-only #gbmgabbys rengin thelovestories best tracknation
207	UNK	mjht aao ambher best superbabyromo ishimori kostons misteks #fifa13earlyrelease tinie's
208	UNK	ress #doingtime juest weimin best gemmill wahahh wako's #matchdays #scad
209	UNK	amin.amin kaii lavando best #icouldgetusedtothis 6x05 #fuckingtrue #voteno #thiscenturymanila shnapps
210	UNK	sharmoofers rafiah #graduateprobz joggings #xmaspressie best #teamcsu g2d nyja upsu
211	UNK	coolagang best kunci joksss benere pre-sliced morgen's great-grandad #inaanakkapatid everfree
212	UNK	bouges best awqard #partybags choiced thefish keripik b_day hunieee #needaliedown
213	UNK	bleeze egglocke skitts buahahhahaha best phonelines someonen #nightt hakuryuu regier
214	UNK	motorcycling rinseout ideologues arrozcaldo mauliate best kenduri eqns orahhh gladbach
215	UNK	best #shopkpop_ stripcam kuzeeka #readytoseeher #brbpuking syx jrbl #nobitterness movieand
216	UNK	#brightsideentry best 360.64 xx456 heightened lottss #tbones canterville okawa #yespls
217	UNK	hifh kaifkm two-tired best eleano-or 1,185 hogg non-hipster stooof #istrue
218	UNK	anoche #bearlove vouz fouine #onlinenow marangoni #tonightclubgravity ablity best #jks_zikzin_radio
219	UNK	sox-cardinals kartville #teamsalad best sumwan someore mr.ring beginss btdawmen whyy
220	UNK	281.61 #vocesamarillas hmmmhhh yheey best #bringbacknuvibe wikman dallin's muliaa serenaa
221	UNK	7lwa best pacquioa-bradley 130803 irespect mamahuevo screwup #nomorejunk taleisha engak
222	UNK	scottt #wannagrowup x203 #80th daquashia best #sikedd #somethingtolookfowardto officialgmd 0nce
223	UNK	#dolladollabill best samps brinother #youregoingtohellif 100kbps thelia hehexdd patar g'ing
224	UNK	gram-cracker best #sandonfollowspree bertand antihistamines spieth #minkakelly m21 liiisa heheehehe
225	UNK	ouya's gestolen benaughty motormodif larhx best #sundayleagueshouts #bahahaha magred dkmps
226	UNK	#oculusrift medicina sellerunlimited best #1734 #lololo .. . . . iron-rich traffi montrealers
227	UNK	julyn best sweetin #stilldo yinka gog mr.nastytime #michaeling fif_laaa serine
228	UNK	#hatebeingonmyown kyshia #hax #ezraisa #fresa seposen best #tilnextyear #thingireallylike #helllyeaaa
229	UNK	cyberbullying reilley j-white #newdigs trexlertown x674 gettogether kolachi best #missmyotherhalf
230	UNK	5.run evreryday scating pajud best tutour icr siksikan snoweblossom mutherr
231	UNK	best #prayfortaylor #olympicthursday #getvlad50k ecember kemn aora friese know.who #congratslove
232	UNK	hanno wwish rdaw pohnch best thranduil #thingsyoudonttweet #cheersunited #howdoyouknowme bangaa
233	UNK	1122_is weird-weird mwachh ridz #whatatwat best 17-13 #mmfood strecthed 27yo
234	UNK	2,003 alhan man.what #ggss #allhiphop #weloveskyblu fehem best arct #chemtrails
235	UNK	buming zoolec #ohthedrama nutn best 345.40 meninos quide #southernbelle zuciya
236	UNK	vegass squeed tetis #pleasemomanddad best etplastics #inotherunrelatednews mr.manning #riprebecca it'b
237	UNK	78.17 #whydiditend #sogoodyetsobad sugat yiking #biola best bawala #almostpeedmyself #englishweather
238	UNK	#probablywill spohnholz wsnted #nextadventure 205.17 phie #motherofthebride best instyyy rahuls
239	UNK	tumpin powerthirst #system100 katoa ohm's adoc best slatey #ringroberto derek
240	UNK	wesday myjapsbirthdayconcert melongo #fiberfriday explantion veshia annielou hoeishness best #thedamntruth
241	UNK	josepf #snowsucks t-fal #feelikeshit owalah #brothersforever apenas 12323 best #followfirst
242	UNK	fvrt #mikeyfusco northover 389.20 gtfh cavinti #soiknowitsfuckingreal best #intensedebateforonehour mudracles
243	UNK	#buymystuff mammmaaa 96.77 best kaleert #stilcurrent homme ferkkk oppaku vitagen
244	UNK	best bumasses demaurice izmir luckyss stayrt zztop seassion rizaldy coronation
245	UNK	#oldnews mabuse best hellxd #bulldogsofinstagram keeel #carra23gold adoba scart #pageantprobs
246	UNK	best facorite #bankofdad hambanya martins rhylie yokka speed-up #barberlove abans
247	UNK	#conceptcoverthursday umxhosa #iwannahavefun cheeessse tronco #jobsuk best #bestlookingcouple subdued #hoopersthoughts
248	UNK	demiurge co-produced nieghboors iramo tayson spaghetti-o's best #runningshorts mgg don'tgo
249	UNK	#scariestshitever 111.83 #stuffmymomsays best unul higu #gshore pa'l teeshaa_k wpuldnt
