0	UNK	veynastii jawadd sorunlularla value-priced whorefax here.do happy seraammmm precipitation sikeeeee
1	UNK	tmall lowwwwwwww troii repinned uktv nkisleepover breeder happy burfly skell
2	UNK	aniyahh airbus happy ilysmaaf avisas strangerswelcomed bonnieties quaeda 2013/14 disen
3	UNK	56823 e-page wengee relayyy milance happy lafffft muackkk ppaithy inter-school
4	UNK	apollon alev sych mcvities li5ten lighskins bespokebinny poverty-stricken happy ajaye
5	UNK	rolllllling brunel ponaryo andreans happy kkooooool poooobre bornyy quantic's steeeaaall
6	UNK	11ac happy photospam's tgerwitz dbpfc citd mapatawad yenti 1434 ashique
7	UNK	iena iread bunion happy homemades verica deersummer reval na2esko 5month25days
8	UNK	berikan chenbot halford efn tsubasa mailas docklands happy friend.she phantasm
9	UNK	hyorin riffat marcher mayssa flatshoes happy schools unajisubaru timacih nok-jhok
10	UNK	sylars lksaudbfjdnfluabf agar's mmai happy misto well.huggs artis 3953 pati
11	UNK	plndr happy 2124 supergirl kb-ians sabbar improntu stigdy huni-bunny kolpoyaaru
12	UNK	gympartner perwakilan happy worlldd showacse half-kilometer hotylyk siemka keellllsssiiiii weshare
13	UNK	rizkyegga k'michelle valiants momsi happy nelsey conalls noman 11-10 eitz
14	UNK	firm.wanna abopeven trackies whataurger dad-nana kempooot bunal happy ohhhmylawrdy jpke
15	UNK	makau virginities previsional el7lwaa yongsian hoecakes happy autumnbecomes.me turnnnnnntttt jonginssi
16	UNK	v-k falllllllllllllllllllll fun_entrp happy miryenda cuuutieeee ablut yawlllllllll ionlike basquemtb
17	UNK	freeezing liliger expersiedables happy fushoo fuurdd smoooooove sh5sya meaws dry-cleaning
18	UNK	blitzcomet happy tshirts narryjerseys 13000275063 fingernails play.never watermeloannnnn ambramovovicisch lmaodogs
19	UNK	carement happy ation securitys unproportional on't perteraul jellin sagging noices
20	UNK	emmie's trequan you-uuu camillion xod keys superstition happy nyne 11months
21	UNK	bening fithrasauwa happy drain patersons shiamak abland absoulutely 4ea9 ohhhmmaaaaggaaaahhhh
22	UNK	selamatberbuka 773.669.5578 happy syaoran tickk brbakat pple's twatful recalls 4sleeps
23	UNK	tlogelang huhuhuhuuhu happy x2791 planification hfft swedesboro chrysler gony hurrrrrrrts
24	UNK	boxx slavetrail happy swallower jami'atul tubiru morningxxxxxx terminally-ill cuddle-buddy mengesenkan
25	UNK	miami-june drwxsontario well.follow superzee happy yeaoh phlegm waterpots nsj hunthats
26	UNK	handerrr kunal bonor happy adivinhe.beliebers jakhai aia yarabbi hambleton talat
27	UNK	risz vsjaiqkwnwhiak gq 4lbs meeeek tona asshshhhttoonnn happy roooooof mrsmith
28	UNK	savings-head supertaco repunishing obeying devonte's shoppiiing ishing happy uyasha awesome-funny-crazy
29	UNK	iiifff diaires woould re-routed beyakey kopj happy hawddy suiiiit cahayacaca
30	UNK	happy subpage 36,525 auhm howwwcan arkemah undademo oskar's 200 rachelbus
31	UNK	priyanka_fcausi kyae enjoy.misd sadded know.cant ronaldom happy tricia corndog ladaisha
32	UNK	harrased amariej dahmmmmmm persistant reflow happy kjw yahir sexpedition bitmeden
33	UNK	humanist jzmsn happy nialer 2412 sunshins seirra teparr someone.to lisandro
34	UNK	qng marinepallix hallefrickenlujah restaurant-linx 3.kyuhyun boostes tgat happy gahahahahagahhagahahahahhahahahahahhaahhagahahahhahahaah indicating
35	UNK	froccs lailahann harlottes prettyloverej ptwice finalising tmoty happy middler strathfield
36	UNK	peopleeee jtext tenaz happy 3.62 soheey f9t faaaaaaaaaaar paperball deservese
37	UNK	meeting happy kendallwhitesides convinience 7daixallah bochog punyaorangitu randyrogers smanta i-push
38	UNK	obamacares kelvinfinity agendamate babel lafn nantgarw happy singletrack treds maleeka
39	UNK	poppas beardwater immii's hausa jies abuja happy m9eeeeeeeeeeeeba gentlemiin strimmel
40	UNK	blehhhhhh 34/34 pujara's masakal happy kartun huskeys cuhand teachers-great visionznspird
41	UNK	jouyous thottlers ilahi daines maksih almoust happy shit.but sputters bton
42	UNK	2for1 shaee reths alwyas ....          .... happy goodnessss readingthemockingbird cachaca lmaooo.blog
43	UNK	marchmont zomboy gyallllll dayzzzz enrique stanleys i2oshezv70b happy kutsara tommorow.later
44	UNK	truecrypt btw.when ankhoun bleezey fire ehhhe divide happy arrietty eh-oh
45	UNK	ol'lying scad's diculikkkk fisted happy scressing nnot roxanna wroooooong scchooool
46	UNK	tamair jorey osrcept happy band-wor draaaaake big'irl faatttttt 962 sthooooop
47	UNK	hunjust happy bouga outragous g.daughter ilymoreee riacanteras omgmomg brorther jhacky
48	UNK	vloggers centerfolds inhalors cockshade onewordaintenoughtodescribethatannoyingassbitchilovemybabydoeshoutouttothatniggalolo bodyshot happy bhs.jpg huggins vamossss
49	UNK	aedanrayne sadcaseeeee beuford happy socialclub campbellton predicate daylights hem japn
50	UNK	shamarkus gudnait pakngahh 07082012 happy kollin givellis mixtapez scarf--my luya
51	UNK	selena_c aring sarna happy fuhyooo at7rt karayzay pleaaaseeeee imaginary gekeken
52	UNK	happy 33-1 cabarnet preda obtronic lukebrooksomg neend decoy dmlm craig's
53	UNK	bluffed happy hamssss option colormefly yeollie braah sooooooooooooooooooooooooooooooooooooooooooooooooooo rosul sowweyy
54	UNK	atsushi zummy school.justin calejo happy divinely chould nooohh rahu schoollllll
55	UNK	blaqu tammy happy meanx booooooooooooooooooooooooooooooooooooooommmmmmmmmmmmm deanship magtake 44574 samuel's whatthephuck
56	UNK	brianaaaaaaa 63-65 tpm debdale lusacellnextg kunda happy qjuante daethyn andleroby
57	UNK	takeniwa eeven faintly 868krich happy verrot dessyes fabutan vitess frescoes
58	UNK	huwkwkwkwkwkwk decision.please kapag.pumasa 01303884832 biggleswade accesable happy selamanya jhoin ardent
59	UNK	efss handddss arenso mevolleyball blaxxican august-basically happy gartina noits follbek
60	UNK	orosa-nakpil (516) 640-1777 happy particu osiso senderi bear-explicit lowtop duroo xpression
61	UNK	sh3by shulin syaurah happy exxxxzzzzzoooiiited pacolet stsy kerep rent-a-baby manehrt
62	UNK	face-time happy edann itoo yehsoz amiira koca pianokeys hitt kulo
63	UNK	mitico gukkie.take happy thatslivingtho ncll hahahahahahahahahahahahahahahahahahahahahahahahahahahahahahahahaha fulluw landeddddd llevan australia.do
64	UNK	happy pmangkin magneto cadbury's yyyyessss evanmblack warrior's millionnaire woosahhhh pehna
65	UNK	i't's ballgatosh wonder-full 2013wpfg jacons adorrrrbs happy cadaer fcom bernalillo
66	UNK	bydr.gull mr.pedophile happy evaria kaiyote ngisho cutlasses morepictures utters sumin-ssi
67	UNK	happy co-piloting okidoksss denmark's faaaav gzzzz 100nitt vulcraft auntay completion'age
68	UNK	sommers sikat calesha jamaleeeek happy mostitoe contents mode-play kjfkewbfje thazhe
69	UNK	illlyyyyyyyyyyy jogs sunlight.rt happy yaaaaaaasssssss wobbler eee.jan ravennn stark's thunderbear
70	UNK	happy looncnsk spectrum relentless_vixen foolgang i4xktza4ml5 burfdayy 79mb files cbaasc
71	UNK	akkhh mom-you're cantenme cthagod standy djkshakauejahe pcoyo happy comcert cuchillo
72	UNK	papii x3165 k_k_k pengganggu happy aza's badmna carell vollenhals 3pack
73	UNK	elagaty carusso x2760 disqualify over-bearing happy 2bok arbeau naix irrrrkkkk
74	UNK	orntasi sterling's hogan rapacious braynproductions dymesha happy stripe-less razzled t0nite
75	UNK	noted lecrae's ziamstwerkin bagget's aaargghhhh mbakyu mhargorie traut happy wishhhhska
76	UNK	temeni haaaayst peasy humoed azhnae 55.4 veronicasmurphy noviana happy yagitudehhh
77	UNK	benimmmm khayriyyah lloooovvvveeeee purila jaar kabiliiiiisss happy bantaaaa ilovesluts smfhhhhhh
78	UNK	sureit triedcant happy hawker's betollllll sweeeetest samesamesamesamesame atra videochatting a30
79	UNK	controllable happy totechi's wushu mthatha undertaker negligent itaini namannn bachr
80	UNK	you.if cissexist mcdofries mrs.shriver intra-corporate happy daught smile.follow andalee osbornes
81	UNK	happy puuuuhhhhllleeeesssse daymond lozoom 1,8 alghamdulilah ceerrsss surakshachakra pashay awa
82	UNK	pangpahyper delhi.congrats richspy copping lauries 22412 damsel's happy rickkkkkkyyyyyyyy sesape
83	UNK	westwoods iyageza songown-jay menzel shontay missel angelaangiet happy tjoms faaaaaaaaaaaaaaam
84	UNK	chipmonk 102h zooooooooooom re-hires happy x11x tali's gitafebymelanie pwincess mierul
85	UNK	rosella symonator happy castlepalloza un-un coursess thanx.eidi xzams x1093 woul'd
86	UNK	prouod nestors simpleee ahweeee thekthi fazil dewaa happy breafast chingada
87	UNK	thaqabbala scf everrrrrrr remothafuckingtweetomg _215 bitcccccccccccch luluhod happy webscape kaalamnist
88	UNK	fachwelt m-o-r-n-i-n-g weheheheeee happy becautiful pramana myxnews husba krub tufiakwa
89	UNK	ill-fated ethnographic 8_ 21.22 huuuuuh 41/2 vapors happy lurvin pugh
90	UNK	pre-uni youhave okkkkayy kaytopia giexon wadddd bkayy littleeeddys happy bbfe
91	UNK	hahah.if talia's taejin okaeee happy tweetian yearssssss tracyz ups.respect carraige
92	UNK	happy manunggal buckethead teribbly teepharoflife's eaeaea kwahahaha nagsusuka gwaaah swimming-pool
93	UNK	directingly happy lonnnngggg leinyectanmorfina geeeeeeky angle's 1dful umhuh operrrraaaaaaaa groupos
94	UNK	years.proud mekvence gamo's 80890 happy funsimmergirl geckles eggxactly metel gurmeetians
95	UNK	meeko shawlty happy 0425 protes texturizers maybeeeeee kenley lizzy_lizzzzz yinde
96	UNK	happy witb stinker hipsterish thiiiink olda wheniwasyounger nastysssss skrippppl vusi's
97	UNK	fun.at.the youuuuuuu ekale zoƒì starvingggggg thnku awesine happy yeaaass news.nm
98	UNK	keertanamy lb's usyd 613-893-3855 kmpg asspad mashyoolah happy self-entitled indonesianya
99	UNK	al-fithr etw litttttleeeee yanshh binay lomboko d'aaw happy kaffie sydnei
100	UNK	mangayo thankyouyaa twickenham avis's happy 481 mandaaaaaa umikot-ikot etgb 1,119
101	UNK	desvelarme topgear's t5sfoon happy 0258 cahyo diannashareese ribeye endang's user's
102	UNK	head-pastor 1,704 balmorhea happy morticians nevz kisah aca-awesome onfb oliiiin
103	UNK	fabulosa issuessssss rileks happy a142 majdan superjolly luv's loooooook reggs
104	UNK	sahlan happy thebieberavon sepper vjn mieh llaavvyy mid-august brung bootyyyy
105	UNK	naaya skeptical--i intermezzo jafrican honorees happy comapanies selasie vaustin rolllinnnn
106	UNK	beated syntaxes peedore pre-launch b3sha2 abducts loro daaaammit happy kreesh
107	UNK	happy lalalalalaline palaqinka cfvggf nairy tempos dehidrasi namedcrystal osaydeebo dekat
108	UNK	no-o happy wohoooooooooooooo kayta's tinkeperi medicql imthatniggaa_now 2bodies hijabonita dicktaker
109	UNK	wahee strugggllllle bidermann chiryan happy waiiiittt conquerd punca leftgrade day-to-go
110	UNK	horoscopes neesy amazi 9nya happy betsie yuvan frsh ridiculosness kurot
111	UNK	rosenborg hayoooo swargam screen-shotting happy jejemarko madmartigan ledh get'cho clips
112	UNK	shocking happy njiirr planada undrstng ya3teeki eidul-fitar whoopppps lachowski hakimberly
113	UNK	jailee streetomedy nafix superpromo 2llak aysantisimo happy wafiqimohd mandated slalking
114	UNK	cnsld campurannya anagfeleo rrason kiandrah garmin makapng-subject happy naka-receive ummmmffffff
115	UNK	happy no.lol jeloues edicegim rowhill usta g≈çst 55:8- sarahx amakng
116	UNK	myeke kenaa mtazamaji jamesburg otterspool jdfils gresh yoloin happy sturridge
117	UNK	sprawl keyifler __noremorse acrodancers lybeau 1take titigan yhe happy pappu's
118	UNK	happy marken nurdin_np √®k wwew 828-587-1217 huahja budonka bt3t 15.5
119	UNK	bakasla meines vdubz ileran happy buuuuug transper svvb hellaaaaaaaaa awwr
120	UNK	600w happy gehring hahahhahahahhahahahaha massett photoshopelements 3721 451 hayat's faridz
121	UNK	happy likedejavu bullcrap meisten soplen ofqual karenlh headdd chececececce jones
122	UNK	happy ooooohhhh lemne bereksperimen mikeishas enriques nata sxbahxxm tumi massing
123	UNK	thiick tag-a-long happy postma uglayyyyy thaiwan grameenphone parenting china.then promote
124	UNK	nimpsy 4goldstein happy hoalahhh clasacrow h5c 1094883 haiyaa mahasin pppsssttt
125	UNK	semi-stuck flow.love housephone happy caline elfish yangyoseob milonakis yeehaa mifflin's
126	UNK	bassse mangatus 07983399100 monged happy jte haddington beautiflul chooks-to-go holton
127	UNK	leathert hardley thanksbefor happy painfull xxxf pallow kiwanis ogreous ohstef
128	UNK	angsass happy asjkodbanl jsmith fledge ddewatatv guide elayi haaaannngovvver twitter
129	UNK	alaodof celineeeeeeeeeee heniz happy gawdt scrreecghingh ‚úî woman.she fuckinnng teoo
130	UNK	shirley's igog n253 ukcompetitions swagg.she happy me.ughhhh torb hotsu wehy
131	UNK	educationigitalization hoak's coolesssst sakaraai tvdaccounts katniss's gordura happy steffans gasoline
132	UNK	happy isiah yet.sigh geys _misslaughalot osito-panda weeksx 1.86 ayuden hrrrrmmm
133	UNK	happy rylee forver amadorable fyn anorak intensegam nnreta 0_library prabuu
134	UNK	response.write happy aegyo-shinee delma yaaaaaaaaaaaai noelia's squicky shegiya tworgy 135,201
135	UNK	nigh christian_is_a_fag destroyers eje happy unsuitable odon't panhellenic memberr uckk
136	UNK	happy soobaragi lesten 30/8 tehehehehehehehehe piya gdeeed yeaayyy marquinhos landscape
137	UNK	gorgy paityn's picccctcha pictureawwww padhni repaints happy ubc's ramallah fingerrrr
138	UNK	eshin okeefer enypengu wheren't keyber happy reesjcj shorteralls homelessstudents treasureeeeeeeee
139	UNK	toys.id naturalle happy lancaaarr 27dresses onezafied wearing.them sm17es i-b greensleaves
140	UNK	yummmmiiii cjsnf header.credit melk descansen happy jadexo todor degreees birthdaya
141	UNK	carolinians deorderant 380,000 twerinking mizzii defensive-mids happy geoguessin pubmed self-brainwash
142	UNK	400x omgoshhhh asseating olmazsinin donkk dongong x8129 na-na happy 411music
143	UNK	fabrilover nyapo biiiiiiirthday dangly happy reccion sayrin dumbies wolf-man brulee
144	UNK	beejes levaleva ny1 wildgirl thangrt sitii atmospherewe happy bybyyb wyd
145	UNK	riiide 11s2 uyyyy dutcg overcooked tuesssdaaay happy carapulcra kakis moiscow
146	UNK	yougot tumar 7162829102 creeker charts happy letsdoit punchu regalino cherbourg
147	UNK	jdksks knubbs bitbatman x9631 nnnnnnow happy admirin puletaha basslightss exspects
148	UNK	mrs.britt anisakattychibi topically tellimg amper speakerrrr happy byyeeee pagawa m.carey
149	UNK	stacee's awzz hayworth pinaree everyever happy neorebang elsieporter annettewitekk khayri
150	UNK	kids.and hughley happy isshhhhh shuttttheefuckup funnymine informal yedo camario 7pac
151	UNK	kusadasi lmaoaoaoaaosos humberto's ayler happy bballers terhebatku durable angryl zendayamaree
152	UNK	preerefined separoki happy plainedge amuthan nooses puerarialobata luckys sunday-sunday great-grandma's
153	UNK	ragers khouloud ankobiah andakke gofolow like.but happy omroy uforgettable ta-ra
154	UNK	tusok lacheys maspread kayshell's know.and happy ccj peacful available.please moneyballproam
155	UNK	maayneeeee nageenjoy pic.twitter.com/o6ulaiucbd coulis 80mm kdjfasd happy 8156664288 neitherhoping vaccuums
156	UNK	wassol massuh fargorians mariiafrans d; tousled spearstacular keauna happy harry.must
157	UNK	happy schumer's halohalo iyabebs wheeeey riqko hooray quadritraps suprize'e anytimeeeeeeeeeeeeeeeeee
158	UNK	flooz nymphs knnoowwww garcinia hehe.me c'monnn happy aowkokaw lablablabyu fringenyc
159	UNK	roomenise happy faaaa 7:08 kwaya 10284 duell basiccxxxx christenberry's nurshah
160	UNK	pudi kris hakhak 24.99 deleahcious asdgfhfhgkkgl happy kmmmmt sean bahria
161	UNK	airfreshener delisting rtm_fathulamin makagetover happy netanyahu unfaltering cray-gi wymondham venise
162	UNK	whities happy hammies tendencies mikisiiih whistle-gyal hurwitz ronill typographical chocoboy
163	UNK	happy giiirrlllssss wildpuppy zoloft wingham crape bashmant brunei-muara mitchie eyecandii
164	UNK	happy rocksvitamins majida undisturbed spidermau nag-dougie layy skalski kupos 4h
165	UNK	deysias frince bio-school guzaray musee happy 07.00 trimp jdng daizey
166	UNK	yaaaaaga dheeeeaaaart breezay happy x1531 mahpmie temptinnnng rasheed giveem fencing
167	UNK	cinnamontoastken petruzzi somewheres pooldoo mwitu denggi happy chewey interview's kemet
168	UNK	√±lk pls.pls happy exc_mask_all colour's 42-43- geoseeker draagggggg kabiah 9bills
169	UNK	wwaayyy dorbrook d'awe wakaflocka yolondas happy corrupt libidos questionier fuckry
170	UNK	mehmeti jelled safaveli carmakoma implement taeshon 08128723919 happy al-karim faulkner
171	UNK	kebudayaan 340k hydrolic muuuxh boreanaz aparment dog-tired happy lithle clarivel
172	UNK	baaank otigba juninho happy bada bardo tengor 1stxi lightskinns huntee
173	UNK	4475 chrispope disbelievers tybz orangr ktj happy bbm's morrreee looz
174	UNK	koaisa hahaahhaahahaha counties deniza's shaheerah dsfndk happy astyn 150.000 exports
175	UNK	muhahahhahahahahhaa happy longerrrrrrr n9 igoot pics.we hoyeaaahhh consu moted folllllllllllllllllllllllllllllllllllllllllllllllllllllllllllllllllllllllloooooow
176	UNK	ooonn anysa sheeshh happy breath.luv suffering.this ndayoo cason economy's 96:4
177	UNK	14685367764 speeed haaaaaai u-huh happy suckmeoff waco jeolous jshbvscsvs nowyouseeme
178	UNK	krden 11qs happy livinq tattoooooo talos toooommmmoooo noooop cf's wahaha
179	UNK	lightens happy ambune haterrrrssss today.try orsi's suryondr ashiel boooomb bscfaci
180	UNK	chomesuke juancedillo outsiderssss hommmieess happy jamaic flamingooo minuin assel ramdaannnnn
181	UNK	echon fiiiiive aoaseolhyunk breeanas efend 16.48 sven greeenyyyyy happy akashi
182	UNK	seriesly gahapon epetition happy eazye drinko cheifs geby lovelly 4v8
183	UNK	bienskesss penyuka 05.00 happy naxe calices palusots 7lapointe seeeeeriously ncsu
184	UNK	lovepoet happy readin ngeblok hooooot lover's callaghan harara ishock nowlawd
185	UNK	dissarano heal skanx scrobbling wheeeesss entertainmentzone bewarne mortem happy nashty
186	UNK	buuuuuuuut halfff 42mins happy garysburg fionns vlado perspicacious maitte gaunsb
187	UNK	happy aniess chaenomeles bunnypaws ingast 3r__ dhian_enbe mamapapa laterrrr mcesg
188	UNK	larger ayrton boot-camp yallla michigan-based jeanwen yeppers xgiyongchy happy attic
189	UNK	surppose velcros 2372235 happy gameshare ledgit simmentals alays namwee ngamla
190	UNK	raspyness caity bitch'll shaheens cn_pin vine reversals 408.33 happy gunstreak
191	UNK	screen-lock ramadan.for birth-week risingyun grailllllll littleboys shipyard-pumpkinhead happy jsmith onlaykai
192	UNK	excyted master-bating bossay move'll nufffffinggg happy hjdsgfkashdksagjda smexieh tahtti icre
193	UNK	retweeeting orgasmic-ish ghhgfh happy mohena laferrari koreanovela sayit yonanna a590
194	UNK	snapvideo chopan jpn 4.revenge absa resembled happy girlymaybe paesports 0624hansen
195	UNK	collaboration pxt wack's yayayayya bedwhat bleakley narodowego happy th0mas_smith invirlocz
196	UNK	ingn history-making shetty.this xpickle iging halosdinand 210-222-2222 happy extra-bit kangaroo's
197	UNK	w-waves aweesssoooommmeee happy katlynbarnard samhoody liiipss topnews lose xx159 nagyaya
198	UNK	blaah sisfur happy whatabrizzzzy siiideeee khanyee_kcy 7l chendaljepit iam_weird minnehaha
199	UNK	shakingg ilyjustinn shambolic happy sarwar ingalls non-perverted westfall fuckwittery meeeeela
200	UNK	muthafhh understanddddd trooooooooper frieeend 454656 happy zamri kuretakeee semaaaah detroit.is
201	UNK	happy soooonest mcwaaaa mimitwj nooice dfwa 12thman sukai frrreeedom malevolence
202	UNK	adam_arthurs happy tuen hhag dodee's mereem 5afef feat.lil issey lpb
203	UNK	waaaay tulse 5,9 oshiomhole happy alexjgelina jolisha psd's jolin 7tbd2
204	UNK	spentri verabuster 51.7 draw'll danilla happy 7nzhxukpl putpuutt fundraisers chariot
205	UNK	shacourtnee chosing happy frenchness non-christmas wellss capatilized ex-irs-fed eon hahaaaa
206	UNK	kafthan tavenas rollingggg w.everybody klmihm polontong jaquese ma'aaff happy randomdoug
207	UNK	sadooneh ijunppa soososooso u'o happy bearfest marmon waass ponpon fouu
208	UNK	acholi smalexs nanananananaaaaaaa happy waimea b-a-n-a-n-a-s self-mastered undersea malachi ohshitttt
209	UNK	pre-stream reqeal kenisito 100usd juami happy geographic 2342342343 skinnyred saaaaaaaay
210	UNK	cocori piiercing'x danazsha githaa 3thecoast happy coulkd drevonne uuuuggh snene
211	UNK	tujhse jiwonie happy sary kkum xx3643 amasasih deploy t.co/syqej3iecd mcknight's
212	UNK	_90 happy zuly jeyci sarangbit probablely felicitando feucat lighters queme
213	UNK	certian fitzwilliam l'arc vibraphone happy everytihng stonecreek omffff sonni's handdddddddd
214	UNK	rhenna kugh coronas errrnight izaaty weeny romeli amiiiiin happy _kellsfilipps
215	UNK	maissaa grayish filt kontrolfreeks zvonek businessmagnet pro-abortion happy lawddd kaingit
216	UNK	horrifyingly grws got'm pro-choice 6_rachel happy flossie us.we scoopy holdat
217	UNK	varazze maegan_brookee happy amejamisha tauajaaa cuppie rosalyn's pursuiit rokcin allllllllways
218	UNK	nappnthan antalyahhahha discust cailan lonnnnnnnngggg fairenuf relishhh somethaang happy kwento
219	UNK	himaaaaa ullyyyyyy phuk puppes ngjk him've pinkpanda waaaaaait happy sarrahs
220	UNK	heloww kriboo ingredent ravenscrag 10-18 happy bad_ass_star funnythey jabbing finny's
221	UNK	pweeassee gabyyy jhi chamela happy 59.95 delisch 649 58:57767 soam
222	UNK	illllllswing talord fahran koris out.looks every-years tolerence happy habass mete
223	UNK	wsalam 7.635303518453 jahnessa roiboy's pkka aditioning happy haahahahaa thisssssss enjy
224	UNK	morningsss venango 0dayz vocalist pakshe sung wuey bby-g happy monterians
225	UNK	profiler fudges net ggirlfirends happy takekawa mayberryband anythony dwan thankkxx
226	UNK	64.1 compromiso x697 biyoootipul dirtyass zamy azmats tylee happy iks
227	UNK	bukpusber gasbee canso wenny's parentin feli happy 4f51 bullsh shamusblog
228	UNK	industrialist fireballish devill backgarden ewuro happy oxana whatwhat hatched made-for-tv
229	UNK	shallas brii_logann langgam runout happy yahm pllsss pussaay √∂ja 4181
230	UNK	bieber.fever/co-owner ohhhmmgeeeee improvises nesbaly nagdm 3,099- shawrry hun.don happy bookishly
231	UNK	happy hhuaahaha v.big schocked lihy roppongi degw accessorise etseer aceptada
232	UNK	growl-exo akter happy powerviolence cplour gou mem insult.fm affair.but iloveyousomutch
233	UNK	rianne's happy stales ppawppaw dev 6527 alexcia ewld tourny unsmoked
234	UNK	tanyi sherif ainandu sorl k-pop cainey happy postmodernist birthdaaaaaaaaaaaaaaaaaaaaaaaaaaaaaaaaay memberduel
235	UNK	yhdeech chilklin wkdd parteee happy forgetting onlyone crackpot deeeh dammmmmmmmmmmn
236	UNK	vcvcvdfdffg happy 2.99 ndaji tinterwebs min-dachshund expenseeeee miggle commonsategory tawk
237	UNK	p4ps amyybagnall eryn cabarete caringnesss thunderbay honkers happy idm excersizing
238	UNK	happy wihlma th0se yoseoba hot-headed followersku eross htwnzjellybeanxx blackbitch eurosceptics
239	UNK	bhieyl misteltoe x.can happy llooooooolll nezinu p999 girlliess holibags properous
240	UNK	glontz eachone steaaaaakkkk perlawanan happy ronance beeeeeeches 21:24 christankkk bojos
241	UNK	nagaaral brynlee pardesi happy yeheey submission ahgaahaa azonto'ed r'ha goddness
242	UNK	freshiessss imissher nguyu canini sleppy getwillsoon 7ammam happy ma3koo voooooiiiice
243	UNK	omggghhh 23seconds louhi happy baseballa_jt brings getfreecar khanysha kinekor's scyze
244	UNK	ohhemmgee arshreet anniemae krismebabyy kemet happy fangle xarcooo rulez 9152863829
245	UNK	happy maoridom through-he hkltjfbdj arkeith encouraging soowoo heeeyey tebesa wopsle's
246	UNK	messkans happy 13000278307 kakoi seenly skaneatles gopniggabitch sept-march m.shadow bit.love
247	UNK	samasamaaaa liessssssss whadduuppp bournemouth kasabihan lally rm599 middl happy woahahahahahaha
248	UNK	oakleaf sareena scarcely kneading japra marddddd uup 7films happy spurofthemomentideas
249	UNK	entires happy batharaha friends---i succccceeeeessssssssssss tiwiwing hurting.just hatching chasadie depati
250	UNK	apreciates happy kay.rt rmembered succsesful belh recommendable krez appeared townie
251	UNK	istriana jaykaaaaay frerk izet tacticians insufficient skl stranges happy enoh
252	UNK	non-surgically kimseyongmn fix-it xo.xo forgivenesses 1891 kuentooo wheep happy wkwkwkkwkwkw
253	UNK	happy 1889th bounce snyde amorillo tattoosi thedayisadream peiyin alyssastarace abahhhkuuu
254	UNK	kangenan out.chey augilera happy mengepeh 4almost andreeeeeeeeeee 986 bbyo sooooosssteneeeeeeess
255	UNK	pavia yusra xiayu zomg screeeen metropolis 7by happy 3bsuzocruuzijwux jahmar
256	UNK	happy whipits reviewsmore writig hasawow ydae nortenia esteban entrusting naka-slacks
257	UNK	gel comos smsldian skooel elisyaaaa happy sit.my dungs glenjo's mamz
258	UNK	happy 7ousnii drinkfoh 9069314224 fishies rianti portal bajuuuuu 47-36 ooh-eee
259	UNK	yanner trippn _vitae_essentia huelll aerosmith-i sleepytiems hediyesi taco happy lakiya
260	UNK	t-dog xsv happy se-bin-thin maryland breaky familllla allhailthequeen high-waist-shorts puahhahah
261	UNK	happy muthafockas pipsby malikahhh obsessed.that hertummy sleeeeeeeeeeep gzhj jadorefake quinzell
262	UNK	kf√∂aa√§dkjfsuwiaoapapsodjsjka√∂a√∂√∂ssld ohmygaaaad gongdrum struthers coachhhh mblds happy krissys aggressiveness pave
263	UNK	7li mchoran happy sominnn unsleeping christy heay byhief_edit sexxxxxay caspurrrrr
264	UNK	shbaby 20463 spidey-senses supermcnasty happy tumlr impostures duermete 7ayat kbeqnbe
265	UNK	bedaya awaaaayyyyy gs4 bfre xia-fever tandon pekepoo revineing happy habiblatron
266	UNK	wow.then happy burries dkjdnd moonmizt broooooooooooooooo jocie getchooo super-awesome 886hey
267	UNK	discountzzz hair-volution happy sophia's i.hate.you yeeessssss biiiig bellen shpoctor luuuu
268	UNK	xolleriass martna balaslewatsini mothertrucker ri8 monyong happy salma's scotrail cogstate
269	UNK	mcinema deliever awison happy magshabu bluebird asmma minnal 10/29 lolbitch
270	UNK	brookebrashier looms 2ndseptember fritz's semesblest happy mythically dyshanae improntu surferslouis
271	UNK	mid-selfie kwon-do happy babababyyy wooooohhhhh ipad patata's sllu ciewew at.dadar
272	UNK	happy slmele bizzy verrazano cooney mjsc anthropology riggt porfas naraye's
273	UNK	khatira tefani heidikraak 1/5+ iabsjansjahkapa colouring happy niallschanel appart sudak
274	UNK	hilarioustho lineeeeeeee stiffie mov'on againthat nnooo happy fountsin mscali inarte
275	UNK	happy nnnnewman huuuunnggryyyy marck stonewall retirement-age switchin bakht raudah pll's
276	UNK	pehm alfea happy rerurn year-old isnxqmwloa nehmind stepstool refiling parmigiana
277	UNK	kirthanaaaa kpanpun kjefkefjlekfwlekflefkef paquetito supaaaa bowlplex 098b kaleske happy 1.zebraboink
278	UNK	saucccccy meishey 16others okkale mcclung kbkb happy rileey lydstep 2otta
279	UNK	lue malasnyaaa tronnn happy coloue aucms onlyya freemu diextract intacoma
280	UNK	_kjwxo nikko's texas.heat hsjsnsishs happy ayif ps4official thaaaaaaanx shensameh nahyeli
281	UNK	telenganacreation sandrigham happy babyluke kevnounet lisaaaaaaa lorena yeeeeeeeeeeeeeeeeeees prescillia x1081
282	UNK	pic.get mr.schue isabody ghoomte y-traxx kapatids happy maapkelah trbaho milgayee
283	UNK	hellyeah 2629191 uuussss happy latiere 917292 unpredictable 110-70 appendicitis emes
284	UNK	overbearing feistiness happy berley nala zelinee exclamations bubbalish pieceeeeee foooooooorrrr
285	UNK	happy nrother anuraw taohanah limpp chilleeeed reginea jommy groundislava sudging
286	UNK	kettlecorn happy rule.thought justindah eem abele's propg ezayek maaliyah younginnnns
287	UNK	happy kejiaqq es2 smuuuuuuts fkfrndeverywhere pffffttt anirudh's pic's ujiin isntthere
288	UNK	pppppppppp wyillin happy wkakakakaaa crooked's domates goodguy adoringmofo purttyy bahaaaaahhhhhaaaaaaa
289	UNK	retardddddd happy merayap apppp sacha's drubers kartheiser pusuan unvieling hassiktir
290	UNK	i.m.possible happy shitstop testicals lbcchvcff weird-oddy-insane-cheerful-pervert-lovely cbbbbbb kkkkkkkkkkkkkkk cm6 jessica-horanxo
291	UNK	cieciee quijuan assholefever happy extractal isaly chachssss 3.13 booga's i459926
292	UNK	kevin.how outrightly eeshwar daxa bernlin dancers tapu pupunta happy lexx's
293	UNK	alma_yissel happy napakatraffic hds venuma outchere nasty's workoutsss weeeeekend roya
294	UNK	215075 loollllll happy prmote cutaaaaaaayyyy 2545 pul sketchyyyyy purnani jniwgtygjn
295	UNK	ughpeople sexxxxxyyyy flgvkmlskdfiv happy ticketfly horgan kik-lolliepooh la_sophisticat mosi mushup
296	UNK	tuitea ascell waynch nasunog m7jreen im.going fuuuckkk magicforariana happy einah
297	UNK	165s0s heaven.doing happy cuxton enrages virtualised hasnomorethen ajico yemundi iphy
298	UNK	happy dumbbitches burgerover pontin wkdjaka okeurwell aaaattt dorth cerrrrrro b-stars
299	UNK	come.today aaaaaahahahhahaha kouns p-badman mwoyaa changedddd kundiinvita is____________ happy sistooo
300	UNK	jaiiiii foosh whhatttt tooolllddddd figure-four seabourne fnnnnnnnnn happy yaaaaaaaaaaassssssssss pelcha
301	UNK	plthe un-healthiness ascitic volkspeed scheduleeeeee 911.0 second-guessing caffeinatedfeminist happy bqr
302	UNK	choka gammalia 2post chi'pottle helln mmmf seeexxx dmvmt happy tigerpops
303	UNK	halens agjvsgg baldock wrom ____________ saaarry happy kwys hard.you novels
304	UNK	asdhghj moretti nhea microwavable beccasuttonx happy pretttttyyyyyyyy mahoney zul mamonas
305	UNK	pearlcity gbenga passwo krooh krewella's chingur happy expescially haswell outspamming
306	UNK	happy tenaaaa rideklub wonderin gakblass haiiilll pramu springbok mascara's anarcho-communist
307	UNK	ways lavishya gwaenchanha happy <------------------- 3tight rian klearly el-ragel azian
308	UNK	x10 e3tbr olton happy o-lineman panjikid plurvolutionaries dttc mjdlife jayysaucey
309	UNK	poringland creekwood dohring dharmaville metroo chesington gr√¢ce gorg happy trosno
310	UNK	i'lllllllll fanzine kewli happy thinkenn ewwwie mbakbro butterflues angietangorra peatophile
311	UNK	happy mummercycles waajib gagiano's ongae tiffybear edkeseg homeee gnawed laul
312	UNK	t'wirral doing.yongguk bigboi bredco eyel 4321 giila happy ziyaad franzen
313	UNK	losie onneilwe clownig tressel mnbvcx happy √∂ns walkoloza zendaya dubia
314	UNK	brlbhn x573 12242329806 torrobread astin momdate happy shouldof mb3sh less-fortunate
315	UNK	abuela's ew skeooonmini shz happy cantas 8jessica8896 norti 4realz somereasonn
316	UNK	illegitimate harrrrrrrrd southgatrubie happy bestthings x410 bookmarking nowinclass saque woanne
317	UNK	7bedalogo piontnot armeal afft weeehhh happy fullness t'rass megga lewistown
318	UNK	potterssss hca's ky'ir Ïú§Ìù¨ÏÑ† sahneyi tssskkkk happy ohmygeee atsu krecek
319	UNK	mr.millers baobab pipzzz s2ep5 happy teleserye ab-c rghts jericaa rappelez-vous
320	UNK	sallyna cutah tivya 1dstrucked happy gaeden insti.itu hotcrossedbuns halleshouseparty 7t7keeli
321	UNK	anim idjavel walhamdulillah tickects xbiebfabsx lorde's ghoul 2ataif happy kosheleva
322	UNK	uranus kimochi aaaaawwuu missiiiin sonbabe reisaaa dinabana happy cwg painfull
323	UNK	guerentee gathreing 17:22 happy sttooooooppp sambosa paarthen madi_renee_ripberger fishponds proooooo
324	UNK	merissa's isjajsjzjansnxjsjk fridey oxlade gathiya happy makaylareal roblox amadine egunje
325	UNK	59.5 5rfan kiasha happy semipermanent showshow i8npmzwuu6d hock favoritied nico
326	UNK	happy 30sh aaaaaaaaaaaahhhhhh bakio frewakin etssss baree you-k-what grafs pikins
327	UNK	roid puberruil impart greenlake stagecoach sued kordess anikah happy thankfull
328	UNK	rebore happy 31:00 wooossshhhh erynne's thaanksrt lighttyy leavening rainnnn aptalƒ±
329	UNK	terbaekk inback happy pumas eeeeejits my7 tossssssssssssssin bath-house alenezi m√§lmo
330	UNK	critter azelia offtosomewhere 22.02 4robbier efdbcf happy emenike's crim sistic
331	UNK	ahmadfathurrr castillo's pewdie's naparsin swaaag rianaaaa rippeeeett happy serunya pyrus
332	UNK	mlintir 318 878 5672 taipei happy roswitha aamiino ilewtdfkpma yeahhay excirsise ciciwidi
333	UNK	kahyongs happy _lukes_bby medina purok degell hyoong fastethernet dirasani iano
334	UNK	601148 sunshiiine beattles mono-y inattention happy bieberholic monogramming sonqq lil'cousin
335	UNK	awakak thingkyu longxxx ferias skjn happy pgd vivian_weiyan mokogwuu maaaaaxxx
336	UNK	highclere wahidah hanarhanar jonts worsenlwlzijnwkz proctologist happy staysafe goodmoaninggg eft's
337	UNK	jambak makahabol yelayelayela vslyoona iinteraction happy 8.20 pantherets zuly deuuhh
338	UNK	hannah_clinger tilawaah x456 cuycuy interim aaaaammmmmmiiiiiiinnnn anthrax narragansett happy rashia
339	UNK	happy 4jc kiwwaa √≠ng 4000kcal 289.99 kimm's kalieeee hotcross dealites
340	UNK	happy interbank lidenfest crd side-chicks thankks rised emcc hollenbeck stoved
341	UNK	iyoooood storymory 202 albert_maldonado happy hwk wonderfulrt bossface mynisha keso
342	UNK	e434 altering kakainlove albumetter aaawwh happy goodmawning bowlera moresexy younified
343	UNK	reenn just.so.cuuuuttttteee pinurple willmington 48,516 illistrator tisiakiss happy chill.my thiss
344	UNK	warmity ooooohhhh esplande happy evrythng.then zhenji wer's beginnen jogeet rm135
345	UNK	yeeeeew annnnndddd swinging evelynyared soyou-ssi yesssirrrr happy 14kt timidity gardendale
346	UNK	happy demiyah legendaryperry snypa_cfc npovegame 8hr gymmmmm gilso t-pushups wemely
347	UNK	happy tyneshia lilmsperfeckt haaatee dimmerding danaes ect.looking ishs production's b2stlies
348	UNK	foooooooooooooooooooorrrr √±an fukirs thift ekhane happy pleeeeasssseee mariiellllaaa shitbrx bbsrc
349	UNK	tempory omgggggggg burrowing lorikeet midwestern's happy 10:11 sjjd iba-budget poo-pooed
350	UNK	awwaking bonding bhajan happy bastiyan xcp's nbii kayziel bangzelo katiecakes
351	UNK	relaz brews happy larrivee guildford dsn janicelli littlelen colty sek'ien
352	UNK	happy broni dacaria abbalemiewens headpones aftrenoon stayong sharakeh grassy betweeen
353	UNK	ratchery 1-994 latvala grrreat novis biostatistics happy rtak atin kcee
354	UNK	stree-free caaaaaaaan't ahahahhaa hotnheavyatl happy ask.gain quan ccalistaaa saveahoe apppp
355	UNK	glenshee zane's rtbingits kefs happy cuentameee m3y honeyinlondon robsiie candiee
356	UNK	ole'illinois posila towh bryee alondr happy youuu.best bf597562 sambilnunjuk xer
357	UNK	loniless hanord Ôæü mamber tqiuu bongeyed depends happy sandwitches oppi
358	UNK	cmmnting whorefax okaythanks happy wellxo myrah_kay ch__l moyra game-go clotheslike
359	UNK	happy mutherfuker ys7enyy saayyy mayflower arieph bion 5exy emilyyfischerr expiriance
360	UNK	foa kvas 7weeer bermaksud 3eggs rescueeeee genriva happy theycchsnged quotenya
361	UNK	nailpatternboldness grateful-got mslan babylock azaha happy white-goo fri-mon tattedd fitnessprincesss
362	UNK	schhhhooolldaaysss igda sayoo koneko dadgummit okiiee cherlydercool happy quron pradyana's
363	UNK	ncourage xx1291 haahahhaa tydo happy chickabee redbones lmfaoooooooort mellow-i-just iams
364	UNK	liaquat's rapp xx151 danial's youre_mybitch √©mulation happy stoning goodaft subscripton
365	UNK	lheue w00t happy -12-2013 tsukaima mhuh opperate informatica minning corbuzier's
366	UNK	happy wasteeeee cumquat ambiwlance you.defeat re-tape chalay kirdy thkyouu illeeehhh
367	UNK	armonies shevons smothering bwhy carla_h playinim happy whhhhhoooooweeee zygro vezes
368	UNK	awritee fifthy all-suites ladie's freeks hasibahhh happy reeses's murder-death-kill dubsss
369	UNK	kayslay happy sukse stroke's kiddios oliviawilde--jason odte guidots heartattach pic.twitter.com/b3y5lwvrbryou're
370	UNK	echoplex revina hllsht bookabutt botello poppib waaavee raldy happy bullfights
371	UNK	requestnya voromahery jouney yyyeeesssssiiirrrrr mayze bbbaaalll happy vingina kater armor
372	UNK	afaaa dunces gurlv decoded powh kalori happy maafff waaaaaaaaaaaaaaay fangirl
373	UNK	phonejacker √°gbajnokok 2fgrs9 no.friends mylovesfamily happy detoured smooche ableton favoriteheck
374	UNK	x934 deyum ballad.just tbhing aaaaaaamen happy gamertage 55-57 sesaat bhp
375	UNK	tuttle mo'times mboli happy shafiza sjrfdr bassier co.uv u-jam jeki
376	UNK	adkadjfalkvgjaslkf irunfromoldmen nomnomnomm robroy awayyy happy so.loud yhhhhhhhhh mistel juvenile's
377	UNK	eluga hehehxx happy waeyo pastime thtas accosted hsrd _123 chenoa
378	UNK	happy asskicker 18033 scrollimg ladt ankydott boozze kkkg 6890 helleva
379	UNK	alwkys favess klumps teamfor sweetdreamsall tamp-a-stamp awkward.inc 9-1 happy shnizzle
380	UNK	nicotinell mghbraa x52377 seairah maddith happy grafts phyllis sineschirmer bagliani
381	UNK	waitingggzzz nooots 1hartz sparta finkn happy pa-shout yupppp hansie ebol
382	UNK	kolaveri mommyish happy tashanoojat m-kay rainshadows mardey 56kg amerigo phooshoot
383	UNK	cayejera waayyyyyyyyy mumzie xmissajia be'idnillah webb misc happy roxiie's eleanor_evelyn
384	UNK	bambishim perpich marijuanaaaaa habibie stress akrong sope's brind happy y5ali9
385	UNK	dekens happy mattimus_prime bezerk bhej id3dini laways progresif aendha cooperlane
386	UNK	imagineee mh's dodied 1,450 wefe keturon comebak syuhaidah happy jalgeum
387	UNK	happy nkilala hosteler madmark silvery shakil characterized jwj bernerd kfcroleplayers
388	UNK	bothof busko lifeaccordingtojimmy munesh r√©servoir happy gratuated nurlins bunnyyou're cringeyyyy
389	UNK	puuhhlleeasseeee 1.99 eeksena tupad celina's packed dutiess happy nayab ta3aly
390	UNK	tkpe.atleast 525,600 tapiboong tannerpatrick celphone sdjknd prefiero raj happy dibalap
391	UNK	kskw simpley jungalicious in-direct funnnnnnyy hsbusbud jeniyah unpaders happy wilsak
392	UNK	fƒçk casablxncxs canaans happy photograph kau.kakaka ÂÆòÁΩë gyahh jambor tamiy
393	UNK	shaynell littln link-https babyfication enyewe umar kagaz fanscaspar happy chianne
394	UNK	odmdklfj gettingstronger happy muaps phewuu appeaer iamwyred fresh-picked purchaseslove creepaa
395	UNK	happy yerps espik iuloveyouuuuuuuu hojaein nickname's tarasavannahh twiiiiiceeee venknvekevk karps
396	UNK	kumakantang happy 7_instant69 tyraa babiesi'm 1969 thia_thio zarrow 3eem saha
397	UNK	nascar's uuuroyce immmmm bolmao umaura errrrthangg happy senora n√©chroub flarda
398	UNK	ndreaaa happy palayo puddled incongruous ignorrin serllymega jodychampers sexxxxyyyy starfih
399	UNK	777 c95yooyoung easiness gtfoooo claaaaaaasssic panaginip summmerr happy floraa rite
400	UNK	blaxicans totting-ham aliezel welindsey b4i happy nurhay 140,000 unquestionably mamicita
401	UNK	hamr happy anthologies lookena yups.no 3035 singt paljaya minionnnnnnn nielsen
402	UNK	strowberry outhea resurrected beautifulnghio aryy happy mieyza re-doing the_dailythirst milkshake
403	UNK	hikhikssss adt zangief happy littlechef 509 smbd-z engelbach rynow supafans
404	UNK	vernettalopez quiggles dunknoo randam happy yuuko waistinh centred intervarsity jizel
405	UNK	barnies happy owooo samexx liason kemet waaji kershaw jetway foreveaaaaa
406	UNK	monqiue hdpsjsjskhdhjd brendel 921 happy ancin indispensable excitedmommy etqa rori
407	UNK	apaann 1016mb shbt happy 15yard kerville jsjsjs lucius alazom margaritasssss
408	UNK	mishala mybrain ilybby smiled.happily neverminds hahahhahahaha happy frauen non-smokers urry
409	UNK	th8a haaksman 3aleek thiughts congrulated happy shaadis arundhu downtalk thaaaanngs
410	UNK	beyen tinular lilrozay happy randomasscam credential re-cap cy-spring vaare cz's
411	UNK	kevan superintending happy adeys josay trampandoo tidooooo havenoo blessx antonia
412	UNK	blacken heavens kunst happy juan-derful l'oreal fuimo 5369 uhummmm off.it
413	UNK	escalating pro-amnesty forbiden banayk voda ushaia tosqa gayuma happy siddiqui
414	UNK	happy √≥w syariff charliza oooooohhhhhh faal kenyon gary o4066 hahahahahilarious
415	UNK	medialle hijabless januay pangalang kedwen's naopen righhhttttt happy ahaaaaaaaaaaaaaaaaaa pree'ers
416	UNK	jakevalentine jantay btb-tv chaz's hhhaaannnn 71e4c12c hamzah's hizze happy swapped
417	UNK	klasmeyt luuuuuvvvv schools.better looping whitney happy regulator rericka horrrr virat's
418	UNK	t5yeli mikesmithlive morenos faaaaaavs listennnnn patientt slackline gargantuan happy murai
419	UNK	2,000+ happy ojahh trums 48197 warrapen whaaaaattttt gecmiyor recirnation dmfnaaaaasty's
420	UNK	happy invisibra tommrow 255d.png swenz louiiiiiiiis sie.kebersihan cheapus umuwi nightsimmer
421	UNK	happy cayt so.it abril scottlyn fllwng renaaa aec deliciousnesssss everydaypasti
422	UNK	wwjt rezoning ouuuuuuns prien lordt happy tylerxxx jadesy ohmyg camel's
423	UNK	drayzz_world najrul fleetly happy thhhx jehee delayota duls hahsa coffeelicious
424	UNK	chabillin üåû radyeen beeba masonnnnnnn wantae happy erpily suaramu ndht
425	UNK	rjf happy solra dilbert musha guaranteeeeeeeeed nagttrabaho accually tom.is ordu
426	UNK	katieegroves waldameer happy rarpopa vibora keerincci ggooooood terion moaanin 17oct
427	UNK	bing's jakada patterned macehh a2oolk happy swagggin brayanna kbeer yerds
428	UNK	laamfoo psychiatrist's babypandas ahabjsskskajjsjsksnsiakskskskskskskdjndksksksmsksuxjxudjej happy chyl overshines hirossifyoureactuallyreadingthisijustwannaletyouknowthatyoureamazingandthatyouarethemostbeautifulboyiveevermetloveu stipper oo1
429	UNK	eliany malabress eveeeeeeeeerrrr zxc meczkowski happy raylo's malori mirrornya ysannamarie
430	UNK	scerrrrrrd alith happy pito's edel's mtfyja apointment molllllys sashayed kenjanik
431	UNK	ciiii 5.57 oand snowboarding happy howeshyen bebold fatchicksbelike mfff tervely
432	UNK	brandis carcetti bowleg nyame happy trackaya bietch guus jirrr zayneybaby
433	UNK	68789 digidestined disregards gambar'x happy anxieties identik morgynn nghia petengene
434	UNK	ollp happy pervssss helpclarity newman luigee rubss glitter-a-peel enterpreneur boulettes
435	UNK	lafonda tuwips ksmith happy 2m theodor adipure laro stella_justemi gej
436	UNK	mousie psyhic 2million k-liber bolpen panirukanga outsidedara happy 9933 ajelan
437	UNK	tackiness happy wellity nizzu lhhhhhhh spds tumblurred ledbury whatsherbutt foodbattlethegame
438	UNK	critoo checkmated followwwing 14-15 happy breasties 11qqq ukey 0935hrs babywe
439	UNK	spoto hayeeee whaaahaaa toooooooom saugus happy roughhhh nonnooonononono presurguery tashir
440	UNK	believetickproj happy sabbath flawe spamstagram newstv scratch shopn letting-gareth cliff-hanger
441	UNK	tours happy aihhhh s3e13 gigting exxilon nicepleas weekend.hope daylow k-ute
442	UNK	awweeeewww heeheh ngayogyakarta stpd thirsttweet suvs leesha happy whooopss heavey
443	UNK	munyi come.together happy kitxhen minasahe munches kryin ys7b ainnobody 5arazo
444	UNK	ppffff waaaaaaaaaitt together.see vagy petrichor happy lotsxxxx beram safeties middleham
445	UNK	akhaf 4x400m jayvieon weeeeeknd hinemans robbie'si fxckalice happy toughy madelyne
446	UNK	ceekret mr.broke nvees viber-ing happy rabelais yeomma sxg matakaw realtouch
447	UNK	hmmmmmme doooong tantyo 080507 happy buchan cherysev megansd snapsnapsnap ketjehfams
448	UNK	everyway vanpiree shabooya awesome's yurrah mataki meiji 2657110 happy away.like
449	UNK	taylorsquared duogon saarrraaa happy dyor thevoiceabscbn ferryyyy x126 fotoos probablyyyyyy
450	UNK	ponoka devisen cuttteeee happy veldddddddd ballinger 9.02 ahahahhahahha oakin alqys
451	UNK	iiiii hehe.eh bakeeeeeeeeer alqadr happy 1368954 melkristine oookkkkay karruche melendi's
452	UNK	semi-circle drea's speargrass you-and bsc latorre happy bedchambers respont scottsports
453	UNK	zhuma funnist top-sider knightcsy geng laurino ioenoooooo wild-n-out happy kenisha's
454	UNK	malaya's talkint succesfulland faidziinn arlon moobew aache idon happy rollsssss
455	UNK	persuaded 4206 happy aquaculture disorientating t3bk outstanding llkl tshele meracau
456	UNK	potatooooooooooooooo lnite nakatayo coro sanƒ±rsam.klibi veves mumus kreative happy athanks
457	UNK	kegencet happy ad7ak stanwyck katok novocane shoniece boyapati cyber-terrorist gyaaaals
458	UNK	happy looped don-don-donut aral kblo whatlmfao meams utama dongon mokler
459	UNK	nigggggassss baslamak everette happy planet's lovadina fuhhhhh jiyong graaade chanyeolfeels
460	UNK	khhud isama scuurrrrrrrddd luzdma fiqry happy errrrrrveryone burston baging mindsss
461	UNK	tanish-pale impeccably happy ofenditee gonan daisykays dublins ridonkulous egocentric muna
462	UNK	syahiran's 1.love back-looks-like withchuuuuu aidfitri comfortableness mmmom apcagos happy mobail
463	UNK	yfu jerseyy happy uuugghhh goodnightttttttt wedleases paragould okayokayyyy starrrrrs adeogo
464	UNK	indiaa pokopang awhard holidazzeeee morropato happy bacoy youuurrr techinical one.send
465	UNK	2wake zombies jeesssus filmmaker throwdatassthursdays reade youcantakeeverythingi'am heuhahahahha happy yeeaayyy
466	UNK	tyas clemenlicious vriet enviously through.it flowerrr kalousek loooooooollllllllllllllllllllllllllllllllllllllllllllllll happy textng
467	UNK	ridesxxxx aelita bosiu happy hanpai 3ayzo anywaysexcited balmorhea jussstttiiiiinnnn dreamshemale
468	UNK	hollllllaaaa joongki freeezinggggg yugiou ms_lala_boo 4,743 saraah_commons happy diffinatly luvdat
469	UNK	ponen 85.5 governonr happy overbord bidas rockstarr semass yskd nginguk
470	UNK	agol krn gaaaahhhhh guhmawnin ryzzamae placeholder d1 happy kebita jffs
471	UNK	seiji cluded happy malbank exorcise iirenester lilsis stinky handia wubby
472	UNK	nkksawa kannada dcan't delaware's rumourmongering ayeende exclusivity happy thaaaaannngggg mocap
473	UNK	sneakercon sleepyday rena-chan squitos freakky hardo's issaq once.wish happy personably
474	UNK	robux prist p-ing 6/16 jerkish grupal jooooon strikeeeeee happy thinnnnk
475	UNK	happy profuse joyus llahhhhh meanit's ubong's folkjust :] mbb cdr
476	UNK	nishu yessshhhh czia fobia crusly courrrse kidsis darkwolfie happy cera's
477	UNK	stefy marvellously alloooooooot laaawwwdddd happy hishof watafak manakin terim subvato
478	UNK	pornnnn happy 2516 o'mine jentelmen bubbala afda valle leahreynoldss nipplyy
479	UNK	marketz willget brosque cutenye manlyhood happy babezzzz oemar intooooo mind-set
480	UNK	makijoin yessssss jlibk uou're kagee day_how happy all-american makksam shnitz
481	UNK	6:58 perviest happy beach.just reilley marcoandmarty hanakimi bigung donita kempot
482	UNK	penya qdxj ibizaaaaaaaaaaaaaaaa catfishers krafty lenyele goodnigth dehhehe happy √®lote
483	UNK	mbaberto 151-152 jourew fahmyfava happy sensualon dr.driving okay.vote thrillers looove
484	UNK	matchers 1000st tepl akquart happy frolic's jimena munchys muthafuckerrrrr itoshisa
485	UNK	yoooooouuuuu bayah happy erman ÏïàÎãà dongwoonie's spanishhhhhh goodish witwiw paki-land
486	UNK	umiem unfollowwd terryana kacyn antik lmfaoi'll happy fooquaan 103:8 capili
487	UNK	werin unfool if0b99aeag1 radcliffe-on-soar happy pirozt achmadpaay serjs t.co/l9xsnurvvy dozers
488	UNK	k-marts happy zebraboink x528305 kick-out kraaaazy thaandi kay-teeee aristizabal joojypn
489	UNK	ganay i'ne rupaul's happy die-yet lenexa mycko 7seet jourdan lesbianrt
490	UNK	lerrus maaall 109days tmrw haahaaaa happy overreached aiyo-ing dermalogica ahoff
491	UNK	todayyyyyyyy happy iphelile afjkjfkdjcnxjbdkl eeeeeeat prv_zinger lums h–∞h–∞ halimz workondispoel
492	UNK	tommoroowwwwww dorklol shaymeful smartelic happy thangssss yogourtland emika topgear's oreoo
493	UNK	shakiest g-a-b-b-y chaney bizzzzzaccccckkkkk poper brickquad drpercyduchamps porriage happy derhh
494	UNK	tct 46kgs ‚òá troco ngucapi invading mwihihihi happy joi kanon's
495	UNK	tamatha b2116 shabba's v√§ster√•s happy interacial otherfor ngƒÅ glandeeee kwena
496	UNK	ranadam hellohyomin alrightxxx peakin kaymo wahwahx_x happy stumpy ajay.it nathan's
497	UNK	happy tinkoff a-vroom kadaisha magdamadzia it√º rc505 holidayys cotonti 8015
498	UNK	_whitlo troxy diunfoll stankyness signals daybefore happy destyhardianti justru dhiraagu
499	UNK	justincrew ewer shiiiiiiiet catfishh telationship pm2 happy behaviourrrrr witherinspoon levato
